dataset,attack,round,client_id,is_byzantine,kappa,semantic_shift,p_fraud_client,p_fraud_global,gradient_dist,flagged_kappa,flagged_gradient,z_score
foursquare,grad-p,0,30,False,-0.0708,0.592,0.038,0.63,6.8057,False,False,0.4632
foursquare,grad-p,0,0,False,-0.0668,0.572,0.058,0.63,5.9225,False,False,0.4637
foursquare,grad-p,0,22,False,0.0,0.63,0.0,0.63,7.6987,False,False,0.4628
foursquare,grad-p,0,31,False,0.0,0.63,0.0,0.63,8.2679,False,False,0.4634
foursquare,grad-p,0,18,False,-0.1003,0.234,0.864,0.63,9.1078,False,False,0.4652
foursquare,grad-p,0,28,False,-0.0473,0.55,0.08,0.63,12.4588,False,False,0.4598
foursquare,grad-p,0,10,False,-0.051,0.388,0.242,0.63,9.4478,False,False,0.4622
foursquare,grad-p,0,70,False,-0.1793,0.366,0.264,0.63,6.1374,True,False,0.4657
foursquare,grad-p,0,4,False,0.0,0.37,1.0,0.63,7.6799,False,False,0.4673
foursquare,grad-p,0,12,False,0.0,0.63,0.0,0.63,6.4457,False,False,0.4635
foursquare,grad-p,0,49,False,-0.0543,0.6,0.03,0.63,10.3025,False,False,0.4608
foursquare,grad-p,0,33,False,0.0,0.63,0.0,0.63,7.3461,False,False,0.4635
foursquare,grad-p,0,67,False,-0.0639,0.564,0.066,0.63,9.9225,False,False,0.4613
foursquare,grad-p,0,35,False,-0.0602,0.594,0.036,0.63,6.8979,False,False,0.4631
foursquare,grad-p,0,68,False,-0.0543,0.6,0.03,0.63,7.8898,False,False,0.4623
foursquare,grad-p,0,45,False,-0.0387,0.362,0.268,0.63,8.7837,False,False,0.4625
foursquare,grad-p,0,81,True,-0.1171,0.23,0.86,0.63,3339.1558,False,False,1.7026
foursquare,grad-p,0,84,True,0.0056,0.362,0.992,0.63,1687.258,False,False,0.6283
foursquare,grad-p,0,85,True,-0.0783,0.554,0.076,0.63,3961.2755,False,True,2.1071
foursquare,grad-p,0,83,True,0.03,0.578,0.052,0.63,5291.5343,False,True,2.9722
foursquare,grad-p,1,23,False,-0.066,0.076,0.042,0.118,14.7878,False,False,0.4843
foursquare,grad-p,1,39,False,0.0,0.118,0.0,0.118,6.7318,False,False,0.4893
foursquare,grad-p,1,69,False,-0.0415,0.094,0.024,0.118,7.173,False,False,0.4889
foursquare,grad-p,1,74,False,0.0,0.118,0.0,0.118,16.987,False,False,0.4839
foursquare,grad-p,1,0,False,-0.061,0.08,0.038,0.118,6.323,False,False,0.4895
foursquare,grad-p,1,1,False,-0.053,0.086,0.032,0.118,10.7003,False,False,0.4874
foursquare,grad-p,1,38,False,0.0,0.118,0.0,0.118,5.5936,False,False,0.4904
foursquare,grad-p,1,45,False,-0.1176,0.196,0.314,0.118,9.5615,False,False,0.4885
foursquare,grad-p,1,72,False,-0.1057,0.426,0.544,0.118,10.8606,False,False,0.4896
foursquare,grad-p,1,63,False,-0.061,0.08,0.038,0.118,12.7433,False,False,0.4856
foursquare,grad-p,1,8,False,0.0,0.118,0.0,0.118,8.219,False,False,0.4895
foursquare,grad-p,1,13,False,0.0,0.118,0.0,0.118,6.3518,False,False,0.4897
foursquare,grad-p,1,15,False,0.0,0.882,1.0,0.118,10.5441,False,False,0.4905
foursquare,grad-p,1,41,False,-0.0635,0.078,0.04,0.118,7.9457,False,False,0.4885
foursquare,grad-p,1,54,False,0.0759,0.026,0.092,0.118,9.6001,False,False,0.4877
foursquare,grad-p,1,5,False,0.0,0.118,0.0,0.118,5.5324,False,False,0.4922
foursquare,grad-p,1,94,True,-0.0766,0.316,0.434,0.118,2928.5643,False,False,1.3232
foursquare,grad-p,1,82,True,-0.0512,0.502,0.62,0.118,4901.6287,False,True,2.548
foursquare,grad-p,1,95,True,-0.0453,0.012,0.106,0.118,3518.8894,False,False,1.6896
foursquare,grad-p,1,96,True,-0.1384,0.56,0.678,0.118,4429.4977,False,True,2.2549
foursquare,grad-p,2,49,False,-0.0292,0.018,0.022,0.04,9.957,False,False,0.4977
foursquare,grad-p,2,43,False,0.0613,0.03,0.07,0.04,5.5663,False,False,0.5018
foursquare,grad-p,2,38,False,0.0,0.04,0.0,0.04,6.2318,False,False,0.5006
foursquare,grad-p,2,46,False,-0.0307,0.37,0.41,0.04,9.8154,False,False,0.4989
foursquare,grad-p,2,79,False,-0.0234,0.024,0.016,0.04,18.6789,False,False,0.4935
foursquare,grad-p,2,24,False,0.0,0.96,1.0,0.04,12.7835,False,False,0.4992
foursquare,grad-p,2,19,False,-0.0696,0.134,0.174,0.04,5.5203,True,False,0.5028
foursquare,grad-p,2,62,False,0.0039,0.006,0.046,0.04,14.1075,False,False,0.4953
foursquare,grad-p,2,56,False,-0.0399,0.366,0.406,0.04,9.9783,False,False,0.4984
foursquare,grad-p,2,73,False,-0.0052,0.016,0.056,0.04,9.1702,False,False,0.498
foursquare,grad-p,2,32,False,0.0,0.04,0.0,0.04,7.8231,False,False,0.4993
foursquare,grad-p,2,77,False,-0.0231,0.248,0.288,0.04,6.632,False,False,0.5011
foursquare,grad-p,2,39,False,-0.0325,0.014,0.026,0.04,7.8248,False,False,0.4992
foursquare,grad-p,2,7,False,-0.0183,0.288,0.328,0.04,6.8563,False,False,0.5008
foursquare,grad-p,2,63,False,-0.0497,0.018,0.058,0.04,12.5462,False,False,0.4962
foursquare,grad-p,2,42,False,-0.0626,0.072,0.112,0.04,6.5486,False,False,0.4999
foursquare,grad-p,2,91,True,-0.0012,0.62,0.66,0.04,4303.6968,False,True,2.056
foursquare,grad-p,2,80,True,-0.0482,0.014,0.054,0.04,3950.027,False,False,1.8456
foursquare,grad-p,2,87,True,0.008,0.414,0.454,0.04,3995.9485,False,False,1.8729
foursquare,grad-p,2,88,True,0.0117,0.792,0.832,0.04,4559.3047,False,True,2.2081
foursquare,grad-p,3,55,False,0.0,0.03,0.0,0.03,23.2217,False,False,0.4881
foursquare,grad-p,3,25,False,0.0,0.03,0.0,0.03,8.2204,False,False,0.4975
foursquare,grad-p,3,10,False,-0.0514,0.102,0.132,0.03,8.3262,True,False,0.4969
foursquare,grad-p,3,19,False,0.0054,0.152,0.182,0.03,5.9122,False,False,0.5011
foursquare,grad-p,3,45,False,-0.0169,0.344,0.374,0.03,8.3162,False,False,0.4971
foursquare,grad-p,3,1,False,-0.0298,0.002,0.028,0.03,9.6572,True,False,0.4955
foursquare,grad-p,3,73,False,-0.0383,0.018,0.048,0.03,8.9043,True,False,0.4962
foursquare,grad-p,3,21,False,0.0089,0.844,0.874,0.03,10.5534,False,False,0.4982
foursquare,grad-p,3,54,False,-0.0446,0.044,0.074,0.03,9.4277,True,False,0.4959
foursquare,grad-p,3,2,False,-0.0287,0.004,0.026,0.03,9.6787,True,False,0.4957
foursquare,grad-p,3,20,False,-0.0329,0.004,0.034,0.03,11.0866,True,False,0.4947
foursquare,grad-p,3,33,False,0.0,0.03,0.0,0.03,7.8856,False,False,0.4977
foursquare,grad-p,3,29,False,0.0,0.03,0.0,0.03,6.4646,False,False,0.4983
foursquare,grad-p,3,62,False,-0.0033,0.042,0.072,0.03,11.6866,False,False,0.4943
foursquare,grad-p,3,7,False,0.0084,0.32,0.35,0.03,6.8004,False,False,0.4992
foursquare,grad-p,3,77,False,-0.0001,0.304,0.334,0.03,6.5556,False,False,0.4995
foursquare,grad-p,3,80,True,0.0005,0.962,0.992,0.03,3915.4514,False,True,2.027
foursquare,grad-p,3,81,True,-0.0421,0.032,0.062,0.03,3514.8348,True,False,1.7681
foursquare,grad-p,3,88,True,0.0,0.03,0.0,0.03,4486.4948,False,True,2.396
foursquare,grad-p,3,95,True,-0.0508,0.094,0.124,0.03,3493.759,True,False,1.7545
foursquare,grad-p,4,47,False,0.0,0.034,0.034,0.0,8.9484,False,False,0.4557
foursquare,grad-p,4,78,False,0.0,0.468,0.468,0.0,7.6623,False,False,0.4564
foursquare,grad-p,4,36,False,0.0,0.232,0.232,0.0,6.3745,False,False,0.4571
foursquare,grad-p,4,51,False,0.0,0.346,0.346,0.0,7.062,False,False,0.4564
foursquare,grad-p,4,44,False,1.0,0.0,0.0,0.0,8.036,False,False,0.4576
foursquare,grad-p,4,13,False,1.0,0.0,0.0,0.0,8.6647,False,False,0.4564
foursquare,grad-p,4,10,False,0.0,0.302,0.302,0.0,8.8589,False,False,0.4554
foursquare,grad-p,4,75,False,0.0,1.0,1.0,0.0,4.6802,False,False,0.46
foursquare,grad-p,4,11,False,0.0,0.184,0.184,0.0,8.2265,False,False,0.4561
foursquare,grad-p,4,24,False,0.0,1.0,1.0,0.0,10.8673,False,False,0.4559
foursquare,grad-p,4,72,False,0.0,0.53,0.53,0.0,7.9799,False,False,0.4565
foursquare,grad-p,4,34,False,0.0,0.206,0.206,0.0,12.563,False,False,0.4533
foursquare,grad-p,4,33,False,1.0,0.0,0.0,0.0,8.9839,False,False,0.4563
foursquare,grad-p,4,45,False,0.0,0.352,0.352,0.0,7.9461,False,False,0.4558
foursquare,grad-p,4,21,False,0.0,1.0,1.0,0.0,8.44,False,False,0.4568
foursquare,grad-p,4,66,False,0.0,0.404,0.404,0.0,5.7244,False,False,0.4578
foursquare,grad-p,4,80,True,0.0,0.816,0.816,0.0,3873.6999,False,False,1.6745
foursquare,grad-p,4,82,True,0.0,0.542,0.542,0.0,4788.9633,False,True,2.1791
foursquare,grad-p,4,90,True,0.0,0.022,0.022,0.0,6246.3092,False,True,2.9825
foursquare,grad-p,4,84,True,0.0,1.0,1.0,0.0,1683.9083,False,False,0.4674
foursquare,grad-p,5,70,False,-0.0158,0.284,0.292,0.008,5.91,True,False,0.4816
foursquare,grad-p,5,25,False,-0.0032,0.006,0.002,0.008,6.6709,False,False,0.4793
foursquare,grad-p,5,14,False,-0.0155,0.15,0.158,0.008,8.7825,True,False,0.4785
foursquare,grad-p,5,40,False,-0.0149,0.082,0.09,0.008,11.6963,True,False,0.4766
foursquare,grad-p,5,73,False,0.0,0.008,0.0,0.008,8.2087,False,False,0.4789
foursquare,grad-p,5,64,False,-0.0149,0.078,0.086,0.008,6.8457,True,False,0.4798
foursquare,grad-p,5,42,False,0.0,0.008,0.0,0.008,5.5487,False,False,0.4804
foursquare,grad-p,5,38,False,-0.0159,0.312,0.32,0.008,6.3223,True,False,0.481
foursquare,grad-p,5,77,False,-0.0007,0.774,0.782,0.008,8.5174,False,False,0.4811
foursquare,grad-p,5,18,False,0.0,0.008,0.0,0.008,6.2755,False,False,0.4798
foursquare,grad-p,5,29,False,-0.0156,0.186,0.194,0.008,6.1759,True,False,0.4804
foursquare,grad-p,5,36,False,0.0,0.992,1.0,0.008,5.7566,False,False,0.4835
foursquare,grad-p,5,75,False,-0.0131,0.026,0.034,0.008,7.8549,True,False,0.4788
foursquare,grad-p,5,69,False,0.0,0.008,0.0,0.008,4.6142,False,False,0.4822
foursquare,grad-p,5,5,False,0.0,0.008,0.0,0.008,18.146,False,False,0.4731
foursquare,grad-p,5,74,True,0.0031,0.622,0.63,0.008,1669.0167,False,False,0.5518
foursquare,grad-p,5,84,True,0.0,0.008,0.0,0.008,3835.4221,False,False,1.897
foursquare,grad-p,5,92,True,0.0006,0.958,0.966,0.008,5306.3438,False,True,2.8103
foursquare,grad-p,5,83,True,0.0033,0.406,0.414,0.008,3898.2293,False,False,1.936
foursquare,grad-p,6,9,False,-0.0112,0.068,0.074,0.006,8.5751,False,False,0.5102
foursquare,grad-p,6,40,False,-0.0115,0.094,0.1,0.006,6.8119,False,False,0.5109
foursquare,grad-p,6,60,False,0.0,0.006,0.0,0.006,4.6712,False,False,0.5137
foursquare,grad-p,6,59,False,0.0,0.006,0.0,0.006,5.402,False,False,0.5119
foursquare,grad-p,6,38,False,0.0,0.006,0.0,0.006,7.1296,False,False,0.5112
foursquare,grad-p,6,8,False,-0.0119,0.296,0.302,0.006,6.5154,False,False,0.5122
foursquare,grad-p,6,77,False,0.0,0.994,1.0,0.006,6.929,False,False,0.5142
foursquare,grad-p,6,4,False,0.0,0.006,0.0,0.006,7.0627,False,False,0.5112
foursquare,grad-p,6,52,False,-0.012,0.392,0.398,0.006,10.4518,False,False,0.5098
foursquare,grad-p,6,56,False,0.0,0.006,0.0,0.006,4.6186,False,False,0.5134
foursquare,grad-p,6,5,False,-0.0102,0.026,0.032,0.006,12.5493,False,False,0.5079
foursquare,grad-p,6,20,False,-0.0105,0.032,0.038,0.006,7.9474,False,False,0.5104
foursquare,grad-p,6,69,False,-0.0111,0.056,0.062,0.006,7.5294,False,False,0.5106
foursquare,grad-p,6,35,False,-0.0118,0.176,0.182,0.006,9.2336,False,False,0.5103
foursquare,grad-p,6,10,False,-0.0105,0.032,0.038,0.006,17.3048,False,False,0.5055
foursquare,grad-p,6,23,True,0.0015,0.886,0.892,0.006,3929.093,False,False,1.6525
foursquare,grad-p,6,85,True,-0.0118,0.216,0.222,0.006,3861.9581,False,False,1.6154
foursquare,grad-p,6,86,True,-0.0112,0.068,0.074,0.006,4545.9511,False,False,1.9929
foursquare,grad-p,6,88,True,0.0012,0.902,0.908,0.006,5288.5999,False,True,2.4027
foursquare,grad-p,7,21,False,0.0037,0.806,0.814,0.008,10.2228,False,False,0.465
foursquare,grad-p,7,29,False,0.0,0.008,0.0,0.008,6.6955,False,False,0.465
foursquare,grad-p,7,0,False,-0.0145,0.06,0.068,0.008,7.413,True,False,0.465
foursquare,grad-p,7,23,False,0.0187,0.104,0.112,0.008,16.3753,False,False,0.4585
foursquare,grad-p,7,11,False,-0.013,0.024,0.032,0.008,7.0806,True,False,0.4643
foursquare,grad-p,7,62,False,0.0199,0.1,0.108,0.008,13.8807,False,False,0.4604
foursquare,grad-p,7,19,False,0.002,0.214,0.222,0.008,6.0722,False,False,0.4677
foursquare,grad-p,7,52,False,0.0,0.008,0.0,0.008,8.8872,False,False,0.4648
foursquare,grad-p,7,41,False,-0.0133,0.028,0.036,0.008,8.524,True,False,0.4634
foursquare,grad-p,7,63,False,-0.013,0.024,0.032,0.008,13.1283,True,False,0.4605
foursquare,grad-p,7,1,False,-0.013,0.024,0.032,0.008,9.1736,True,False,0.4627
foursquare,grad-p,7,72,False,-0.0012,0.532,0.54,0.008,10.0116,False,False,0.4648
foursquare,grad-p,7,56,False,-0.0013,0.264,0.272,0.008,10.1525,False,False,0.4633
foursquare,grad-p,7,22,False,-0.0124,0.018,0.026,0.008,8.1778,True,False,0.4639
foursquare,grad-p,7,38,False,0.0,0.008,0.0,0.008,6.0361,False,False,0.4657
foursquare,grad-p,7,46,False,-0.0073,0.454,0.462,0.008,9.9459,False,False,0.4638
foursquare,grad-p,7,83,True,0.0,0.992,1.0,0.008,5402.94,False,True,2.8213
foursquare,grad-p,7,92,True,-0.0054,0.004,0.004,0.008,3864.8467,False,False,1.8844
foursquare,grad-p,7,88,True,0.0013,0.916,0.924,0.008,4356.0784,False,True,2.1837
foursquare,grad-p,7,84,True,0.0045,0.772,0.78,0.008,1640.4253,False,False,0.5296
foursquare,grad-p,8,79,False,-0.0069,0.002,0.006,0.008,18.0931,False,False,0.4792
foursquare,grad-p,8,17,False,0.0,0.992,1.0,0.008,6.2696,False,False,0.4877
foursquare,grad-p,8,66,False,0.0039,0.394,0.402,0.008,5.9067,False,False,0.4865
foursquare,grad-p,8,45,False,-0.0159,0.354,0.362,0.008,8.9764,True,False,0.4839
foursquare,grad-p,8,16,False,-0.0152,0.104,0.112,0.008,6.2102,True,False,0.4858
foursquare,grad-p,8,44,False,0.0,0.008,0.0,0.008,7.143,False,False,0.4862
foursquare,grad-p,8,64,False,0.0,0.008,0.0,0.008,9.755,False,False,0.4844
foursquare,grad-p,8,8,False,0.0,0.008,0.0,0.008,8.7327,False,False,0.485
foursquare,grad-p,8,36,False,-0.0157,0.204,0.212,0.008,6.2633,True,False,0.4858
foursquare,grad-p,8,18,False,-0.0099,0.642,0.65,0.008,6.8589,False,False,0.4864
foursquare,grad-p,8,58,False,0.0,0.008,0.0,0.008,12.2141,False,False,0.4825
foursquare,grad-p,8,55,False,0.0,0.008,0.0,0.008,21.0462,False,False,0.4777
foursquare,grad-p,8,46,False,-0.016,0.426,0.434,0.008,9.0589,True,False,0.4842
foursquare,grad-p,8,23,False,-0.0134,0.03,0.038,0.008,17.19,True,False,0.4792
foursquare,grad-p,8,34,False,-0.0155,0.156,0.164,0.008,11.8627,True,False,0.4823
foursquare,grad-p,8,72,False,-0.009,0.56,0.568,0.008,9.2059,False,False,0.4848
foursquare,grad-p,8,96,True,0.003,0.624,0.632,0.008,5872.6598,False,True,2.8193
foursquare,grad-p,8,81,True,0.002,0.884,0.892,0.008,3467.9458,False,False,1.4644
foursquare,grad-p,8,93,True,0.0008,0.942,0.95,0.008,4474.3638,False,True,2.0315
foursquare,grad-p,8,95,True,-0.0037,0.64,0.648,0.008,3400.4916,False,False,1.4264
foursquare,grad-p,9,72,False,-0.004,0.542,0.544,0.002,9.1956,True,False,0.4935
foursquare,grad-p,9,77,False,-0.004,0.312,0.314,0.002,5.7624,True,False,0.4948
foursquare,grad-p,9,15,False,0.0,0.998,1.0,0.002,8.2952,False,False,0.4944
foursquare,grad-p,9,0,False,-0.0039,0.09,0.092,0.002,6.7277,True,False,0.4937
foursquare,grad-p,9,12,False,0.0,0.002,0.0,0.002,7.5469,False,False,0.4933
foursquare,grad-p,9,64,False,0.0,0.002,0.0,0.002,8.5301,False,False,0.4932
foursquare,grad-p,9,29,False,0.0,0.002,0.0,0.002,6.7212,False,False,0.4937
foursquare,grad-p,9,26,False,-0.0039,0.062,0.064,0.002,12.3572,True,False,0.4908
foursquare,grad-p,9,31,False,0.0,0.002,0.0,0.002,7.6684,False,False,0.4938
foursquare,grad-p,9,63,False,-0.0038,0.04,0.042,0.002,14.3885,True,False,0.4897
foursquare,grad-p,9,79,False,0.0,0.002,0.0,0.002,21.7765,False,False,0.4862
foursquare,grad-p,9,4,False,0.0,0.998,1.0,0.002,5.9455,False,False,0.4965
foursquare,grad-p,9,61,False,-0.004,0.474,0.476,0.002,6.5437,True,False,0.4945
foursquare,grad-p,9,51,False,-0.004,0.354,0.356,0.002,7.4609,True,False,0.4935
foursquare,grad-p,9,44,False,0.0,0.002,0.0,0.002,6.1577,False,False,0.4947
foursquare,grad-p,9,75,False,0.0,0.998,1.0,0.002,4.8102,False,False,0.4969
foursquare,grad-p,9,83,True,0.0,0.996,0.998,0.002,5063.736,False,True,2.149
foursquare,grad-p,9,99,True,-0.0038,0.044,0.046,0.002,5620.3176,True,True,2.4399
foursquare,grad-p,9,97,True,0.0013,0.748,0.75,0.002,3737.3536,False,False,1.4557
foursquare,grad-p,9,93,True,-0.0038,0.036,0.038,0.002,4488.6607,True,False,1.8484
foursquare,grad-p,10,8,False,1.0,0.0,0.0,0.0,6.7726,False,False,0.487
foursquare,grad-p,10,2,False,0.0,0.026,0.026,0.0,12.3615,False,False,0.4839
foursquare,grad-p,10,4,False,0.0,1.0,1.0,0.0,7.1787,False,False,0.4895
foursquare,grad-p,10,64,False,1.0,0.0,0.0,0.0,7.7286,False,False,0.4864
foursquare,grad-p,10,27,False,1.0,0.0,0.0,0.0,6.277,False,False,0.4873
foursquare,grad-p,10,47,False,0.0,0.03,0.03,0.0,9.4285,False,False,0.4852
foursquare,grad-p,10,73,False,0.0,0.19,0.19,0.0,9.9635,False,False,0.4854
foursquare,grad-p,10,56,False,0.0,0.348,0.348,0.0,10.1777,False,False,0.4856
foursquare,grad-p,10,68,False,0.0,0.044,0.044,0.0,9.6344,False,False,0.4853
foursquare,grad-p,10,38,False,1.0,0.0,0.0,0.0,5.6832,False,False,0.4873
foursquare,grad-p,10,49,False,0.0,0.032,0.032,0.0,11.8638,False,False,0.4842
foursquare,grad-p,10,3,False,0.0,0.39,0.39,0.0,9.3046,False,False,0.4861
foursquare,grad-p,10,19,False,0.0,0.314,0.314,0.0,5.7661,False,False,0.4891
foursquare,grad-p,10,52,False,1.0,0.0,0.0,0.0,6.7392,False,False,0.487
foursquare,grad-p,10,41,False,0.0,0.036,0.036,0.0,9.2881,False,False,0.4854
foursquare,grad-p,10,50,False,0.0,0.064,0.064,0.0,8.7829,False,False,0.4857
foursquare,grad-p,10,95,True,0.0,0.814,0.814,0.0,3390.8076,False,False,1.2053
foursquare,grad-p,10,90,True,0.0,0.798,0.798,0.0,6257.3869,False,True,2.6391
foursquare,grad-p,10,82,True,0.0,0.008,0.008,0.0,5244.0839,False,True,2.1322
foursquare,grad-p,10,88,True,0.0,0.996,0.996,0.0,4586.8821,False,False,1.8036
foursquare,grad-p,11,20,False,-0.0142,0.048,0.056,0.008,12.7712,False,False,0.4495
foursquare,grad-p,11,49,False,-0.0124,0.018,0.026,0.008,11.1049,False,False,0.4506
foursquare,grad-p,11,30,False,-0.0144,0.054,0.062,0.008,7.7727,False,False,0.4523
foursquare,grad-p,11,17,False,0.0,0.99,0.998,0.008,5.8747,False,False,0.4554
foursquare,grad-p,11,73,False,-0.0156,0.176,0.184,0.008,9.2156,False,False,0.4515
foursquare,grad-p,11,43,False,-0.0146,0.062,0.07,0.008,5.6087,False,False,0.4546
foursquare,grad-p,11,0,False,-0.0141,0.046,0.054,0.008,6.643,False,False,0.4532
foursquare,grad-p,11,7,False,-0.0157,0.204,0.212,0.008,5.7282,False,False,0.4539
foursquare,grad-p,11,53,False,0.0,0.008,0.0,0.008,10.1177,False,False,0.4525
foursquare,grad-p,11,10,False,-0.0157,0.224,0.232,0.008,8.4115,False,False,0.4519
foursquare,grad-p,11,54,False,-0.0136,0.034,0.042,0.008,9.9835,False,False,0.4511
foursquare,grad-p,11,46,False,-0.0159,0.396,0.404,0.008,8.747,False,False,0.4521
foursquare,grad-p,11,41,False,-0.0128,0.022,0.03,0.008,9.0485,False,False,0.4516
foursquare,grad-p,11,4,False,0.0,0.992,1.0,0.008,6.0324,False,False,0.4559
foursquare,grad-p,11,76,False,-0.0126,0.02,0.028,0.008,8.1834,False,False,0.452
foursquare,grad-p,11,65,False,0.0,0.992,1.0,0.008,7.6202,False,False,0.4539
foursquare,grad-p,11,96,True,-0.016,0.492,0.5,0.008,6205.1385,False,True,2.904
foursquare,grad-p,11,84,True,-0.0161,0.734,0.742,0.008,1585.9166,False,False,0.4018
foursquare,grad-p,11,92,True,0.0,0.992,1.0,0.008,3671.6893,False,False,1.5317
foursquare,grad-p,11,98,True,-0.0161,0.858,0.866,0.008,5282.9851,False,True,2.4045
foursquare,grad-p,12,45,False,-0.0597,0.13,0.164,0.034,8.5286,False,False,0.5061
foursquare,grad-p,12,72,False,-0.068,0.468,0.502,0.034,8.5847,False,False,0.5071
foursquare,grad-p,12,47,False,-0.0341,0.002,0.032,0.034,9.3935,False,False,0.5054
foursquare,grad-p,12,53,False,0.0,0.034,0.0,0.034,9.9216,False,False,0.5066
foursquare,grad-p,12,40,False,0.0,0.034,0.0,0.034,6.9005,False,False,0.5075
foursquare,grad-p,12,29,False,-0.0644,0.242,0.276,0.034,5.8406,False,False,0.5091
foursquare,grad-p,12,70,False,-0.0372,0.004,0.038,0.034,8.8676,False,False,0.5057
foursquare,grad-p,12,37,False,-0.0629,0.194,0.228,0.034,8.9452,False,False,0.506
foursquare,grad-p,12,10,False,-0.0575,0.102,0.136,0.034,12.4727,False,False,0.5037
foursquare,grad-p,12,28,False,-0.0454,0.026,0.06,0.034,6.5693,False,False,0.5073
foursquare,grad-p,12,0,False,-0.0585,0.41,0.444,0.034,6.2924,False,False,0.5087
foursquare,grad-p,12,66,False,-0.0304,0.008,0.026,0.034,10.386,False,False,0.5053
foursquare,grad-p,12,22,False,-0.0382,0.006,0.04,0.034,13.4723,False,False,0.5029
foursquare,grad-p,12,63,False,-0.0668,0.364,0.398,0.034,8.6541,False,False,0.5064
foursquare,grad-p,12,46,False,0.0,0.966,1.0,0.034,5.3848,False,False,0.511
foursquare,grad-p,12,75,True,-0.0647,0.252,0.286,0.034,4374.6726,False,True,2.1344
foursquare,grad-p,12,93,True,-0.0516,0.456,0.49,0.034,4752.3604,False,True,2.3629
foursquare,grad-p,12,91,True,-0.0377,0.736,0.77,0.034,2885.5686,False,False,1.2336
foursquare,grad-p,12,94,True,-0.069,0.606,0.64,0.034,3934.4487,False,False,1.8681
foursquare,grad-p,13,6,False,0.0469,0.026,0.042,0.016,12.7124,False,False,0.4901
foursquare,grad-p,13,17,False,-0.0022,0.922,0.938,0.016,6.0526,False,False,0.4958
foursquare,grad-p,13,69,False,0.0634,0.016,0.032,0.016,7.8856,False,False,0.4926
foursquare,grad-p,13,66,False,0.0134,0.424,0.44,0.016,5.8869,False,False,0.4947
foursquare,grad-p,13,15,False,0.0001,0.98,0.996,0.016,8.9335,False,False,0.4939
foursquare,grad-p,13,9,False,0.04,0.088,0.104,0.016,8.4196,False,False,0.4925
foursquare,grad-p,13,60,False,0.0144,0.066,0.082,0.016,7.333,False,False,0.493
foursquare,grad-p,13,36,False,-0.0147,0.222,0.238,0.016,5.9294,False,False,0.4941
foursquare,grad-p,13,4,False,0.0,0.984,1.0,0.016,5.9677,False,False,0.4963
foursquare,grad-p,13,5,False,0.0,0.016,0.0,0.016,4.902,False,False,0.4956
foursquare,grad-p,13,59,False,0.0,0.016,0.0,0.016,4.8238,False,False,0.4958
foursquare,grad-p,13,47,False,0.0634,0.016,0.032,0.016,9.3804,False,False,0.4919
foursquare,grad-p,13,20,False,0.0675,0.014,0.03,0.016,12.3298,False,False,0.4903
foursquare,grad-p,13,25,False,-0.0036,0.014,0.002,0.016,6.7988,False,False,0.4935
foursquare,grad-p,13,64,False,0.0,0.016,0.0,0.016,8.698,False,False,0.4929
foursquare,grad-p,13,11,False,0.0109,0.074,0.09,0.016,7.223,False,False,0.4928
foursquare,grad-p,13,98,True,0.0085,0.776,0.792,0.016,5369.3008,False,True,2.3526
foursquare,grad-p,13,82,True,-0.0163,0.0,0.016,0.016,5200.1464,False,True,2.2628
foursquare,grad-p,13,88,True,-0.0021,0.652,0.668,0.016,4376.4755,False,False,1.8256
foursquare,grad-p,13,92,True,0.0022,0.804,0.82,0.016,3677.2452,False,False,1.4545
foursquare,grad-p,14,4,False,0.0,0.974,1.0,0.026,5.6042,False,False,0.5034
foursquare,grad-p,14,61,False,0.0058,0.458,0.484,0.026,6.0177,False,False,0.5015
foursquare,grad-p,14,71,False,0.0993,0.148,0.174,0.026,8.3072,False,False,0.4995
foursquare,grad-p,14,48,False,0.2892,0.0,0.026,0.026,10.1882,False,False,0.4992
foursquare,grad-p,14,56,False,0.0394,0.276,0.302,0.026,8.9213,False,False,0.4994
foursquare,grad-p,14,59,False,0.0,0.026,0.0,0.026,5.7063,False,False,0.5029
foursquare,grad-p,14,39,False,0.1463,0.004,0.022,0.026,8.4085,False,False,0.4998
foursquare,grad-p,14,7,False,0.0948,0.154,0.18,0.026,5.7485,False,False,0.5014
foursquare,grad-p,14,75,False,0.0,0.974,1.0,0.026,4.9037,False,False,0.5038
foursquare,grad-p,14,26,False,0.077,0.118,0.144,0.026,11.2082,False,False,0.4981
foursquare,grad-p,14,40,False,0.2037,0.034,0.06,0.026,16.9387,False,False,0.4952
foursquare,grad-p,14,23,False,0.1826,0.024,0.05,0.026,13.1705,False,False,0.4971
foursquare,grad-p,14,6,False,0.1001,0.038,0.064,0.026,9.0753,False,False,0.4994
foursquare,grad-p,14,50,False,0.077,0.054,0.08,0.026,7.4359,False,False,0.5
foursquare,grad-p,14,35,False,0.0006,0.962,0.988,0.026,7.0676,False,False,0.5014
foursquare,grad-p,14,65,True,0.0061,0.456,0.482,0.026,3796.4758,False,False,1.4363
foursquare,grad-p,14,97,True,-0.0004,0.594,0.62,0.026,3524.7839,False,False,1.2974
foursquare,grad-p,14,81,True,-0.0071,0.596,0.622,0.026,5147.7475,False,True,2.1271
foursquare,grad-p,14,91,True,0.0116,0.604,0.63,0.026,6153.5734,False,True,2.6413
foursquare,grad-p,15,73,False,0.0354,0.22,0.268,0.048,9.2638,False,False,0.4902
foursquare,grad-p,15,62,False,0.0043,0.07,0.118,0.048,13.0486,False,False,0.4877
foursquare,grad-p,15,17,False,0.0047,0.748,0.796,0.048,6.0871,False,False,0.4947
foursquare,grad-p,15,51,False,0.0296,0.364,0.412,0.048,6.384,False,False,0.4922
foursquare,grad-p,15,68,False,0.021,0.022,0.026,0.048,9.5802,False,False,0.49
foursquare,grad-p,15,47,False,0.0931,0.016,0.064,0.048,9.6303,False,False,0.4898
foursquare,grad-p,15,41,False,0.0641,0.016,0.032,0.048,8.9856,False,False,0.4903
foursquare,grad-p,15,8,False,0.0,0.048,0.0,0.048,8.1681,False,False,0.4922
foursquare,grad-p,15,53,False,0.0,0.048,0.0,0.048,9.115,False,False,0.4915
foursquare,grad-p,15,57,False,0.0894,0.154,0.202,0.048,5.0391,False,False,0.4934
foursquare,grad-p,15,3,False,0.0334,0.288,0.336,0.048,7.6518,False,False,0.4912
foursquare,grad-p,15,71,False,-0.0093,0.094,0.142,0.048,8.0729,False,False,0.4909
foursquare,grad-p,15,7,False,0.052,0.326,0.374,0.048,5.484,False,False,0.4931
foursquare,grad-p,15,43,False,0.1157,0.024,0.072,0.048,5.3221,False,False,0.4939
foursquare,grad-p,15,34,False,0.0999,0.098,0.146,0.048,11.3573,False,False,0.4886
foursquare,grad-p,15,36,False,0.1058,0.176,0.224,0.048,5.6924,False,False,0.4928
foursquare,grad-p,15,80,True,0.006,0.896,0.944,0.048,3527.2074,False,False,1.7152
foursquare,grad-p,15,97,True,0.1303,0.166,0.214,0.048,3835.3223,False,False,1.9084
foursquare,grad-p,15,95,True,-0.0074,0.044,0.004,0.048,3322.4043,False,False,1.5868
foursquare,grad-p,15,83,True,0.0,0.952,1.0,0.048,5021.4611,False,True,2.6523
foursquare,grad-p,16,20,False,0.276,0.038,0.044,0.082,11.6241,False,False,0.488
foursquare,grad-p,16,56,False,0.0137,0.208,0.29,0.082,8.4279,False,False,0.4899
foursquare,grad-p,16,36,False,0.0941,0.084,0.166,0.082,6.0785,False,False,0.4915
foursquare,grad-p,16,55,False,0.0,0.082,0.0,0.082,25.0486,False,False,0.4814
foursquare,grad-p,16,16,False,0.1109,0.054,0.136,0.082,5.9103,False,False,0.4916
foursquare,grad-p,16,28,False,0.1358,0.022,0.104,0.082,12.0806,False,False,0.4877
foursquare,grad-p,16,31,False,0.0,0.082,0.0,0.082,8.5258,False,False,0.4911
foursquare,grad-p,16,10,False,0.1275,0.042,0.124,0.082,7.9819,False,False,0.49
foursquare,grad-p,16,15,False,0.0,0.918,1.0,0.082,7.986,False,False,0.4914
foursquare,grad-p,16,41,False,0.246,0.05,0.032,0.082,8.6792,False,False,0.4895
foursquare,grad-p,16,75,False,0.0,0.918,1.0,0.082,5.2422,False,False,0.4942
foursquare,grad-p,16,54,False,0.0451,0.098,0.18,0.082,9.4748,False,False,0.4892
foursquare,grad-p,16,6,False,0.2617,0.044,0.038,0.082,13.4846,False,False,0.4869
foursquare,grad-p,16,58,False,0.0,0.082,0.0,0.082,12.1369,False,False,0.4884
foursquare,grad-p,16,17,False,-0.0499,0.704,0.786,0.082,5.7813,False,False,0.4933
foursquare,grad-p,16,7,False,0.005,0.296,0.378,0.082,5.6207,False,False,0.492
foursquare,grad-p,16,97,True,-0.0459,0.052,0.03,0.082,3890.3248,False,False,1.6264
foursquare,grad-p,16,92,True,0.0528,0.666,0.748,0.082,3489.3611,False,False,1.4077
foursquare,grad-p,16,98,True,-0.0299,0.022,0.104,0.082,5210.3929,False,True,2.3463
foursquare,grad-p,16,82,True,-0.012,0.418,0.5,0.082,5411.0173,False,True,2.4556
foursquare,grad-p,17,27,False,0.0,0.088,0.0,0.088,7.739,False,False,0.4721
foursquare,grad-p,17,36,False,0.0578,0.086,0.174,0.088,5.7513,False,False,0.4721
foursquare,grad-p,17,43,False,0.1046,0.06,0.148,0.088,5.0096,False,False,0.4735
foursquare,grad-p,17,38,False,0.0,0.088,0.0,0.088,6.8522,False,False,0.4721
foursquare,grad-p,17,52,False,0.0,0.088,0.0,0.088,8.1897,False,False,0.4716
foursquare,grad-p,17,18,False,-0.0726,0.518,0.606,0.088,5.7755,True,False,0.4729
foursquare,grad-p,17,46,False,-0.03,0.326,0.414,0.088,8.524,False,False,0.47
foursquare,grad-p,17,16,False,0.1674,0.018,0.106,0.088,5.9637,False,False,0.472
foursquare,grad-p,17,24,False,0.0,0.912,1.0,0.088,9.9097,False,False,0.4708
foursquare,grad-p,17,58,False,0.0361,0.084,0.004,0.088,12.9859,False,False,0.4672
foursquare,grad-p,17,73,False,0.1021,0.062,0.15,0.088,9.9905,False,False,0.4685
foursquare,grad-p,17,65,False,0.0,0.912,1.0,0.088,6.9842,False,False,0.4723
foursquare,grad-p,17,1,False,0.1638,0.02,0.108,0.088,10.8743,False,False,0.4681
foursquare,grad-p,17,19,False,-0.031,0.196,0.284,0.088,4.7331,False,False,0.4748
foursquare,grad-p,17,30,False,0.1737,0.002,0.09,0.088,8.5631,False,False,0.4697
foursquare,grad-p,17,15,False,0.0027,0.898,0.986,0.088,8.047,False,False,0.4717
foursquare,grad-p,17,89,True,-0.021,0.806,0.894,0.088,4100.5994,False,True,2.7158
foursquare,grad-p,17,84,True,-0.0394,0.828,0.916,0.088,1544.5865,False,False,0.7256
foursquare,grad-p,17,94,True,0.0055,0.862,0.95,0.088,2893.232,False,False,1.7757
foursquare,grad-p,17,85,True,0.0008,0.908,0.996,0.088,3595.0193,False,True,2.3221
foursquare,grad-p,18,13,False,0.0,0.046,0.0,0.046,8.0266,False,False,0.4869
foursquare,grad-p,18,48,False,0.5085,0.016,0.03,0.046,8.9232,False,False,0.4861
foursquare,grad-p,18,64,False,0.0,0.046,0.0,0.046,8.6267,False,False,0.4872
foursquare,grad-p,18,12,False,0.0,0.046,0.0,0.046,7.9162,False,False,0.4867
foursquare,grad-p,18,52,False,0.0,0.046,0.0,0.046,7.6498,False,False,0.4879
foursquare,grad-p,18,3,False,0.0348,0.394,0.44,0.046,8.6094,False,False,0.4867
foursquare,grad-p,18,74,False,0.0,0.046,0.0,0.046,17.9526,False,False,0.4812
foursquare,grad-p,18,23,False,0.3581,0.02,0.066,0.046,18.4962,False,False,0.4801
foursquare,grad-p,18,28,False,0.0995,0.214,0.26,0.046,12.4069,False,False,0.484
foursquare,grad-p,18,71,False,0.2586,0.04,0.086,0.046,8.8016,False,False,0.4863
foursquare,grad-p,18,69,False,0.4539,0.016,0.03,0.046,8.5626,False,False,0.4864
foursquare,grad-p,18,0,False,0.3428,0.024,0.07,0.046,6.7662,False,False,0.4876
foursquare,grad-p,18,46,False,0.0526,0.366,0.412,0.046,8.6269,False,False,0.4869
foursquare,grad-p,18,67,False,0.1555,0.112,0.158,0.046,10.0563,False,False,0.4853
foursquare,grad-p,18,56,False,0.0689,0.27,0.316,0.046,8.7736,False,False,0.4865
foursquare,grad-p,18,4,False,0.0,0.954,1.0,0.046,6.6775,False,False,0.4909
foursquare,grad-p,18,85,True,-0.0093,0.342,0.388,0.046,3785.8499,False,False,1.7927
foursquare,grad-p,18,80,True,-0.0464,0.318,0.364,0.046,3419.1988,True,False,1.5715
foursquare,grad-p,18,99,True,0.0099,0.702,0.748,0.046,5520.2756,False,True,2.8395
foursquare,grad-p,18,92,True,0.0172,0.504,0.55,0.046,3421.5967,False,False,1.5729
foursquare,grad-p,19,14,False,0.2624,0.056,0.158,0.102,8.3216,False,False,0.4559
foursquare,grad-p,19,77,False,0.2658,0.16,0.262,0.102,7.0902,False,False,0.4577
foursquare,grad-p,19,31,False,0.0,0.102,0.0,0.102,7.33,False,False,0.4568
foursquare,grad-p,19,1,False,0.3009,0.072,0.03,0.102,10.2211,False,False,0.4541
foursquare,grad-p,19,33,False,0.0,0.102,0.0,0.102,7.2637,False,False,0.4562
foursquare,grad-p,19,50,False,0.3521,0.044,0.058,0.102,8.6809,False,False,0.455
foursquare,grad-p,19,62,False,0.3386,0.006,0.096,0.102,13.486,False,False,0.4522
foursquare,grad-p,19,35,False,0.2948,0.052,0.05,0.102,7.245,False,False,0.4559
foursquare,grad-p,19,76,False,0.3249,0.018,0.084,0.102,7.2483,False,False,0.4558
foursquare,grad-p,19,24,False,0.0,0.898,1.0,0.102,12.2961,False,False,0.4562
foursquare,grad-p,19,58,False,0.0,0.102,0.0,0.102,10.4311,False,False,0.4545
foursquare,grad-p,19,6,False,0.3502,0.06,0.042,0.102,13.0861,False,False,0.4524
foursquare,grad-p,19,37,False,0.3432,0.058,0.044,0.102,8.7716,False,False,0.4549
foursquare,grad-p,19,39,False,0.3306,0.08,0.022,0.102,8.5645,False,False,0.4551
foursquare,grad-p,19,25,False,0.0347,0.1,0.002,0.102,6.9632,False,False,0.4563
foursquare,grad-p,19,29,False,0.1326,0.094,0.008,0.102,5.7111,False,False,0.4566
foursquare,grad-p,19,86,True,0.0178,0.678,0.78,0.102,3565.8163,False,False,1.6072
foursquare,grad-p,19,98,True,-0.0017,0.866,0.968,0.102,5355.1843,False,True,2.645
foursquare,grad-p,19,96,True,0.1132,0.294,0.396,0.102,5338.5221,False,True,2.6353
foursquare,grad-p,19,84,True,0.0786,0.138,0.24,0.102,1481.2777,False,False,0.3982
foursquare,grad-p,20,78,False,0.0834,0.442,0.49,0.048,8.3242,False,False,0.4885
foursquare,grad-p,20,31,False,0.0,0.048,0.0,0.048,6.703,False,False,0.489
foursquare,grad-p,20,59,False,0.0,0.048,0.0,0.048,4.8583,False,False,0.4912
foursquare,grad-p,20,74,False,0.0,0.048,0.0,0.048,18.3123,False,False,0.4825
foursquare,grad-p,20,28,False,0.2349,0.11,0.158,0.048,12.4579,False,False,0.4855
foursquare,grad-p,20,49,False,0.4686,0.022,0.026,0.048,13.0528,False,False,0.4848
foursquare,grad-p,20,6,False,0.4414,0.01,0.038,0.048,12.762,False,False,0.4852
foursquare,grad-p,20,70,False,0.0563,0.206,0.254,0.048,5.9409,False,False,0.4904
foursquare,grad-p,20,44,False,0.0,0.048,0.0,0.048,5.5262,False,False,0.49
foursquare,grad-p,20,43,False,0.1888,0.068,0.116,0.048,5.4168,False,False,0.4904
foursquare,grad-p,20,60,False,0.4666,0.014,0.034,0.048,6.2824,False,False,0.4887
foursquare,grad-p,20,22,False,0.3687,0.024,0.024,0.048,11.0021,False,False,0.4862
foursquare,grad-p,20,26,False,0.2938,0.09,0.138,0.048,11.5557,False,False,0.4858
foursquare,grad-p,20,36,False,0.1859,0.1,0.148,0.048,6.6645,False,False,0.4891
foursquare,grad-p,20,25,False,0.1476,0.044,0.004,0.048,7.1286,False,False,0.4883
foursquare,grad-p,20,63,False,0.3596,0.006,0.054,0.048,13.8231,False,False,0.4845
foursquare,grad-p,20,88,True,0.064,0.01,0.058,0.048,4212.3155,False,False,1.8766
foursquare,grad-p,20,91,True,0.0029,0.64,0.688,0.048,5171.0039,False,True,2.4159
foursquare,grad-p,20,83,True,0.024,0.316,0.364,0.048,5036.4617,False,True,2.3402
foursquare,grad-p,20,94,True,0.1025,0.138,0.186,0.048,2951.5941,False,False,1.1674
foursquare,grad-p,21,23,False,0.3228,0.074,0.088,0.162,18.1529,False,False,0.4928
foursquare,grad-p,21,29,False,0.1226,0.142,0.02,0.162,6.8904,False,False,0.4982
foursquare,grad-p,21,50,False,0.3875,0.078,0.084,0.162,9.3097,False,False,0.497
foursquare,grad-p,21,51,False,0.2447,0.182,0.344,0.162,7.5143,False,False,0.4983
foursquare,grad-p,21,43,False,0.3009,0.08,0.082,0.162,5.3109,False,False,0.4997
foursquare,grad-p,21,33,False,0.0,0.162,0.0,0.162,8.1337,False,False,0.4977
foursquare,grad-p,21,36,False,0.2045,0.026,0.136,0.162,6.018,False,False,0.499
foursquare,grad-p,21,47,False,0.1306,0.126,0.036,0.162,11.1249,False,False,0.4962
foursquare,grad-p,21,57,False,0.1989,0.108,0.27,0.162,5.8304,False,False,0.4995
foursquare,grad-p,21,65,False,0.0203,0.764,0.926,0.162,8.676,False,False,0.499
foursquare,grad-p,21,31,False,0.0,0.162,0.0,0.162,6.8518,False,False,0.4987
foursquare,grad-p,21,60,False,0.1999,0.128,0.034,0.162,6.5884,False,False,0.4983
foursquare,grad-p,21,28,False,0.3195,0.006,0.156,0.162,12.1143,False,False,0.4958
foursquare,grad-p,21,64,False,0.0,0.162,0.0,0.162,7.4993,False,False,0.4982
foursquare,grad-p,21,42,False,0.2819,0.002,0.16,0.162,6.6799,False,False,0.4986
foursquare,grad-p,21,27,False,0.0,0.162,0.0,0.162,6.3695,False,False,0.499
foursquare,grad-p,21,90,True,0.0501,0.296,0.458,0.162,5715.1256,False,True,2.2305
foursquare,grad-p,21,98,True,0.1745,0.054,0.108,0.162,5086.005,False,False,1.9298
foursquare,grad-p,21,88,True,-0.1697,0.6,0.762,0.162,4576.0522,True,False,1.6859
foursquare,grad-p,21,83,True,0.0716,0.548,0.71,0.162,5483.0701,False,True,2.1196
foursquare,grad-p,22,17,False,0.0362,0.746,0.866,0.12,5.8987,False,False,0.4885
foursquare,grad-p,22,47,False,0.24,0.084,0.036,0.12,10.9435,False,False,0.4826
foursquare,grad-p,22,24,False,0.0,0.88,1.0,0.12,10.7205,False,False,0.4855
foursquare,grad-p,22,62,False,0.3532,0.046,0.074,0.12,12.6922,False,False,0.4814
foursquare,grad-p,22,46,False,0.2863,0.242,0.362,0.12,8.2329,False,False,0.4849
foursquare,grad-p,22,52,False,0.0,0.12,0.0,0.12,7.0251,False,False,0.486
foursquare,grad-p,22,33,False,0.0,0.12,0.0,0.12,7.6298,False,False,0.4851
foursquare,grad-p,22,58,False,0.1117,0.112,0.008,0.12,12.8562,False,False,0.4818
foursquare,grad-p,22,3,False,0.2764,0.144,0.264,0.12,7.8324,False,False,0.4848
foursquare,grad-p,22,5,False,0.0,0.12,0.0,0.12,4.8954,False,False,0.4883
foursquare,grad-p,22,70,False,0.1178,0.092,0.212,0.12,5.5475,False,False,0.4875
foursquare,grad-p,22,2,False,0.2517,0.088,0.032,0.12,13.0118,False,False,0.4813
foursquare,grad-p,22,22,False,0.2416,0.094,0.026,0.12,11.18,False,False,0.4827
foursquare,grad-p,22,19,False,0.1024,0.156,0.276,0.12,5.0944,False,False,0.4885
foursquare,grad-p,22,23,False,0.2233,0.078,0.042,0.12,16.0519,False,False,0.4791
foursquare,grad-p,22,28,False,0.2905,0.004,0.124,0.12,12.719,False,False,0.4815
foursquare,grad-p,22,87,True,-0.1047,0.058,0.178,0.12,3303.5363,False,False,1.6681
foursquare,grad-p,22,85,True,0.1924,0.162,0.282,0.12,3721.5222,False,False,1.9412
foursquare,grad-p,22,99,True,0.0825,0.138,0.258,0.12,5066.7,False,True,2.8202
foursquare,grad-p,22,94,True,0.109,0.174,0.294,0.12,2770.4118,False,False,1.3197
foursquare,grad-p,23,69,False,0.3559,0.078,0.024,0.102,8.0781,False,False,0.4842
foursquare,grad-p,23,64,False,0.0,0.102,0.0,0.102,8.048,True,False,0.485
foursquare,grad-p,23,78,False,0.1747,0.394,0.496,0.102,7.4206,False,False,0.485
foursquare,grad-p,23,79,False,0.3046,0.082,0.02,0.102,21.3663,False,False,0.4773
foursquare,grad-p,23,70,False,0.1432,0.154,0.256,0.102,5.4532,False,False,0.4869
foursquare,grad-p,23,57,False,0.2027,0.148,0.25,0.102,5.5901,False,False,0.4863
foursquare,grad-p,23,14,False,0.344,0.008,0.094,0.102,7.5684,False,False,0.4846
foursquare,grad-p,23,47,False,0.3567,0.07,0.032,0.102,9.7864,False,False,0.4832
foursquare,grad-p,23,50,False,0.3195,0.016,0.086,0.102,8.8377,False,False,0.4837
foursquare,grad-p,23,73,False,0.2559,0.04,0.142,0.102,9.8269,False,False,0.4831
foursquare,grad-p,23,43,False,0.2168,0.012,0.09,0.102,5.5321,False,False,0.4868
foursquare,grad-p,23,67,False,0.3723,0.018,0.084,0.102,11.1501,False,False,0.4824
foursquare,grad-p,23,49,False,0.3229,0.078,0.024,0.102,13.2308,False,False,0.4814
foursquare,grad-p,23,59,False,0.0,0.102,0.0,0.102,5.0771,True,False,0.4877
foursquare,grad-p,23,39,False,0.2779,0.084,0.018,0.102,8.9903,False,False,0.484
foursquare,grad-p,23,17,False,0.0233,0.732,0.834,0.102,5.9054,False,False,0.4877
foursquare,grad-p,23,98,True,-0.0186,0.092,0.01,0.102,5258.6718,True,True,2.4319
foursquare,grad-p,23,99,True,0.3105,0.014,0.116,0.102,5330.9988,False,True,2.4721
foursquare,grad-p,23,97,True,-0.0059,0.724,0.826,0.102,3970.7465,True,False,1.7164
foursquare,grad-p,23,94,True,-0.0503,0.222,0.324,0.102,2913.3937,True,False,1.1291
foursquare,grad-p,24,45,False,0.1158,0.296,0.354,0.058,7.4296,False,False,0.4712
foursquare,grad-p,24,66,False,0.0891,0.244,0.302,0.058,5.7595,False,False,0.4739
foursquare,grad-p,24,15,False,0.0012,0.932,0.99,0.058,7.6136,False,False,0.473
foursquare,grad-p,24,78,False,0.0927,0.42,0.478,0.058,6.8144,False,False,0.472
foursquare,grad-p,24,41,False,0.5003,0.024,0.034,0.058,9.9037,False,False,0.4693
foursquare,grad-p,24,69,False,0.5352,0.036,0.022,0.058,9.261,False,False,0.4701
foursquare,grad-p,24,33,False,-0.0203,0.046,0.012,0.058,8.1981,False,False,0.4716
foursquare,grad-p,24,49,False,0.5457,0.024,0.034,0.058,13.3328,False,False,0.4667
foursquare,grad-p,24,26,False,0.2746,0.076,0.134,0.058,11.4647,False,False,0.468
foursquare,grad-p,24,71,False,0.3972,0.004,0.062,0.058,8.1946,False,False,0.4705
foursquare,grad-p,24,3,False,0.1171,0.312,0.37,0.058,7.2146,False,False,0.4712
foursquare,grad-p,24,79,False,0.0,0.058,0.0,0.058,22.9605,False,False,0.4598
foursquare,grad-p,24,72,False,0.105,0.43,0.488,0.058,8.4197,False,False,0.4714
foursquare,grad-p,24,8,False,0.0,0.058,0.0,0.058,7.8597,False,False,0.4727
foursquare,grad-p,24,36,False,0.1261,0.156,0.214,0.058,6.0143,False,False,0.473
foursquare,grad-p,24,70,False,0.094,0.236,0.294,0.058,5.7094,False,False,0.4745
foursquare,grad-p,24,93,True,0.0092,0.582,0.64,0.058,4103.5595,False,True,2.7526
foursquare,grad-p,24,80,True,-0.0174,0.048,0.01,0.058,3217.003,False,True,2.0547
foursquare,grad-p,24,84,True,-0.0729,0.024,0.082,0.058,1458.0392,False,False,0.6699
foursquare,grad-p,24,95,True,0.0354,0.634,0.692,0.058,3213.1801,False,True,2.0517
foursquare,grad-p,25,0,False,0.3886,0.02,0.058,0.038,6.5801,False,False,0.5081
foursquare,grad-p,25,20,False,0.5076,0.0,0.038,0.038,13.7462,False,False,0.5037
foursquare,grad-p,25,21,False,0.0177,0.778,0.816,0.038,7.5289,False,False,0.508
foursquare,grad-p,25,65,False,0.0,0.962,1.0,0.038,6.2636,False,False,0.5088
foursquare,grad-p,25,4,False,0.0,0.962,1.0,0.038,4.7272,False,False,0.5112
foursquare,grad-p,25,10,False,0.1783,0.1,0.138,0.038,8.4353,False,False,0.5068
foursquare,grad-p,25,11,False,0.2311,0.056,0.094,0.038,8.3029,False,False,0.5071
foursquare,grad-p,25,29,False,0.3559,0.022,0.016,0.038,7.8435,False,False,0.5076
foursquare,grad-p,25,38,False,-0.0186,0.026,0.012,0.038,7.0599,False,False,0.5085
foursquare,grad-p,25,56,False,0.0865,0.3,0.338,0.038,8.5735,False,False,0.5067
foursquare,grad-p,25,17,False,-0.0082,0.844,0.882,0.038,4.812,False,False,0.5105
foursquare,grad-p,25,2,False,0.5015,0.014,0.024,0.038,13.482,False,False,0.5039
foursquare,grad-p,25,15,False,0.0052,0.9,0.938,0.038,7.0854,False,False,0.5084
foursquare,grad-p,25,77,False,0.0681,0.404,0.442,0.038,5.0658,False,False,0.5094
foursquare,grad-p,25,44,False,0.0,0.038,0.0,0.038,6.6695,False,False,0.5093
foursquare,grad-p,25,40,True,-0.0395,0.0,0.038,0.038,4026.9532,False,False,1.879
foursquare,grad-p,25,86,True,0.0529,0.042,0.08,0.038,5099.1582,False,True,2.5157
foursquare,grad-p,25,83,True,0.0462,0.318,0.356,0.038,3907.997,False,False,1.8084
foursquare,grad-p,25,89,True,0.0285,0.264,0.302,0.038,3245.3537,False,False,1.4148
foursquare,grad-p,26,40,False,0.3741,0.05,0.016,0.066,8.1245,False,False,0.4969
foursquare,grad-p,26,25,False,0.3323,0.004,0.062,0.066,8.2807,False,False,0.4963
foursquare,grad-p,26,76,False,0.5091,0.02,0.046,0.066,13.6331,False,False,0.4932
foursquare,grad-p,26,6,False,0.0785,0.168,0.234,0.066,5.2834,False,False,0.4988
foursquare,grad-p,26,77,False,0.2256,0.096,0.162,0.066,6.492,False,False,0.4975
foursquare,grad-p,26,42,False,0.1126,0.128,0.194,0.066,9.9046,False,False,0.4952
foursquare,grad-p,26,67,False,0.0,0.066,0.0,0.066,5.2025,False,False,0.4997
foursquare,grad-p,26,5,False,0.1076,0.062,0.004,0.066,11.4832,False,False,0.4949
foursquare,grad-p,26,22,False,0.2422,0.086,0.152,0.066,11.3601,False,False,0.4945
foursquare,grad-p,26,34,False,0.0,0.066,0.0,0.066,8.217,False,False,0.4969
foursquare,grad-p,26,33,False,0.1804,0.17,0.236,0.066,7.7332,False,False,0.4966
foursquare,grad-p,26,3,False,0.1044,0.46,0.526,0.066,7.4207,False,False,0.4973
foursquare,grad-p,26,78,False,0.4727,0.024,0.09,0.066,8.5828,False,False,0.496
foursquare,grad-p,26,50,False,0.0434,0.53,0.596,0.066,6.5021,False,False,0.4986
foursquare,grad-p,26,18,False,-0.018,0.872,0.938,0.066,6.0063,False,False,0.4999
foursquare,grad-p,26,17,True,0.0088,0.818,0.884,0.066,5961.5039,False,True,2.8668
foursquare,grad-p,26,90,True,-0.077,0.564,0.63,0.066,3210.064,False,False,1.3122
foursquare,grad-p,26,87,True,0.0057,0.866,0.932,0.066,3811.3742,False,False,1.6519
foursquare,grad-p,26,97,True,0.0,0.066,0.0,0.066,3756.9261,False,False,1.6212
foursquare,grad-p,27,78,False,0.0422,0.448,0.506,0.058,6.6432,False,False,0.4736
foursquare,grad-p,27,10,False,0.0827,0.234,0.292,0.058,7.717,False,False,0.4727
foursquare,grad-p,27,28,False,0.1073,0.216,0.274,0.058,12.8557,False,False,0.4701
foursquare,grad-p,27,25,False,0.3295,0.046,0.012,0.058,8.3262,False,False,0.473
foursquare,grad-p,27,66,False,0.0892,0.326,0.384,0.058,5.4122,False,False,0.4746
foursquare,grad-p,27,58,False,0.1225,0.054,0.004,0.058,14.1223,False,False,0.4701
foursquare,grad-p,27,70,False,0.1066,0.236,0.294,0.058,5.1462,False,False,0.4751
foursquare,grad-p,27,15,False,0.0092,0.872,0.93,0.058,7.8412,False,False,0.4739
foursquare,grad-p,27,1,False,0.3278,0.026,0.032,0.058,10.9368,False,False,0.471
foursquare,grad-p,27,50,False,0.202,0.038,0.096,0.058,9.1458,False,False,0.472
foursquare,grad-p,27,63,False,0.2812,0.004,0.054,0.058,13.5911,False,False,0.4697
foursquare,grad-p,27,45,False,0.0872,0.268,0.326,0.058,7.1347,False,False,0.4729
foursquare,grad-p,27,31,False,0.0,0.058,0.0,0.058,7.567,False,False,0.4739
foursquare,grad-p,27,33,False,0.0,0.058,0.0,0.058,8.5648,False,False,0.4729
foursquare,grad-p,27,4,False,0.0,0.942,1.0,0.058,5.7143,False,False,0.4762
foursquare,grad-p,27,46,False,0.037,0.358,0.416,0.058,8.2955,False,False,0.4726
foursquare,grad-p,27,94,True,-0.0171,0.15,0.208,0.058,2836.9848,False,False,0.9494
foursquare,grad-p,27,82,True,0.0847,0.042,0.1,0.058,5448.1277,False,True,2.2625
foursquare,grad-p,27,96,True,-0.0098,0.618,0.676,0.058,6633.5489,False,True,2.8586
foursquare,grad-p,27,97,True,0.0,0.942,1.0,0.058,3919.9659,False,False,1.494
foursquare,grad-p,28,9,False,0.1285,0.128,0.164,0.036,8.1774,False,False,0.5026
foursquare,grad-p,28,67,False,0.293,0.038,0.074,0.036,10.0682,False,False,0.5011
foursquare,grad-p,28,76,False,0.3372,0.026,0.062,0.036,8.6579,False,False,0.5024
foursquare,grad-p,28,70,False,0.0587,0.232,0.268,0.036,5.5526,False,False,0.5056
foursquare,grad-p,28,2,False,0.5011,0.01,0.026,0.036,12.114,False,False,0.4998
foursquare,grad-p,28,3,False,0.084,0.344,0.38,0.036,8.3359,False,False,0.5027
foursquare,grad-p,28,22,False,0.3211,0.024,0.012,0.036,11.459,False,False,0.5007
foursquare,grad-p,28,75,False,0.0,0.964,1.0,0.036,5.3293,False,False,0.5077
foursquare,grad-p,28,49,False,0.4837,0.008,0.028,0.036,12.271,False,False,0.4997
foursquare,grad-p,28,40,False,0.1349,0.264,0.3,0.036,5.8026,False,False,0.5048
foursquare,grad-p,28,7,False,-0.0133,0.028,0.008,0.036,8.0731,False,False,0.5031
foursquare,grad-p,28,33,False,0.032,0.582,0.618,0.036,6.581,False,False,0.5051
foursquare,grad-p,28,18,False,0.4674,0.006,0.03,0.036,9.7313,False,False,0.5014
foursquare,grad-p,28,37,False,0.0788,0.358,0.394,0.036,6.7029,False,False,0.5036
foursquare,grad-p,28,51,False,0.0,0.036,0.0,0.036,7.9429,False,False,0.5036
foursquare,grad-p,28,64,True,0.0009,0.952,0.988,0.036,3177.7412,False,False,1.5708
foursquare,grad-p,28,87,True,-0.0624,0.124,0.16,0.036,3205.191,False,False,1.5888
foursquare,grad-p,28,80,True,0.0288,0.006,0.03,0.036,3287.1215,False,False,1.6424
foursquare,grad-p,28,95,True,0.0031,0.764,0.8,0.036,4966.9351,False,True,2.7417
foursquare,grad-p,29,65,False,0.0011,0.944,0.956,0.012,6.866,False,False,0.4902
foursquare,grad-p,29,79,False,0.5655,0.004,0.016,0.012,23.3502,False,False,0.4795
foursquare,grad-p,29,66,False,0.0338,0.402,0.414,0.012,5.4154,False,False,0.4907
foursquare,grad-p,29,49,False,0.4671,0.018,0.03,0.012,10.8021,False,False,0.4867
foursquare,grad-p,29,54,False,0.158,0.112,0.124,0.012,10.0671,False,False,0.487
foursquare,grad-p,29,4,False,0.0,0.988,1.0,0.012,5.2895,False,False,0.4927
foursquare,grad-p,29,58,False,0.0,0.012,0.0,0.012,13.9129,False,False,0.4855
foursquare,grad-p,29,78,False,0.0254,0.474,0.486,0.012,6.9998,False,False,0.4893
foursquare,grad-p,29,41,False,0.4246,0.022,0.034,0.012,9.7399,False,False,0.4874
foursquare,grad-p,29,69,False,0.241,0.054,0.066,0.012,8.5388,False,False,0.4882
foursquare,grad-p,29,67,False,0.0813,0.172,0.184,0.012,10.4368,False,False,0.4868
foursquare,grad-p,29,36,False,0.0792,0.176,0.188,0.012,6.2573,False,False,0.49
foursquare,grad-p,29,28,False,0.0636,0.258,0.27,0.012,12.8105,False,False,0.4852
foursquare,grad-p,29,73,False,0.1483,0.096,0.108,0.012,9.5156,False,False,0.4873
foursquare,grad-p,29,61,False,0.0281,0.448,0.46,0.012,6.0149,False,False,0.4902
foursquare,grad-p,29,59,False,0.0,0.012,0.0,0.012,5.7473,False,False,0.4921
foursquare,grad-p,29,89,True,0.0009,0.954,0.966,0.012,3947.2117,False,False,1.9285
foursquare,grad-p,29,80,True,-0.0043,0.394,0.406,0.012,3204.4872,False,False,1.4727
foursquare,grad-p,29,99,True,-0.0162,0.5,0.512,0.012,5279.3832,False,True,2.7461
foursquare,grad-p,29,85,True,-0.0048,0.818,0.83,0.012,3511.8756,False,False,1.6614
foursquare,spf,0,30,False,-0.0309,0.692,0.05,0.742,6.9519,False,False,0.2686
foursquare,spf,0,0,False,-0.0323,0.67,0.072,0.742,5.7135,False,False,0.2188
foursquare,spf,0,22,False,0.0,0.742,0.0,0.742,8.053,False,False,0.3985
foursquare,spf,0,31,False,0.0,0.742,0.0,0.742,7.9232,False,False,0.0558
foursquare,spf,0,18,False,0.1961,0.02,0.762,0.742,7.8987,False,False,1.2395
foursquare,spf,0,28,False,-0.0544,0.612,0.13,0.742,11.6454,False,False,1.7463
foursquare,spf,0,10,False,0.0117,0.434,0.308,0.742,8.2463,False,False,0.3754
foursquare,spf,0,70,False,0.1329,0.386,0.356,0.742,5.3375,False,False,1.5819
foursquare,spf,0,4,False,0.0,0.258,1.0,0.742,7.6308,False,True,2.2685
foursquare,spf,0,12,False,-0.012,0.736,0.006,0.742,6.7635,False,False,0.0044
foursquare,spf,0,49,False,-0.0433,0.718,0.024,0.742,8.1703,False,False,0.7607
foursquare,spf,0,33,False,0.0,0.742,0.0,0.742,7.0066,False,False,0.1094
foursquare,spf,0,67,False,-0.0524,0.65,0.092,0.742,9.5105,False,False,1.0024
foursquare,spf,0,35,False,-0.045,0.68,0.062,0.742,6.4995,False,False,0.1121
foursquare,spf,0,68,False,-0.0474,0.716,0.026,0.742,7.4057,False,False,0.3848
foursquare,spf,0,45,False,0.0837,0.386,0.356,0.742,8.4658,False,False,0.4583
foursquare,spf,0,81,True,0.0,0.742,0.0,0.742,8.2349,False,False,0.2137
foursquare,spf,0,84,True,0.0,0.258,1.0,0.742,8.6977,False,False,1.859
foursquare,spf,0,85,True,0.0982,0.272,0.47,0.742,9.9526,False,False,0.2755
foursquare,spf,0,83,True,0.0186,0.51,0.232,0.742,10.9215,False,False,1.3413
foursquare,spf,1,23,False,-0.0495,0.614,0.054,0.668,16.5297,False,True,2.8918
foursquare,spf,1,39,False,-0.0404,0.648,0.02,0.668,5.8946,False,False,0.3782
foursquare,spf,1,69,False,-0.0466,0.642,0.026,0.668,6.6631,False,False,0.1687
foursquare,spf,1,74,False,0.0,0.668,0.0,0.668,11.0079,False,False,0.8453
foursquare,spf,1,0,False,-0.0333,0.604,0.064,0.668,7.0298,False,False,0.6065
foursquare,spf,1,1,False,-0.0489,0.632,0.036,0.668,8.9974,False,False,0.5601
foursquare,spf,1,38,False,0.0,0.668,0.0,0.668,5.1448,False,False,0.8259
foursquare,spf,1,45,False,0.1132,0.264,0.404,0.668,8.7324,False,False,0.0026
foursquare,spf,1,72,False,0.1178,0.198,0.47,0.668,10.8384,False,False,0.5513
foursquare,spf,1,63,False,-0.0068,0.554,0.114,0.668,12.4201,False,False,1.5777
foursquare,spf,1,8,False,0.0,0.668,0.0,0.668,7.6186,False,False,0.4211
foursquare,spf,1,13,False,0.0,0.668,0.0,0.668,6.5099,False,False,0.2932
foursquare,spf,1,15,False,0.0,0.332,1.0,0.668,10.4679,False,False,1.0952
foursquare,spf,1,41,False,-0.0468,0.636,0.032,0.668,7.2237,False,False,0.1638
foursquare,spf,1,54,False,-0.054,0.6,0.068,0.668,8.4939,False,False,0.2577
foursquare,spf,1,5,False,0.0,0.668,0.0,0.668,5.2465,False,False,1.8986
foursquare,spf,1,94,True,0.0979,0.304,0.972,0.668,10.8696,False,False,0.804
foursquare,spf,1,82,True,-0.0488,0.638,0.03,0.668,10.7434,False,False,0.7136
foursquare,spf,1,95,True,-0.0509,0.634,0.034,0.668,6.8698,False,False,0.3579
foursquare,spf,1,96,True,0.0,0.668,0.0,0.668,9.6098,False,False,0.3879
foursquare,spf,2,49,False,-0.0483,0.546,0.024,0.57,9.4038,False,False,0.6548
foursquare,spf,2,43,False,0.0501,0.454,0.116,0.57,5.9004,False,False,1.4353
foursquare,spf,2,38,False,0.0,0.57,0.0,0.57,5.1048,False,False,0.7632
foursquare,spf,2,46,False,0.1772,0.162,0.408,0.57,9.9723,False,False,0.1192
foursquare,spf,2,79,False,0.0,0.57,0.0,0.57,15.2434,False,False,1.9847
foursquare,spf,2,24,False,0.0,0.43,1.0,0.57,13.6503,False,False,0.1961
foursquare,spf,2,19,False,0.3502,0.236,0.334,0.57,6.2875,False,False,1.9061
foursquare,spf,2,62,False,-0.0494,0.528,0.042,0.57,13.0203,False,False,1.6253
foursquare,spf,2,56,False,0.2033,0.246,0.324,0.57,10.2738,False,False,0.2286
foursquare,spf,2,73,False,-0.02,0.462,0.108,0.57,9.2793,False,False,0.4437
foursquare,spf,2,32,False,-0.0483,0.546,0.024,0.57,6.7498,False,False,0.1294
foursquare,spf,2,77,False,0.1274,0.346,0.224,0.57,6.0837,False,False,1.2892
foursquare,spf,2,39,False,-0.0402,0.55,0.02,0.57,6.5488,False,False,0.2402
foursquare,spf,2,7,False,0.2211,0.24,0.33,0.57,6.7825,False,False,1.0002
foursquare,spf,2,63,False,-0.0636,0.528,0.042,0.57,13.0755,False,False,1.7306
foursquare,spf,2,42,False,0.0209,0.482,0.088,0.57,6.2237,False,False,0.5268
foursquare,spf,2,91,True,0.0,0.57,0.0,0.57,9.8152,False,False,0.4172
foursquare,spf,2,80,True,0.0,0.57,0.0,0.57,8.4327,False,False,0.006
foursquare,spf,2,87,True,0.0,0.57,0.0,0.57,8.6019,False,False,0.0501
foursquare,spf,2,88,True,-0.0565,0.528,0.042,0.57,9.8788,False,False,0.4768
foursquare,spf,3,55,False,0.0,0.466,0.0,0.466,13.6341,False,False,1.7705
foursquare,spf,3,25,False,0.0,0.466,0.0,0.466,6.6948,False,False,0.4819
foursquare,spf,3,10,False,0.1206,0.262,0.204,0.466,8.5963,False,False,0.0952
foursquare,spf,3,19,False,0.3043,0.132,0.334,0.466,6.6703,False,True,2.2255
foursquare,spf,3,45,False,0.0887,0.122,0.344,0.466,9.0611,False,False,0.1296
foursquare,spf,3,1,False,-0.0518,0.44,0.026,0.466,8.7069,False,False,0.6439
foursquare,spf,3,73,False,0.0211,0.318,0.148,0.466,8.7088,False,False,0.3682
foursquare,spf,3,21,False,0.0,0.534,1.0,0.466,10.8989,False,False,0.9255
foursquare,spf,3,54,False,0.0122,0.322,0.144,0.466,8.9177,False,False,0.5791
foursquare,spf,3,2,False,-0.0478,0.442,0.024,0.466,10.1525,False,False,1.0054
foursquare,spf,3,20,False,-0.0472,0.438,0.028,0.466,10.7236,False,False,1.3199
foursquare,spf,3,33,False,0.0,0.466,0.0,0.466,6.4946,False,False,0.5744
foursquare,spf,3,29,False,0.0,0.466,0.0,0.466,5.5346,False,False,0.7298
foursquare,spf,3,62,False,0.0121,0.352,0.114,0.466,12.2294,False,False,1.6159
foursquare,spf,3,7,False,0.2656,0.15,0.316,0.466,7.5871,False,False,1.085
foursquare,spf,3,77,False,0.252,0.084,0.382,0.466,6.5555,False,False,1.49
foursquare,spf,3,80,True,0.0,0.466,0.0,0.466,9.1191,False,False,0.1044
foursquare,spf,3,81,True,-0.016,0.458,0.008,0.466,7.9962,False,False,0.1547
foursquare,spf,3,88,True,-0.0585,0.428,0.038,0.466,9.602,False,False,0.373
foursquare,spf,3,95,True,-0.0347,0.44,0.026,0.466,7.4292,False,False,0.3384
foursquare,spf,4,47,False,-0.0498,0.29,0.032,0.322,8.9342,False,False,0.6627
foursquare,spf,4,78,False,0.1576,0.154,0.476,0.322,7.7666,False,False,0.0191
foursquare,spf,4,36,False,0.0556,0.126,0.196,0.322,6.0657,False,False,0.3998
foursquare,spf,4,51,False,0.2805,0.024,0.298,0.322,6.8792,False,False,0.0912
foursquare,spf,4,44,False,0.0,0.322,0.0,0.322,7.2165,False,False,0.7677
foursquare,spf,4,13,False,0.0,0.322,0.0,0.322,7.5742,False,False,0.1
foursquare,spf,4,10,False,0.2338,0.112,0.21,0.322,7.6504,False,False,0.39
foursquare,spf,4,75,False,0.0,0.678,1.0,0.322,4.9659,False,True,2.4303
foursquare,spf,4,11,False,-0.0314,0.306,0.016,0.322,7.6144,False,False,0.1607
foursquare,spf,4,24,False,0.0,0.678,1.0,0.322,11.6062,False,False,0.2826
foursquare,spf,4,72,False,0.1298,0.168,0.49,0.322,8.3379,False,False,0.1729
foursquare,spf,4,34,False,0.0833,0.154,0.168,0.322,11.2237,False,False,1.5902
foursquare,spf,4,33,False,0.0,0.322,0.0,0.322,8.1336,False,False,0.002
foursquare,spf,4,45,False,0.2654,0.064,0.258,0.322,7.5071,False,False,0.3399
foursquare,spf,4,21,False,0.0,0.678,1.0,0.322,8.808,False,False,0.3976
foursquare,spf,4,66,False,0.114,0.086,0.408,0.322,5.2102,False,False,1.0858
foursquare,spf,4,80,True,0.0,0.322,0.0,0.322,10.1217,False,False,0.5078
foursquare,spf,4,82,True,-0.0491,0.284,0.038,0.322,10.6867,False,False,1.3289
foursquare,spf,4,90,True,-0.0423,0.294,0.028,0.322,12.667,False,False,1.9148
foursquare,spf,4,84,True,0.0,0.678,1.0,0.322,6.9229,False,False,1.7109
foursquare,spf,5,70,False,0.2815,0.064,0.214,0.278,5.1664,False,False,1.0901
foursquare,spf,5,25,False,0.0,0.278,0.0,0.278,6.0381,False,False,0.16
foursquare,spf,5,14,False,0.0628,0.212,0.066,0.278,8.0719,False,False,0.5822
foursquare,spf,5,40,False,0.0506,0.164,0.114,0.278,10.2545,False,False,1.3464
foursquare,spf,5,73,False,0.0,0.278,0.0,0.278,8.2159,False,False,0.7376
foursquare,spf,5,64,False,0.0456,0.182,0.096,0.278,6.3604,False,False,0.09
foursquare,spf,5,42,False,0.0,0.278,0.0,0.278,5.2887,False,False,0.1643
foursquare,spf,5,38,False,0.2558,0.028,0.306,0.278,5.4765,False,False,0.8018
foursquare,spf,5,77,False,0.2693,0.298,0.576,0.278,7.8333,False,False,0.7301
foursquare,spf,5,18,False,0.0,0.278,0.0,0.278,5.7319,False,False,0.0024
foursquare,spf,5,29,False,0.056,0.05,0.228,0.278,5.7676,False,False,0.256
foursquare,spf,5,36,False,0.0,0.722,1.0,0.278,5.8685,False,True,2.062
foursquare,spf,5,75,False,-0.0499,0.252,0.026,0.278,6.8693,False,False,0.3315
foursquare,spf,5,69,False,0.0,0.278,0.0,0.278,4.2955,False,False,1.2754
foursquare,spf,5,5,False,0.0,0.278,0.0,0.278,10.6087,False,False,1.4936
foursquare,spf,5,74,True,0.0,0.722,1.0,0.278,8.2615,False,False,1.3642
foursquare,spf,5,84,True,0.0,0.278,0.0,0.278,8.2393,False,False,0.7228
foursquare,spf,5,92,True,0.0244,0.17,0.108,0.278,11.6721,False,False,1.6946
foursquare,spf,5,83,True,0.1677,0.2,0.478,0.278,9.8795,False,False,0.5826
foursquare,spf,6,9,False,0.061,0.118,0.082,0.2,8.1267,False,False,0.156
foursquare,spf,6,40,False,-0.0413,0.178,0.022,0.2,6.3202,False,False,0.0847
foursquare,spf,6,60,False,0.0,0.2,0.0,0.2,4.9307,False,False,1.5005
foursquare,spf,6,59,False,0.0,0.2,0.0,0.2,5.3033,False,False,0.5235
foursquare,spf,6,38,False,0.0,0.2,0.0,0.2,7.3287,False,False,0.134
foursquare,spf,6,8,False,0.252,0.144,0.344,0.2,6.0476,False,False,0.8974
foursquare,spf,6,77,False,0.0,0.8,1.0,0.2,7.0468,False,False,1.8265
foursquare,spf,6,4,False,0.0,0.2,0.0,0.2,7.5276,False,False,0.107
foursquare,spf,6,52,False,0.2326,0.166,0.366,0.2,10.0704,False,False,0.4583
foursquare,spf,6,56,False,0.0,0.2,0.0,0.2,4.7923,False,False,1.3944
foursquare,spf,6,5,False,-0.0482,0.174,0.026,0.2,9.4046,False,False,0.8854
foursquare,spf,6,20,False,-0.0517,0.172,0.028,0.2,7.2521,False,False,0.0893
foursquare,spf,6,69,False,0.0096,0.116,0.084,0.2,7.2368,False,False,0.0508
foursquare,spf,6,35,False,0.2585,0.096,0.296,0.2,8.325,False,False,0.1425
foursquare,spf,6,10,False,-0.0289,0.164,0.036,0.2,16.3438,False,True,2.8003
foursquare,spf,6,23,True,0.1883,0.21,0.41,0.2,9.7803,False,False,0.2651
foursquare,spf,6,85,True,-0.0413,0.178,0.022,0.2,7.6999,False,False,0.1458
foursquare,spf,6,86,True,-0.0357,0.16,0.04,0.2,9.4181,False,False,0.5357
foursquare,spf,6,88,True,-0.0323,0.162,0.038,0.2,11.1373,False,False,1.0405
foursquare,spf,7,21,False,0.0235,0.766,0.902,0.136,10.416,False,False,0.6453
foursquare,spf,7,29,False,-0.004,0.134,0.002,0.136,6.1483,False,False,0.5797
foursquare,spf,7,0,False,-0.0474,0.092,0.044,0.136,5.9616,False,False,0.6243
foursquare,spf,7,23,False,-0.0417,0.096,0.04,0.136,14.7546,False,True,2.2143
foursquare,spf,7,11,False,0.0291,0.054,0.082,0.136,6.6649,False,False,0.2563
foursquare,spf,7,62,False,0.1309,0.032,0.104,0.136,12.6074,False,False,1.5097
foursquare,spf,7,19,False,0.301,0.196,0.332,0.136,6.2492,False,False,1.8831
foursquare,spf,7,52,False,0.0,0.136,0.0,0.136,8.2062,False,False,0.3576
foursquare,spf,7,41,False,-0.0357,0.1,0.036,0.136,7.2634,False,False,0.0093
foursquare,spf,7,63,False,0.0081,0.068,0.068,0.136,12.904,False,False,1.6387
foursquare,spf,7,1,False,-0.0517,0.106,0.03,0.136,8.9211,False,False,0.502
foursquare,spf,7,72,False,0.1486,0.4,0.536,0.136,9.9369,False,False,0.3989
foursquare,spf,7,56,False,0.2176,0.232,0.368,0.136,9.3042,False,False,0.0698
foursquare,spf,7,22,False,-0.0078,0.132,0.004,0.136,8.6097,False,False,0.1415
foursquare,spf,7,38,False,0.0,0.136,0.0,0.136,5.8623,False,False,0.799
foursquare,spf,7,46,False,0.1849,0.294,0.43,0.136,9.4324,False,False,0.1015
foursquare,spf,7,83,True,0.2723,0.134,0.27,0.136,11.5375,False,False,0.9501
foursquare,spf,7,92,True,0.0,0.136,0.0,0.136,9.475,False,False,0.0626
foursquare,spf,7,88,True,-0.0326,0.102,0.034,0.136,9.2437,False,False,0.3237
foursquare,spf,7,84,True,0.0,0.864,1.0,0.136,8.4923,False,False,1.776
foursquare,spf,8,79,False,0.0,0.094,0.0,0.094,12.0362,False,False,0.9083
foursquare,spf,8,17,False,0.0,0.906,1.0,0.094,7.3725,False,False,1.6643
foursquare,spf,8,66,False,0.1311,0.394,0.488,0.094,6.9247,False,False,1.1306
foursquare,spf,8,45,False,0.2385,0.256,0.35,0.094,8.7997,False,False,0.001
foursquare,spf,8,16,False,0.226,0.118,0.212,0.094,7.0391,False,False,0.7388
foursquare,spf,8,44,False,0.0,0.094,0.0,0.094,6.3913,False,False,0.9432
foursquare,spf,8,64,False,0.0,0.094,0.0,0.094,8.898,False,False,0.0491
foursquare,spf,8,8,False,0.0,0.094,0.0,0.094,8.0639,False,False,0.3441
foursquare,spf,8,36,False,0.0156,0.118,0.212,0.094,6.4417,False,False,0.7601
foursquare,spf,8,18,False,0.1345,0.496,0.59,0.094,7.7141,False,False,1.0901
foursquare,spf,8,58,False,0.0,0.094,0.0,0.094,9.3274,False,False,0.1414
foursquare,spf,8,55,False,0.0,0.094,0.0,0.094,17.5733,False,True,2.2711
foursquare,spf,8,46,False,0.1474,0.368,0.462,0.094,9.4472,False,False,0.0476
foursquare,spf,8,23,False,-0.051,0.034,0.06,0.094,14.8039,True,False,1.7755
foursquare,spf,8,34,False,0.0907,0.118,0.212,0.094,12.1062,False,False,0.938
foursquare,spf,8,72,False,0.1063,0.482,0.576,0.094,9.7494,False,False,0.4177
foursquare,spf,8,96,True,0.0,0.094,0.0,0.094,14.7422,False,False,1.4928
foursquare,spf,8,81,True,0.0,0.094,0.0,0.094,7.5273,False,False,0.2238
foursquare,spf,8,93,True,-0.055,0.03,0.064,0.094,9.3646,True,False,0.1975
foursquare,spf,8,95,True,-0.0217,0.082,0.012,0.094,7.0792,False,False,0.3162
foursquare,spf,9,72,False,0.0978,0.476,0.542,0.066,9.4474,False,False,0.1912
foursquare,spf,9,77,False,0.201,0.204,0.27,0.066,5.5588,False,False,0.9662
foursquare,spf,9,15,False,0.0,0.934,1.0,0.066,9.2166,False,False,0.5924
foursquare,spf,9,0,False,0.0053,0.01,0.056,0.066,6.2831,False,False,0.31
foursquare,spf,9,12,False,-0.0039,0.064,0.002,0.066,7.0571,False,False,0.0739
foursquare,spf,9,64,False,0.0,0.066,0.0,0.066,8.9698,False,False,0.2266
foursquare,spf,9,29,False,0.0,0.066,0.0,0.066,6.1097,False,False,0.3402
foursquare,spf,9,26,False,-0.0098,0.004,0.07,0.066,11.9652,False,False,1.3144
foursquare,spf,9,31,False,0.0,0.066,0.0,0.066,7.823,False,False,0.1338
foursquare,spf,9,63,False,-0.0382,0.0,0.066,0.066,13.3718,True,False,1.8113
foursquare,spf,9,79,False,-0.0111,0.06,0.006,0.066,13.3104,False,False,1.5031
foursquare,spf,9,4,False,0.0,0.934,1.0,0.066,6.4333,False,False,1.7493
foursquare,spf,9,61,False,0.1585,0.37,0.436,0.066,7.1849,False,False,0.7038
foursquare,spf,9,51,False,0.1888,0.284,0.35,0.066,7.9075,False,False,0.1518
foursquare,spf,9,44,False,0.0,0.066,0.0,0.066,6.2851,False,False,0.7199
foursquare,spf,9,75,False,0.0,0.934,1.0,0.066,5.5399,False,False,1.9579
foursquare,spf,9,83,True,0.081,0.046,0.112,0.066,12.4136,False,False,1.2798
foursquare,spf,9,99,True,-0.0332,0.006,0.06,0.066,11.3781,True,False,1.1454
foursquare,spf,9,97,True,-0.0076,0.062,0.004,0.066,8.1924,False,False,0.1339
foursquare,spf,9,93,True,-0.0174,0.022,0.044,0.066,8.9606,False,False,0.4759
foursquare,spf,10,8,False,0.0,0.06,0.0,0.06,7.44,False,False,0.3452
foursquare,spf,10,2,False,-0.0417,0.03,0.03,0.06,10.4801,False,False,1.2727
foursquare,spf,10,4,False,0.0,0.94,1.0,0.06,7.5683,False,True,2.5253
foursquare,spf,10,64,False,0.0,0.06,0.0,0.06,8.6281,False,False,0.1324
foursquare,spf,10,27,False,0.0,0.06,0.0,0.06,6.8609,False,False,0.6538
foursquare,spf,10,47,False,-0.0504,0.02,0.04,0.06,7.7446,True,False,0.2378
foursquare,spf,10,73,False,0.0028,0.004,0.064,0.06,9.7458,False,False,0.6961
foursquare,spf,10,56,False,0.1519,0.314,0.374,0.06,9.9114,False,False,0.2769
foursquare,spf,10,68,False,-0.0471,0.024,0.036,0.06,7.8819,True,False,0.3185
foursquare,spf,10,38,False,0.0,0.06,0.0,0.06,5.3091,False,False,0.8797
foursquare,spf,10,49,False,-0.0355,0.036,0.024,0.06,10.1155,False,False,1.118
foursquare,spf,10,3,False,0.1565,0.276,0.336,0.06,8.5973,False,False,0.132
foursquare,spf,10,19,False,0.1535,0.296,0.356,0.06,6.4191,False,True,2.1747
foursquare,spf,10,52,False,0.0,0.06,0.0,0.06,7.4439,False,False,0.3702
foursquare,spf,10,41,False,-0.0436,0.028,0.032,0.06,7.3864,False,False,0.0245
foursquare,spf,10,50,False,-0.0436,0.028,0.032,0.06,8.1506,False,False,0.2183
foursquare,spf,10,95,True,0.181,0.03,0.09,0.06,7.967,False,False,0.2128
foursquare,spf,10,90,True,-0.0035,0.024,0.036,0.06,12.3057,False,False,1.5948
foursquare,spf,10,82,True,0.0018,0.028,0.032,0.06,10.5701,False,False,1.0102
foursquare,spf,10,88,True,-0.006,0.022,0.038,0.06,9.225,False,False,0.3935
foursquare,spf,11,20,False,0.0177,0.002,0.036,0.038,10.7968,False,False,1.3063
foursquare,spf,11,49,False,-0.0333,0.01,0.028,0.038,9.7998,False,False,0.9029
foursquare,spf,11,30,False,0.047,0.014,0.052,0.038,6.965,False,False,0.1112
foursquare,spf,11,17,False,0.0,0.962,1.0,0.038,7.2676,False,False,1.637
foursquare,spf,11,73,False,0.0301,0.028,0.066,0.038,9.1142,False,False,0.6661
foursquare,spf,11,43,False,0.2123,0.094,0.132,0.038,5.3158,False,False,1.1459
foursquare,spf,11,0,False,0.0006,0.014,0.052,0.038,5.4647,False,False,0.3852
foursquare,spf,11,7,False,0.1413,0.304,0.342,0.038,6.2775,False,False,0.7805
foursquare,spf,11,53,False,0.0,0.038,0.0,0.038,9.6596,False,False,0.303
foursquare,spf,11,10,False,0.0958,0.256,0.294,0.038,7.4976,False,False,0.1657
foursquare,spf,11,54,False,0.1521,0.12,0.158,0.038,9.4699,False,False,0.8108
foursquare,spf,11,46,False,0.0806,0.42,0.458,0.038,9.328,False,False,0.1822
foursquare,spf,11,41,False,-0.0395,0.0,0.038,0.038,7.7666,False,False,0.3882
foursquare,spf,11,4,False,0.0,0.962,1.0,0.038,6.5974,False,False,1.954
foursquare,spf,11,76,False,-0.0372,0.004,0.034,0.038,6.6896,False,False,0.1116
foursquare,spf,11,65,False,0.0,0.962,1.0,0.038,8.7246,False,False,0.779
foursquare,spf,11,96,True,0.0,0.038,0.0,0.038,13.6313,False,False,1.6384
foursquare,spf,11,84,True,0.0,0.962,1.0,0.038,7.9305,False,False,1.5368
foursquare,spf,11,92,True,0.0,0.038,0.0,0.038,9.7559,False,False,0.3178
foursquare,spf,11,98,True,0.0152,0.0,0.038,0.038,11.447,False,False,1.3142
foursquare,spf,12,45,False,0.1154,0.272,0.304,0.032,8.2132,False,False,0.2805
foursquare,spf,12,72,False,0.0471,0.546,0.578,0.032,9.1814,False,False,0.313
foursquare,spf,12,47,False,0.0184,0.01,0.042,0.032,8.4583,False,False,0.4943
foursquare,spf,12,53,False,0.0,0.032,0.0,0.032,9.8266,False,False,0.2489
foursquare,spf,12,40,False,-0.0072,0.028,0.004,0.032,6.4921,False,False,0.4654
foursquare,spf,12,29,False,0.1491,0.2,0.232,0.032,5.541,False,False,1.4821
foursquare,spf,12,70,False,-0.0331,0.0,0.032,0.032,7.5797,True,False,0.193
foursquare,spf,12,37,False,0.0501,0.242,0.274,0.032,7.7481,False,False,0.1887
foursquare,spf,12,10,False,0.0796,0.094,0.126,0.032,12.7091,False,False,1.8673
foursquare,spf,12,28,False,0.0141,0.014,0.046,0.032,5.6706,False,False,0.4604
foursquare,spf,12,0,False,0.0287,0.266,0.298,0.032,6.6328,False,False,1.0579
foursquare,spf,12,66,False,0.0,0.032,0.0,0.032,8.6478,False,False,0.1982
foursquare,spf,12,22,False,0.0472,0.028,0.06,0.032,13.2347,False,True,2.1606
foursquare,spf,12,63,False,0.0625,0.474,0.506,0.032,9.051,False,False,0.1169
foursquare,spf,12,46,False,0.0,0.968,1.0,0.032,5.8837,False,True,2.3796
foursquare,spf,12,75,True,0.0049,0.024,0.056,0.032,9.3444,False,False,0.5831
foursquare,spf,12,93,True,0.0,0.032,0.0,0.032,9.4769,False,False,0.3957
foursquare,spf,12,91,True,0.0,0.968,1.0,0.032,9.0407,False,False,0.5768
foursquare,spf,12,94,True,0.0102,0.018,0.05,0.032,8.0086,False,False,0.0082
foursquare,spf,13,6,False,0.0354,0.01,0.036,0.026,11.4956,False,False,1.5657
foursquare,spf,13,17,False,0.0001,0.972,0.998,0.026,7.5612,False,False,1.5206
foursquare,spf,13,69,False,-0.0267,0.0,0.026,0.026,7.0522,True,False,0.1186
foursquare,spf,13,66,False,-0.0175,0.326,0.352,0.026,6.9563,False,False,0.8204
foursquare,spf,13,15,False,0.0,0.974,1.0,0.026,9.8624,False,False,0.5194
foursquare,spf,13,9,False,0.0092,0.036,0.062,0.026,7.4534,False,False,0.2859
foursquare,spf,13,60,False,-0.0244,0.004,0.022,0.026,6.2802,False,False,0.0035
foursquare,spf,13,36,False,0.0148,0.15,0.176,0.026,6.8229,False,False,0.4058
foursquare,spf,13,4,False,0.0,0.974,1.0,0.026,6.7729,False,False,1.8559
foursquare,spf,13,5,False,0.0,0.026,0.0,0.026,4.7687,False,False,1.3667
foursquare,spf,13,59,False,0.0,0.026,0.0,0.026,4.8783,False,False,1.4928
foursquare,spf,13,47,False,-0.0277,0.002,0.028,0.026,7.8158,True,False,0.4468
foursquare,spf,13,20,False,0.0415,0.006,0.032,0.026,11.475,False,False,1.5869
foursquare,spf,13,25,False,0.0,0.026,0.0,0.026,6.5331,False,False,0.1036
foursquare,spf,13,64,False,0.0,0.026,0.0,0.026,8.4965,False,False,0.3872
foursquare,spf,13,11,False,0.0,0.026,0.0,0.026,6.344,False,False,0.0689
foursquare,spf,13,98,True,-0.0319,0.012,0.038,0.026,10.4664,True,False,1.0824
foursquare,spf,13,82,True,-0.0304,0.008,0.034,0.026,10.5792,True,False,1.097
foursquare,spf,13,88,True,0.0326,0.012,0.038,0.026,10.4612,False,False,1.0324
foursquare,spf,13,92,True,0.0,0.026,0.0,0.026,8.6405,False,False,0.4099
foursquare,spf,14,4,False,0.0,0.984,1.0,0.016,6.5209,False,False,1.7017
foursquare,spf,14,61,False,0.0384,0.438,0.454,0.016,7.4877,False,False,0.6297
foursquare,spf,14,71,False,0.106,0.12,0.136,0.016,8.0362,False,False,0.1707
foursquare,spf,14,48,False,-0.0064,0.012,0.004,0.016,7.8911,False,False,0.0443
foursquare,spf,14,56,False,0.0567,0.296,0.312,0.016,9.1959,False,False,0.2829
foursquare,spf,14,59,False,0.0,0.016,0.0,0.016,5.3359,False,False,1.4003
foursquare,spf,14,39,False,-0.0196,0.008,0.024,0.016,7.2965,False,False,0.0114
foursquare,spf,14,7,False,0.0766,0.274,0.29,0.016,6.4153,False,False,0.7553
foursquare,spf,14,75,False,0.0,0.984,1.0,0.016,5.7514,False,False,1.8719
foursquare,spf,14,26,False,0.0908,0.072,0.088,0.016,10.8347,False,False,1.0658
foursquare,spf,14,40,False,0.0418,0.03,0.046,0.016,15.3815,False,True,2.1838
foursquare,spf,14,23,False,0.0394,0.032,0.048,0.016,12.2481,False,False,1.2141
foursquare,spf,14,6,False,-0.0289,0.1,0.116,0.016,8.4538,False,False,0.3658
foursquare,spf,14,50,False,0.0634,0.016,0.032,0.016,6.9818,False,False,0.0827
foursquare,spf,14,35,False,0.0,0.984,1.0,0.016,8.7314,False,False,0.716
foursquare,spf,14,65,True,0.0527,0.022,0.038,0.016,8.1428,False,False,0.1712
foursquare,spf,14,97,True,-0.0036,0.014,0.002,0.016,8.446,False,False,0.0901
foursquare,spf,14,81,True,0.0,0.016,0.0,0.016,12.7297,False,False,1.1387
foursquare,spf,14,91,True,0.0,0.016,0.0,0.016,9.9969,False,False,0.4416
foursquare,spf,15,73,False,0.0166,0.272,0.278,0.006,8.8942,False,False,0.5801
foursquare,spf,15,62,False,0.0257,0.204,0.21,0.006,12.306,False,False,1.9294
foursquare,spf,15,17,False,0.0,0.99,0.996,0.006,7.3643,False,True,2.068
foursquare,spf,15,51,False,0.0187,0.384,0.39,0.006,7.1847,False,False,0.3949
foursquare,spf,15,68,False,0.1164,0.02,0.026,0.006,8.3343,False,False,0.4464
foursquare,spf,15,47,False,0.1249,0.018,0.024,0.006,8.3313,False,False,0.3126
foursquare,spf,15,41,False,0.1088,0.022,0.028,0.006,7.3859,False,False,0.154
foursquare,spf,15,8,False,0.0,0.006,0.0,0.006,7.9234,False,False,0.3189
foursquare,spf,15,53,False,0.0,0.006,0.0,0.006,9.0029,False,False,0.1817
foursquare,spf,15,57,False,0.0043,0.238,0.244,0.006,6.0482,False,False,1.0679
foursquare,spf,15,3,False,0.0157,0.426,0.432,0.006,8.2261,False,False,0.148
foursquare,spf,15,71,False,0.0228,0.338,0.344,0.006,8.0531,False,False,0.3008
foursquare,spf,15,7,False,0.0186,0.386,0.392,0.006,6.3277,False,False,1.0938
foursquare,spf,15,43,False,0.0446,0.132,0.138,0.006,5.2221,False,False,1.5386
foursquare,spf,15,34,False,0.0061,0.214,0.22,0.006,11.9921,False,False,1.7083
foursquare,spf,15,36,False,0.0102,0.172,0.178,0.006,6.1479,False,False,0.8525
foursquare,spf,15,80,True,0.0,0.006,0.0,0.006,9.0301,False,False,0.1406
foursquare,spf,15,97,True,0.1249,0.018,0.024,0.006,8.4143,False,False,0.1906
foursquare,spf,15,95,True,0.2138,0.042,0.048,0.006,7.4185,False,False,0.3179
foursquare,spf,15,83,True,0.0467,0.058,0.064,0.006,12.1165,False,False,1.5601
foursquare,spf,16,20,False,0.0907,0.028,0.034,0.006,10.6368,False,False,0.6432
foursquare,spf,16,56,False,0.0195,0.246,0.252,0.006,9.5868,False,False,0.1703
foursquare,spf,16,36,False,0.0087,0.186,0.192,0.006,6.5811,False,False,0.6101
foursquare,spf,16,55,False,0.0,0.006,0.0,0.006,23.1819,False,True,3.1412
foursquare,spf,16,16,False,0.0173,0.128,0.134,0.006,6.6304,False,False,0.6107
foursquare,spf,16,28,False,0.0234,0.218,0.224,0.006,11.7503,False,False,0.8546
foursquare,spf,16,31,False,0.0,0.006,0.0,0.006,8.4848,False,False,0.3263
foursquare,spf,16,10,False,0.028,0.292,0.298,0.006,8.1959,False,False,0.1133
foursquare,spf,16,15,False,0.0,0.994,1.0,0.006,9.2062,False,False,0.6967
foursquare,spf,16,41,False,0.0773,0.034,0.04,0.006,7.8796,False,False,0.0232
foursquare,spf,16,75,False,0.0,0.994,1.0,0.006,5.8088,False,False,1.8495
foursquare,spf,16,54,False,0.0347,0.076,0.082,0.006,9.1951,False,False,0.3294
foursquare,spf,16,6,False,0.1021,0.024,0.03,0.006,10.7483,False,False,0.6831
foursquare,spf,16,58,False,0.0,0.006,0.0,0.006,7.9203,False,False,0.2584
foursquare,spf,16,17,False,0.0,0.99,0.996,0.006,7.2493,False,False,1.4349
foursquare,spf,16,7,False,0.0195,0.374,0.38,0.006,6.382,False,False,0.8625
foursquare,spf,16,97,True,0.1249,0.018,0.024,0.006,7.8377,False,False,0.1814
foursquare,spf,16,92,True,0.0,0.006,0.0,0.006,9.3417,False,False,0.0749
foursquare,spf,16,98,True,0.1021,0.024,0.03,0.006,11.4465,False,False,0.678
foursquare,spf,16,82,True,0.0702,0.038,0.044,0.006,10.6421,False,False,0.4956
foursquare,spf,17,27,False,0.0,0.006,0.0,0.006,8.5439,False,False,0.0812
foursquare,spf,17,36,False,0.0087,0.186,0.192,0.006,5.6624,False,False,0.4717
foursquare,spf,17,43,False,0.0395,0.146,0.152,0.006,4.9024,False,False,1.0933
foursquare,spf,17,38,False,0.0,0.006,0.0,0.006,7.2106,False,False,0.4016
foursquare,spf,17,52,False,0.0,0.006,0.0,0.006,9.1092,False,False,0.2184
foursquare,spf,17,18,False,0.0077,0.604,0.61,0.006,5.8381,False,False,0.9259
foursquare,spf,17,46,False,0.0148,0.442,0.448,0.006,7.9696,False,False,0.5927
foursquare,spf,17,16,False,0.0186,0.122,0.128,0.006,6.1095,False,False,0.3395
foursquare,spf,17,24,False,0.0,0.994,1.0,0.006,10.6511,False,False,0.7603
foursquare,spf,17,58,False,0.0,0.006,0.0,0.006,12.4404,False,False,1.937
foursquare,spf,17,73,False,0.0113,0.164,0.17,0.006,8.9547,False,False,1.146
foursquare,spf,17,65,False,0.0,0.992,0.998,0.006,6.6568,False,False,0.7095
foursquare,spf,17,1,False,0.0814,0.032,0.038,0.006,9.5154,False,False,1.3503
foursquare,spf,17,19,False,0.022,0.346,0.352,0.006,4.7725,False,False,1.8862
foursquare,spf,17,30,False,0.0858,0.03,0.036,0.006,7.7533,False,False,0.4807
foursquare,spf,17,15,False,0.0016,0.876,0.882,0.006,7.1299,False,False,0.453
foursquare,spf,17,89,True,0.0156,0.282,0.288,0.006,9.23,False,False,1.2162
foursquare,spf,17,84,True,0.0,0.994,1.0,0.006,5.7901,False,False,1.7414
foursquare,spf,17,94,True,0.0,0.994,1.0,0.006,7.3634,False,False,0.2922
foursquare,spf,17,85,True,0.0144,0.448,0.454,0.006,8.3324,False,False,0.6937
foursquare,spf,18,13,False,0.0,0.012,0.0,0.012,6.5889,False,False,0.4616
foursquare,spf,18,48,False,0.4939,0.0,0.012,0.012,7.0125,False,False,0.3225
foursquare,spf,18,64,False,0.0,0.012,0.0,0.012,8.4642,False,False,0.0845
foursquare,spf,18,12,False,0.0,0.012,0.0,0.012,5.9312,False,False,0.6122
foursquare,spf,18,52,False,0.0,0.012,0.0,0.012,7.6324,False,False,0.528
foursquare,spf,18,3,False,0.0367,0.382,0.394,0.012,8.5106,False,False,0.2833
foursquare,spf,18,74,False,0.0,0.012,0.0,0.012,14.2047,False,False,1.7595
foursquare,spf,18,23,False,0.2523,0.036,0.048,0.012,14.1529,False,True,2.1937
foursquare,spf,18,28,False,0.1748,0.08,0.092,0.012,11.8768,False,False,1.0445
foursquare,spf,18,71,False,0.1636,0.108,0.12,0.012,9.0297,False,False,0.1098
foursquare,spf,18,69,False,0.3702,0.018,0.03,0.012,6.4207,False,False,0.5262
foursquare,spf,18,0,False,0.3211,0.024,0.036,0.012,5.6564,False,False,0.8743
foursquare,spf,18,46,False,0.0279,0.45,0.462,0.012,9.6927,False,False,0.2913
foursquare,spf,18,67,False,0.1165,0.094,0.106,0.012,9.8212,False,False,0.5976
foursquare,spf,18,56,False,0.0594,0.272,0.284,0.012,9.538,False,False,0.0776
foursquare,spf,18,4,False,0.0,0.988,1.0,0.012,7.393,False,True,2.6048
foursquare,spf,18,85,True,0.0352,0.392,0.404,0.012,9.751,False,False,0.1716
foursquare,spf,18,80,True,0.0,0.012,0.0,0.012,8.167,False,False,0.1594
foursquare,spf,18,99,True,0.1887,0.054,0.066,0.012,12.6554,False,False,1.2597
foursquare,spf,18,92,True,0.0,0.012,0.0,0.012,8.4111,False,False,0.1225
foursquare,spf,19,14,False,0.1274,0.098,0.106,0.008,8.2707,False,False,0.0936
foursquare,spf,19,77,False,0.0493,0.234,0.242,0.008,6.8009,False,False,1.6316
foursquare,spf,19,31,False,0.0,0.008,0.0,0.008,7.9438,False,False,0.4494
foursquare,spf,19,1,False,0.3922,0.024,0.032,0.008,9.0909,False,False,0.6838
foursquare,spf,19,33,False,0.0,0.008,0.0,0.008,6.8417,False,False,0.5287
foursquare,spf,19,50,False,0.2394,0.048,0.056,0.008,8.0212,False,False,0.0464
foursquare,spf,19,62,False,0.1656,0.074,0.082,0.008,12.781,False,False,1.9842
foursquare,spf,19,35,False,0.0691,0.176,0.184,0.008,7.2646,False,False,0.3776
foursquare,spf,19,76,False,0.4374,0.02,0.028,0.008,7.4747,False,False,0.1501
foursquare,spf,19,24,False,0.0,0.992,1.0,0.008,13.7768,False,False,0.0179
foursquare,spf,19,58,False,0.0,0.008,0.0,0.008,9.2219,False,False,0.312
foursquare,spf,19,6,False,0.3922,0.024,0.032,0.008,11.0665,False,False,1.6118
foursquare,spf,19,37,False,0.3243,0.032,0.04,0.008,7.7231,False,False,0.0079
foursquare,spf,19,39,False,0.422,0.012,0.02,0.008,6.7054,False,False,0.2803
foursquare,spf,19,25,False,0.3981,0.006,0.002,0.008,6.3138,False,False,0.5917
foursquare,spf,19,29,False,0.0,0.008,0.0,0.008,6.0836,False,False,0.684
foursquare,spf,19,86,True,0.2657,0.042,0.05,0.008,8.2512,False,False,0.1539
foursquare,spf,19,98,True,0.3728,0.026,0.034,0.008,10.685,False,False,1.1102
foursquare,spf,19,96,True,0.0,0.008,0.0,0.008,12.4206,False,False,1.4745
foursquare,spf,19,84,True,0.0,0.992,1.0,0.008,8.73,False,True,2.2919
foursquare,spf,20,78,False,0.0215,0.472,0.482,0.01,9.117,False,False,0.4423
foursquare,spf,20,31,False,0.0,0.01,0.0,0.01,7.5827,False,False,0.4817
foursquare,spf,20,59,False,0.0,0.01,0.0,0.01,5.02,False,False,1.7747
foursquare,spf,20,74,False,0.0,0.01,0.0,0.01,12.234,False,False,0.8267
foursquare,spf,20,28,False,0.311,0.042,0.052,0.01,13.1336,False,False,1.2329
foursquare,spf,20,49,False,0.5192,0.018,0.028,0.01,10.7947,False,False,0.7056
foursquare,spf,20,6,False,0.446,0.024,0.034,0.01,13.0642,False,False,1.331
foursquare,spf,20,70,False,0.0501,0.272,0.282,0.01,5.6867,False,False,1.4857
foursquare,spf,20,44,False,0.0,0.01,0.0,0.01,6.0901,False,False,1.0603
foursquare,spf,20,43,False,0.0806,0.184,0.194,0.01,6.082,False,False,1.3194
foursquare,spf,20,60,False,0.3007,0.044,0.054,0.01,6.4031,False,False,0.4986
foursquare,spf,20,22,False,0.0,0.01,0.0,0.01,10.5674,False,False,0.4366
foursquare,spf,20,26,False,0.1853,0.08,0.09,0.01,11.3026,False,False,0.7189
foursquare,spf,20,36,False,0.0576,0.244,0.254,0.01,6.8705,False,False,0.8585
foursquare,spf,20,25,False,0.0,0.01,0.0,0.01,6.5406,False,False,0.5312
foursquare,spf,20,63,False,0.3902,0.03,0.04,0.01,13.539,False,False,1.4654
foursquare,spf,20,88,True,0.3902,0.03,0.04,0.01,11.0579,False,False,0.5177
foursquare,spf,20,91,True,0.0,0.01,0.0,0.01,13.6812,False,False,1.1931
foursquare,spf,20,83,True,0.0816,0.182,0.192,0.01,11.8749,False,False,0.7413
foursquare,spf,20,94,True,0.0,0.99,1.0,0.01,9.7192,False,False,0.7171
foursquare,spf,21,23,False,0.2511,0.066,0.078,0.012,15.9104,False,True,2.5169
foursquare,spf,21,29,False,0.0,0.012,0.0,0.012,5.8134,False,False,0.6087
foursquare,spf,21,50,False,0.4514,0.028,0.04,0.012,8.4286,False,False,0.1342
foursquare,spf,21,51,False,0.0376,0.376,0.388,0.012,8.3495,False,False,0.3441
foursquare,spf,21,43,False,0.2339,0.072,0.084,0.012,5.6585,False,False,1.4734
foursquare,spf,21,33,False,0.0,0.012,0.0,0.012,7.0511,False,False,0.4386
foursquare,spf,21,36,False,0.0682,0.244,0.256,0.012,6.1735,False,False,0.8825
foursquare,spf,21,47,False,0.5374,0.02,0.032,0.012,8.2916,False,False,0.1793
foursquare,spf,21,57,False,0.0718,0.234,0.246,0.012,6.3783,False,False,1.1327
foursquare,spf,21,65,False,0.0011,0.946,0.958,0.012,9.37,False,False,1.0252
foursquare,spf,21,31,False,0.0,0.012,0.0,0.012,7.8464,False,False,0.3929
foursquare,spf,21,60,False,0.564,0.018,0.03,0.012,6.051,False,False,0.4835
foursquare,spf,21,28,False,0.1932,0.09,0.102,0.012,12.9565,False,False,1.3148
foursquare,spf,21,64,False,0.0,0.012,0.0,0.012,8.7765,False,False,0.0484
foursquare,spf,21,42,False,0.2096,0.082,0.094,0.012,6.0332,False,False,0.5656
foursquare,spf,21,27,False,0.0,0.012,0.0,0.012,7.4142,False,False,0.5966
foursquare,spf,21,90,True,0.1288,0.138,0.15,0.012,14.2795,False,False,1.8086
foursquare,spf,21,98,True,0.564,0.018,0.03,0.012,10.6137,False,False,0.7306
foursquare,spf,21,88,True,0.4908,0.024,0.036,0.012,9.5779,False,False,0.3411
foursquare,spf,21,83,True,0.1076,0.164,0.176,0.012,11.952,False,False,0.9666
foursquare,spf,22,17,False,0.0001,0.982,0.994,0.012,6.4249,False,False,1.5628
foursquare,spf,22,47,False,0.5374,0.02,0.032,0.012,8.2239,False,False,0.0983
foursquare,spf,22,24,False,0.0,0.988,1.0,0.012,12.1849,False,False,0.0473
foursquare,spf,22,62,False,0.4514,0.028,0.04,0.012,12.7324,False,False,1.3118
foursquare,spf,22,46,False,0.0268,0.46,0.472,0.012,8.8989,False,False,0.079
foursquare,spf,22,52,False,0.0,0.012,0.0,0.012,8.2468,False,False,0.3172
foursquare,spf,22,33,False,0.0,0.012,0.0,0.012,7.2311,False,False,0.4006
foursquare,spf,22,58,False,0.0,0.012,0.0,0.012,10.5044,False,False,0.4161
foursquare,spf,22,3,False,0.0312,0.422,0.434,0.012,8.4298,False,False,0.0499
foursquare,spf,22,5,False,0.0,0.012,0.0,0.012,5.0987,False,False,1.4613
foursquare,spf,22,70,False,0.0773,0.22,0.232,0.012,5.0698,False,False,1.3344
foursquare,spf,22,2,False,0.6612,0.012,0.024,0.012,10.6649,False,False,0.8114
foursquare,spf,22,22,False,-0.0034,0.01,0.002,0.012,9.1843,False,False,0.2213
foursquare,spf,22,19,False,0.0098,0.342,0.354,0.012,5.1753,False,False,1.6244
foursquare,spf,22,23,False,0.2394,0.07,0.082,0.012,16.3355,False,True,2.3514
foursquare,spf,22,28,False,0.0636,0.258,0.27,0.012,12.1765,False,False,1.105
foursquare,spf,22,87,True,0.0,0.012,0.0,0.012,9.3593,False,False,0.0197
foursquare,spf,22,85,True,0.0304,0.428,0.44,0.012,9.287,False,False,0.0672
foursquare,spf,22,99,True,0.1251,0.142,0.154,0.012,12.0444,False,False,0.994
foursquare,spf,22,94,True,0.0,0.988,1.0,0.012,8.4721,False,False,0.6139
foursquare,spf,23,69,False,0.5083,0.026,0.04,0.014,6.817,False,False,0.0972
foursquare,spf,23,64,False,0.0,0.014,0.0,0.014,9.6505,False,False,0.1352
foursquare,spf,23,78,False,0.0341,0.436,0.45,0.014,7.9698,False,False,0.288
foursquare,spf,23,79,False,0.6944,0.012,0.026,0.014,17.9042,False,True,2.6238
foursquare,spf,23,70,False,0.0754,0.252,0.266,0.014,5.4698,False,False,1.267
foursquare,spf,23,57,False,0.0732,0.258,0.272,0.014,5.7748,False,False,0.9921
foursquare,spf,23,14,False,0.1708,0.118,0.132,0.014,7.814,False,False,0.0118
foursquare,spf,23,47,False,0.4715,0.03,0.044,0.014,8.9488,False,False,0.4918
foursquare,spf,23,50,False,0.3094,0.058,0.072,0.014,8.115,False,False,0.2544
foursquare,spf,23,73,False,0.1185,0.17,0.184,0.014,10.3622,False,False,0.8203
foursquare,spf,23,43,False,0.1988,0.1,0.114,0.014,5.2027,False,False,1.1602
foursquare,spf,23,67,False,0.3639,0.046,0.06,0.014,9.3001,False,False,0.5721
foursquare,spf,23,49,False,0.6293,0.016,0.03,0.014,9.2014,False,False,0.6143
foursquare,spf,23,59,False,0.0,0.014,0.0,0.014,5.5132,False,False,1.5472
foursquare,spf,23,39,False,0.7321,0.01,0.024,0.014,6.9595,False,False,0.2606
foursquare,spf,23,17,False,0.0004,0.972,0.986,0.014,6.7905,False,False,1.5366
foursquare,spf,23,98,True,0.4893,0.028,0.042,0.014,10.8564,False,False,0.9159
foursquare,spf,23,99,True,0.5083,0.026,0.04,0.014,11.8986,False,False,1.2052
foursquare,spf,23,97,True,0.6293,0.016,0.03,0.014,8.3924,False,False,0.0463
foursquare,spf,23,94,True,0.0,0.986,1.0,0.014,8.9943,False,False,0.5187
foursquare,spf,24,45,False,0.0969,0.204,0.218,0.014,7.987,False,False,0.2443
foursquare,spf,24,66,False,0.0718,0.262,0.276,0.014,5.8276,False,False,1.1164
foursquare,spf,24,15,False,0.0,0.986,1.0,0.014,8.3899,False,False,0.7381
foursquare,spf,24,78,False,0.0313,0.458,0.472,0.014,7.2149,False,False,0.382
foursquare,spf,24,41,False,0.5083,0.026,0.04,0.014,8.1992,False,False,0.4172
foursquare,spf,24,69,False,0.3863,0.042,0.056,0.014,7.1165,False,False,0.0266
foursquare,spf,24,33,False,0.0,0.014,0.0,0.014,7.9474,False,False,0.2918
foursquare,spf,24,49,False,0.6944,0.012,0.026,0.014,10.5614,False,False,1.0958
foursquare,spf,24,26,False,0.1407,0.144,0.158,0.014,11.2158,False,False,1.5253
foursquare,spf,24,71,False,0.1886,0.106,0.12,0.014,7.9641,False,False,0.4098
foursquare,spf,24,3,False,0.0488,0.348,0.362,0.014,7.9348,False,False,0.1699
foursquare,spf,24,79,False,0.9323,0.002,0.016,0.014,15.944,False,True,2.6899
foursquare,spf,24,72,False,0.031,0.46,0.474,0.014,8.5413,False,False,0.2086
foursquare,spf,24,8,False,0.0,0.014,0.0,0.014,8.551,False,False,0.3159
foursquare,spf,24,36,False,0.1088,0.184,0.198,0.014,6.0981,False,False,0.7261
foursquare,spf,24,70,False,0.0685,0.272,0.286,0.014,5.266,False,False,1.5108
foursquare,spf,24,93,True,0.3748,0.044,0.058,0.014,9.27,False,False,0.593
foursquare,spf,24,80,True,0.0,0.014,0.0,0.014,9.8922,False,False,0.2024
foursquare,spf,24,84,True,0.0,0.986,1.0,0.014,7.1322,False,False,1.8448
foursquare,spf,24,95,True,0.1823,0.11,0.124,0.014,7.1988,False,False,0.1865
foursquare,spf,25,0,False,0.3439,0.05,0.064,0.014,6.2623,False,False,0.3122
foursquare,spf,25,20,False,0.6603,0.014,0.028,0.014,12.006,False,False,1.9563
foursquare,spf,25,21,False,0.0053,0.828,0.842,0.014,8.5443,False,False,0.1307
foursquare,spf,25,65,False,0.0,0.986,1.0,0.014,7.4724,False,False,0.6439
foursquare,spf,25,4,False,0.0,0.986,1.0,0.014,5.1513,False,True,2.0018
foursquare,spf,25,10,False,0.0581,0.308,0.322,0.014,7.5623,False,False,0.3309
foursquare,spf,25,11,False,0.5749,0.02,0.034,0.014,7.0221,False,False,0.0741
foursquare,spf,25,29,False,0.9323,0.002,0.016,0.014,6.3567,False,False,0.3642
foursquare,spf,25,38,False,0.0,0.014,0.0,0.014,6.0766,False,False,0.6359
foursquare,spf,25,56,False,0.0551,0.32,0.334,0.014,9.0424,False,False,0.828
foursquare,spf,25,17,False,0.0006,0.966,0.98,0.014,5.7912,False,False,1.5757
foursquare,spf,25,2,False,0.6603,0.014,0.028,0.014,10.0501,False,False,1.2116
foursquare,spf,25,15,False,0.0,0.986,1.0,0.014,8.0426,False,False,0.3775
foursquare,spf,25,77,False,0.0641,0.286,0.3,0.014,5.3339,False,False,0.9106
foursquare,spf,25,44,False,0.0,0.014,0.0,0.014,7.0751,False,False,0.7118
foursquare,spf,25,40,True,0.3863,0.042,0.056,0.014,8.4511,False,False,0.3011
foursquare,spf,25,86,True,0.0852,0.228,0.242,0.014,11.5836,False,False,1.711
foursquare,spf,25,83,True,0.0442,0.372,0.386,0.014,9.244,False,False,0.811
foursquare,spf,25,89,True,0.0,0.014,0.0,0.014,9.7792,False,False,0.4402
foursquare,spf,26,40,False,0.5966,0.008,0.006,0.014,7.3308,False,False,0.3901
foursquare,spf,26,25,False,0.3748,0.044,0.058,0.014,7.3073,False,False,0.0044
foursquare,spf,26,76,False,0.5288,0.024,0.038,0.014,12.4188,False,False,1.6765
foursquare,spf,26,6,False,0.0685,0.272,0.286,0.014,5.8259,False,False,1.1113
foursquare,spf,26,77,False,0.3537,0.048,0.062,0.014,5.9931,False,False,0.5307
foursquare,spf,26,42,False,0.2024,0.098,0.112,0.014,10.2449,False,False,0.8504
foursquare,spf,26,67,False,0.0,0.014,0.0,0.014,5.4019,False,False,1.642
foursquare,spf,26,5,False,0.441,0.01,0.004,0.014,9.3643,False,False,0.361
foursquare,spf,26,22,False,0.1038,0.192,0.206,0.014,11.7338,False,False,1.2952
foursquare,spf,26,34,False,0.0,0.014,0.0,0.014,7.4355,False,False,0.318
foursquare,spf,26,33,False,0.0565,0.314,0.328,0.014,8.6459,False,False,0.2014
foursquare,spf,26,3,False,0.0291,0.476,0.49,0.014,7.5988,False,False,0.3644
foursquare,spf,26,78,False,0.2408,0.08,0.094,0.014,7.8713,False,False,0.2812
foursquare,spf,26,50,False,0.0233,0.532,0.546,0.014,6.8924,False,False,1.0471
foursquare,spf,26,18,False,0.0007,0.962,0.976,0.014,6.7334,False,False,1.7426
foursquare,spf,26,17,True,0.6009,0.018,0.032,0.014,14.5447,False,True,2.1844
foursquare,spf,26,90,True,0.0,0.014,0.0,0.014,9.2288,False,False,0.0951
foursquare,spf,26,87,True,0.3439,0.05,0.064,0.014,8.852,False,False,0.1524
foursquare,spf,26,97,True,0.031,0.46,0.474,0.014,9.1342,False,False,0.0531
foursquare,spf,27,78,False,0.0328,0.478,0.494,0.016,7.4718,False,False,0.424
foursquare,spf,27,10,False,0.1737,0.13,0.146,0.016,8.6657,False,False,0.1289
foursquare,spf,27,28,False,0.1221,0.184,0.2,0.016,13.1788,False,False,1.6151
foursquare,spf,27,25,False,0.9402,0.002,0.018,0.016,7.8096,False,False,0.3122
foursquare,spf,27,66,False,0.0617,0.322,0.338,0.016,5.8933,False,False,1.0948
foursquare,spf,27,58,False,0.0,0.016,0.0,0.016,9.3013,False,False,0.0587
foursquare,spf,27,70,False,0.1932,0.116,0.132,0.016,5.2317,False,False,1.5104
foursquare,spf,27,15,False,0.0,0.984,1.0,0.016,8.3336,False,False,0.7699
foursquare,spf,27,1,False,0.632,0.018,0.034,0.016,10.2269,False,False,0.8121
foursquare,spf,27,50,False,0.4178,0.042,0.058,0.016,7.6155,False,False,0.0648
foursquare,spf,27,63,False,0.632,0.018,0.034,0.016,12.9291,False,False,1.5978
foursquare,spf,27,45,False,0.0492,0.376,0.392,0.016,8.3296,False,False,0.0416
foursquare,spf,27,31,False,0.0,0.016,0.0,0.016,8.7428,False,False,0.3465
foursquare,spf,27,33,False,0.0,0.016,0.0,0.016,7.6261,False,False,0.4034
foursquare,spf,27,4,False,0.0,0.984,1.0,0.016,5.6039,False,True,2.0473
foursquare,spf,27,46,False,0.048,0.382,0.398,0.016,8.3879,False,False,0.106
foursquare,spf,27,94,True,0.0,0.984,1.0,0.016,9.0513,False,False,0.5641
foursquare,spf,27,82,True,0.6594,0.016,0.032,0.016,10.6039,False,False,0.8492
foursquare,spf,27,96,True,0.0,0.016,0.0,0.016,16.1533,False,True,2.0337
foursquare,spf,27,97,True,0.472,0.034,0.05,0.016,9.7771,False,False,0.3768
foursquare,spf,28,9,False,0.3224,0.076,0.096,0.02,8.0573,False,False,0.2677
foursquare,spf,28,67,False,0.3887,0.058,0.078,0.02,9.2281,False,False,1.0198
foursquare,spf,28,76,False,0.5423,0.032,0.052,0.02,7.1751,False,False,0.016
foursquare,spf,28,70,False,0.1349,0.2,0.22,0.02,5.7733,False,False,1.5622
foursquare,spf,28,2,False,0.7951,0.01,0.03,0.02,10.3676,False,False,1.3629
foursquare,spf,28,3,False,0.0661,0.354,0.374,0.02,7.7881,False,False,0.0241
foursquare,spf,28,22,False,0.9514,0.002,0.022,0.02,8.2835,False,False,0.3786
foursquare,spf,28,75,False,0.0066,0.84,0.86,0.02,5.8175,False,True,2.7093
foursquare,spf,28,49,False,0.7634,0.012,0.032,0.02,10.1045,False,False,1.2821
foursquare,spf,28,40,False,0.0885,0.286,0.306,0.02,6.0866,False,False,1.0221
foursquare,spf,28,7,False,0.0,0.02,0.0,0.02,7.2337,False,False,0.2046
foursquare,spf,28,33,False,0.0391,0.486,0.506,0.02,7.3583,False,False,1.0779
foursquare,spf,28,18,False,0.7634,0.012,0.032,0.02,7.9202,False,False,0.4256
foursquare,spf,28,37,False,0.0491,0.428,0.448,0.02,8.0259,False,False,0.1197
foursquare,spf,28,51,False,0.0,0.02,0.0,0.02,8.7641,False,False,0.3264
foursquare,spf,28,64,True,0.0,0.02,0.0,0.02,8.621,False,False,0.2234
foursquare,spf,28,87,True,0.0,0.02,0.0,0.02,8.5881,False,False,0.2266
foursquare,spf,28,80,True,0.6144,0.024,0.044,0.02,7.3752,False,False,0.1176
foursquare,spf,28,95,True,0.7634,0.012,0.032,0.02,10.9893,False,False,1.3404
foursquare,spf,29,65,False,0.0014,0.946,0.966,0.02,7.6241,False,False,0.8934
foursquare,spf,29,79,False,0.8869,0.004,0.016,0.02,13.9635,False,False,1.5884
foursquare,spf,29,66,False,0.0756,0.322,0.342,0.02,5.6218,False,False,1.0794
foursquare,spf,29,49,False,0.7634,0.012,0.032,0.02,10.5952,False,False,0.8115
foursquare,spf,29,54,False,0.252,0.104,0.124,0.02,9.4155,False,False,0.6137
foursquare,spf,29,4,False,0.0,0.98,1.0,0.02,5.4566,False,True,2.1153
foursquare,spf,29,58,False,0.0,0.02,0.0,0.02,10.609,False,False,0.4333
foursquare,spf,29,78,False,0.045,0.45,0.47,0.02,7.2458,False,False,0.3329
foursquare,spf,29,41,False,0.5763,0.028,0.048,0.02,7.9829,False,False,0.1533
foursquare,spf,29,69,False,0.8294,0.008,0.028,0.02,7.0687,False,False,0.171
foursquare,spf,29,67,False,0.252,0.104,0.124,0.02,9.3162,False,False,0.6267
foursquare,spf,29,36,False,0.1252,0.214,0.234,0.02,5.272,False,False,0.8853
foursquare,spf,29,28,False,0.3163,0.078,0.098,0.02,12.9516,False,False,1.7165
foursquare,spf,29,73,False,0.5267,0.034,0.054,0.02,9.6415,False,False,0.6521
foursquare,spf,29,61,False,0.0519,0.414,0.434,0.02,6.3095,False,False,0.8283
foursquare,spf,29,59,False,0.0,0.02,0.0,0.02,5.9412,False,False,1.7755
foursquare,spf,29,89,True,0.0961,0.268,0.288,0.02,8.986,False,False,0.2991
foursquare,spf,29,80,True,0.0,0.02,0.0,0.02,10.2557,False,False,0.0167
foursquare,spf,29,99,True,0.4069,0.054,0.074,0.02,11.1883,False,False,1.0808
foursquare,spf,29,85,True,0.0566,0.392,0.412,0.02,8.7303,False,False,0.0891
foursquare,lfp,0,30,False,0.0084,0.696,0.042,0.738,7.1622,False,False,0.1938
foursquare,lfp,0,0,False,-0.0054,0.692,0.046,0.738,5.5825,False,False,0.2064
foursquare,lfp,0,22,False,0.0,0.738,0.0,0.738,8.8918,False,False,0.7472
foursquare,lfp,0,31,False,0.0,0.738,0.0,0.738,8.079,False,False,0.0401
foursquare,lfp,0,18,False,-0.0307,0.152,0.89,0.738,8.4177,False,False,1.1695
foursquare,lfp,0,28,False,-0.1049,0.53,0.208,0.738,11.6958,True,False,1.7225
foursquare,lfp,0,10,False,-0.0795,0.546,0.192,0.738,8.2665,True,False,0.2852
foursquare,lfp,0,70,False,0.0593,0.398,0.34,0.738,5.9868,False,False,1.3167
foursquare,lfp,0,4,False,0.0,0.262,1.0,0.738,7.3808,False,True,2.2563
foursquare,lfp,0,12,False,0.0,0.738,0.0,0.738,6.4729,False,False,0.0061
foursquare,lfp,0,49,False,0.0133,0.712,0.026,0.738,8.7666,False,False,1.0305
foursquare,lfp,0,33,False,0.0,0.738,0.0,0.738,6.9424,False,False,0.0949
foursquare,lfp,0,67,False,-0.0116,0.662,0.076,0.738,10.4877,False,False,1.3612
foursquare,lfp,0,35,False,0.0168,0.632,0.106,0.738,6.6027,False,False,0.1463
foursquare,lfp,0,68,False,0.0158,0.716,0.022,0.738,7.2475,False,False,0.3677
foursquare,lfp,0,45,False,-0.1299,0.504,0.234,0.738,8.8095,True,False,0.5287
foursquare,lfp,0,81,True,-0.0814,0.598,0.14,0.738,7.3527,True,False,0.1433
foursquare,lfp,0,84,True,-0.0321,0.214,0.952,0.738,7.1467,False,True,2.038
foursquare,lfp,0,85,True,-0.1291,0.33,0.408,0.738,9.1954,True,False,0.1351
foursquare,lfp,0,83,True,-0.0443,0.644,0.094,0.738,9.8608,False,False,0.753
foursquare,lfp,1,23,False,0.0102,0.558,0.088,0.646,14.3915,False,True,2.5124
foursquare,lfp,1,39,False,0.0132,0.634,0.012,0.646,6.4563,False,False,0.201
foursquare,lfp,1,69,False,0.0311,0.618,0.028,0.646,6.85,False,False,0.0308
foursquare,lfp,1,74,False,0.0,0.646,0.0,0.646,12.9378,False,False,1.5149
foursquare,lfp,1,0,False,0.0371,0.596,0.05,0.646,7.1788,False,False,0.5164
foursquare,lfp,1,1,False,0.0298,0.608,0.038,0.646,8.3346,False,False,0.4702
foursquare,lfp,1,38,False,0.0,0.646,0.0,0.646,5.779,False,False,0.7467
foursquare,lfp,1,45,False,-0.055,0.31,0.336,0.646,8.9839,True,False,0.0244
foursquare,lfp,1,72,False,-0.1771,0.028,0.618,0.646,10.2063,True,False,0.7158
foursquare,lfp,1,63,False,0.0257,0.606,0.04,0.646,11.9376,False,False,1.6144
foursquare,lfp,1,8,False,0.0,0.646,0.0,0.646,7.9914,False,False,0.3992
foursquare,lfp,1,13,False,0.0,0.646,0.0,0.646,5.8322,False,False,0.4696
foursquare,lfp,1,15,False,0.0,0.354,1.0,0.646,10.3007,False,False,1.0488
foursquare,lfp,1,41,False,0.0275,0.61,0.036,0.646,6.7238,False,False,0.0109
foursquare,lfp,1,54,False,0.0091,0.604,0.042,0.646,8.9121,False,False,0.5347
foursquare,lfp,1,5,False,0.0,0.646,0.0,0.646,5.5637,False,False,1.8801
foursquare,lfp,1,94,True,0.051,0.13,0.776,0.646,8.5743,False,False,1.0107
foursquare,lfp,1,82,True,0.0066,0.64,0.006,0.646,9.6571,False,False,0.3387
foursquare,lfp,1,95,True,-0.07,0.386,0.26,0.646,7.5762,True,False,0.613
foursquare,lfp,1,96,True,0.0,0.646,0.0,0.646,10.5257,False,False,0.6115
foursquare,lfp,2,49,False,0.0482,0.45,0.03,0.48,8.9666,False,False,0.5854
foursquare,lfp,2,43,False,0.0876,0.424,0.056,0.48,5.6182,False,False,1.3744
foursquare,lfp,2,38,False,0.0,0.48,0.0,0.48,6.157,False,False,0.6531
foursquare,lfp,2,46,False,-0.0632,0.018,0.462,0.48,9.6047,True,False,0.0228
foursquare,lfp,2,79,False,0.0173,0.472,0.008,0.48,16.2762,False,True,2.5451
foursquare,lfp,2,24,False,0.0,0.52,1.0,0.48,13.3326,False,False,0.0698
foursquare,lfp,2,19,False,-0.1262,0.182,0.298,0.48,5.9464,True,False,1.8861
foursquare,lfp,2,62,False,0.0415,0.43,0.05,0.48,12.3336,False,False,1.4272
foursquare,lfp,2,56,False,0.0075,0.138,0.342,0.48,9.8753,False,False,0.2614
foursquare,lfp,2,73,False,0.0056,0.362,0.118,0.48,10.0322,False,False,0.7162
foursquare,lfp,2,32,False,0.0,0.48,0.0,0.48,6.9229,False,False,0.0861
foursquare,lfp,2,77,False,-0.1043,0.164,0.316,0.48,6.5928,True,False,1.1354
foursquare,lfp,2,39,False,0.0,0.48,0.0,0.48,7.2873,False,False,0.0817
foursquare,lfp,2,7,False,-0.0225,0.01,0.47,0.48,7.0415,False,False,0.9732
foursquare,lfp,2,63,False,0.0322,0.442,0.038,0.48,11.7694,False,False,1.453
foursquare,lfp,2,42,False,-0.0701,0.378,0.102,0.48,6.5563,True,False,0.4155
foursquare,lfp,2,91,True,0.0,0.48,0.0,0.48,8.621,False,False,0.0165
foursquare,lfp,2,80,True,0.1377,0.188,0.292,0.48,8.2318,False,False,0.3841
foursquare,lfp,2,87,True,0.0,0.48,0.0,0.48,8.3854,False,False,0.0071
foursquare,lfp,2,88,True,0.0349,0.46,0.02,0.48,8.3659,False,False,0.0388
foursquare,lfp,3,55,False,0.0,0.372,0.0,0.372,19.6804,False,True,3.011
foursquare,lfp,3,25,False,0.0,0.372,0.0,0.372,7.1444,False,False,0.4042
foursquare,lfp,3,10,False,-0.0013,0.21,0.162,0.372,8.4789,False,False,0.0403
foursquare,lfp,3,19,False,-0.1518,0.082,0.29,0.372,6.1883,True,False,1.7889
foursquare,lfp,3,45,False,0.0316,0.026,0.346,0.372,8.1648,False,False,0.0586
foursquare,lfp,3,1,False,0.0896,0.332,0.04,0.372,8.6136,False,False,0.4218
foursquare,lfp,3,73,False,0.0539,0.314,0.058,0.372,9.5554,False,False,0.5718
foursquare,lfp,3,21,False,0.0,0.628,1.0,0.372,10.4069,False,False,0.6627
foursquare,lfp,3,54,False,0.0657,0.32,0.052,0.372,8.1805,False,False,0.3131
foursquare,lfp,3,2,False,0.0611,0.344,0.028,0.372,8.7803,False,False,0.4589
foursquare,lfp,3,20,False,0.0766,0.336,0.036,0.372,10.0594,False,False,0.8277
foursquare,lfp,3,33,False,0.0,0.372,0.0,0.372,7.0926,False,False,0.3926
foursquare,lfp,3,29,False,0.0,0.372,0.0,0.372,6.2878,False,False,0.4389
foursquare,lfp,3,62,False,0.0804,0.296,0.076,0.372,13.338,False,False,1.5665
foursquare,lfp,3,7,False,0.1452,0.052,0.32,0.372,6.7108,False,False,0.9646
foursquare,lfp,3,77,False,0.014,0.074,0.298,0.372,6.571,False,False,1.1056
foursquare,lfp,3,80,True,0.1501,0.244,0.128,0.372,7.4017,False,False,0.3679
foursquare,lfp,3,81,True,0.077,0.31,0.062,0.372,7.3207,False,False,0.4749
foursquare,lfp,3,88,True,0.0831,0.334,0.038,0.372,8.7449,False,False,0.0074
foursquare,lfp,3,95,True,0.1171,0.082,0.29,0.372,7.2422,False,False,0.5596
foursquare,lfp,4,47,False,0.0,0.262,0.0,0.262,7.7824,False,False,0.4912
foursquare,lfp,4,78,False,0.0108,0.224,0.486,0.262,7.6371,False,False,0.0634
foursquare,lfp,4,36,False,-0.011,0.056,0.206,0.262,5.7721,True,False,0.4143
foursquare,lfp,4,51,False,0.0568,0.132,0.394,0.262,7.0357,False,False,0.0112
foursquare,lfp,4,44,False,0.0,0.262,0.0,0.262,7.1684,False,False,0.6966
foursquare,lfp,4,13,False,0.0,0.262,0.0,0.262,7.3057,False,False,0.0333
foursquare,lfp,4,10,False,0.0573,0.028,0.234,0.262,7.9372,False,False,0.5965
foursquare,lfp,4,75,False,0.0,0.738,1.0,0.262,4.7146,False,True,2.5433
foursquare,lfp,4,11,False,0.071,0.238,0.024,0.262,7.2557,False,False,0.1848
foursquare,lfp,4,24,False,0.0,0.738,1.0,0.262,11.9959,False,False,0.5893
foursquare,lfp,4,72,False,-0.0131,0.324,0.586,0.262,8.4399,True,False,0.004
foursquare,lfp,4,34,False,0.0054,0.014,0.248,0.262,11.6406,False,True,2.1164
foursquare,lfp,4,33,False,0.0,0.262,0.0,0.262,8.2121,False,False,0.2061
foursquare,lfp,4,45,False,0.0145,0.1,0.362,0.262,7.7125,False,False,0.5463
foursquare,lfp,4,21,False,0.0,0.738,1.0,0.262,8.2485,False,False,0.4189
foursquare,lfp,4,66,False,0.0757,0.074,0.336,0.262,5.6991,False,False,0.9416
foursquare,lfp,4,80,True,0.0316,0.218,0.044,0.262,7.3647,False,False,0.0295
foursquare,lfp,4,82,True,0.0512,0.25,0.012,0.262,8.9899,False,False,0.7833
foursquare,lfp,4,90,True,0.0112,0.26,0.002,0.262,10.3581,False,False,1.3303
foursquare,lfp,4,84,True,0.0136,0.704,0.966,0.262,5.7281,False,False,1.9038
foursquare,lfp,5,70,False,0.03,0.016,0.25,0.234,5.2069,False,False,1.0084
foursquare,lfp,5,25,False,0.026,0.23,0.004,0.234,6.5404,False,False,0.2041
foursquare,lfp,5,14,False,0.1193,0.136,0.098,0.234,7.4542,False,False,0.4654
foursquare,lfp,5,40,False,0.1355,0.152,0.082,0.234,10.0707,False,False,1.2694
foursquare,lfp,5,73,False,0.0,0.234,0.0,0.234,8.6307,False,False,0.6608
foursquare,lfp,5,64,False,0.0241,0.096,0.138,0.234,6.674,False,False,0.1801
foursquare,lfp,5,42,False,0.0,0.234,0.0,0.234,5.2274,False,False,0.2749
foursquare,lfp,5,38,False,-0.002,0.024,0.258,0.234,5.8633,False,False,0.6438
foursquare,lfp,5,77,False,0.0212,0.682,0.916,0.234,7.8246,False,False,0.7078
foursquare,lfp,5,18,False,0.0,0.234,0.0,0.234,5.7448,False,False,0.0023
foursquare,lfp,5,29,False,-0.0312,0.014,0.22,0.234,6.2585,False,False,0.2415
foursquare,lfp,5,36,False,0.0,0.766,1.0,0.234,5.4877,False,True,2.0013
foursquare,lfp,5,75,False,0.1446,0.208,0.026,0.234,7.8032,False,False,0.6429
foursquare,lfp,5,69,False,0.0,0.234,0.0,0.234,4.4483,False,False,1.2014
foursquare,lfp,5,5,False,0.0,0.234,0.0,0.234,13.8451,False,True,2.29
foursquare,lfp,5,74,True,-0.0948,0.71,0.944,0.234,6.6345,True,False,1.452
foursquare,lfp,5,84,True,0.2063,0.186,0.048,0.234,8.7135,False,False,0.3967
foursquare,lfp,5,92,True,0.1823,0.002,0.236,0.234,10.2913,False,False,1.0386
foursquare,lfp,5,83,True,0.0005,0.022,0.256,0.234,9.3413,False,False,0.3808
foursquare,lfp,6,9,False,0.1369,0.078,0.088,0.166,7.2337,False,False,0.209
foursquare,lfp,6,40,False,0.1642,0.11,0.056,0.166,6.1941,False,False,0.1127
foursquare,lfp,6,60,False,0.0,0.166,0.0,0.166,4.831,False,False,1.3829
foursquare,lfp,6,59,False,0.0,0.166,0.0,0.166,5.2696,False,False,0.411
foursquare,lfp,6,38,False,0.0,0.166,0.0,0.166,7.3803,False,False,0.0566
foursquare,lfp,6,8,False,0.0564,0.09,0.256,0.166,6.1628,False,False,0.8796
foursquare,lfp,6,77,False,0.0,0.834,1.0,0.166,7.1225,False,False,1.7261
foursquare,lfp,6,4,False,0.0,0.166,0.0,0.166,7.356,False,False,0.0684
foursquare,lfp,6,52,False,0.1431,0.162,0.328,0.166,9.2458,False,False,0.2858
foursquare,lfp,6,56,False,0.0,0.166,0.0,0.166,4.7121,False,False,1.2764
foursquare,lfp,6,5,False,0.1945,0.132,0.034,0.166,10.5668,False,False,1.1926
foursquare,lfp,6,20,False,0.2095,0.138,0.028,0.166,6.9765,False,False,0.2228
foursquare,lfp,6,69,False,0.2058,0.128,0.038,0.166,6.7039,False,False,0.1114
foursquare,lfp,6,35,False,0.0835,0.118,0.284,0.166,8.3102,False,False,0.1838
foursquare,lfp,6,10,False,0.207,0.12,0.046,0.166,17.5482,False,True,3.1041
foursquare,lfp,6,23,True,0.0353,0.38,0.546,0.166,8.7598,False,False,0.0485
foursquare,lfp,6,85,True,0.015,0.068,0.098,0.166,7.9696,False,False,0.0981
foursquare,lfp,6,86,True,0.3284,0.098,0.068,0.166,9.1102,False,False,0.2507
foursquare,lfp,6,88,True,0.3284,0.098,0.068,0.166,9.7567,False,False,0.403
foursquare,lfp,7,21,False,0.0,0.902,1.0,0.098,9.7179,False,False,0.6481
foursquare,lfp,7,29,False,0.0,0.098,0.0,0.098,5.8602,False,False,0.525
foursquare,lfp,7,0,False,0.3777,0.06,0.038,0.098,6.0717,False,False,0.5182
foursquare,lfp,7,23,False,0.3334,0.004,0.102,0.098,15.3119,False,True,2.4686
foursquare,lfp,7,11,False,0.2595,0.062,0.036,0.098,7.2599,False,False,0.1584
foursquare,lfp,7,62,False,0.2266,0.076,0.174,0.098,12.3151,False,False,1.455
foursquare,lfp,7,19,False,-0.0509,0.192,0.29,0.098,5.9888,False,False,1.8073
foursquare,lfp,7,52,False,0.0,0.098,0.0,0.098,8.4461,False,False,0.3233
foursquare,lfp,7,41,False,0.2843,0.06,0.038,0.098,8.1736,False,False,0.2185
foursquare,lfp,7,63,False,0.204,0.002,0.1,0.098,12.612,False,False,1.6643
foursquare,lfp,7,1,False,0.2044,0.024,0.122,0.098,9.627,False,False,0.739
foursquare,lfp,7,72,False,0.0546,0.43,0.528,0.098,9.8233,False,False,0.3806
foursquare,lfp,7,56,False,0.0684,0.21,0.308,0.098,9.125,False,False,0.1399
foursquare,lfp,7,22,False,0.0,0.098,0.0,0.098,8.0237,False,False,0.0642
foursquare,lfp,7,38,False,0.0,0.098,0.0,0.098,6.0826,False,False,0.6731
foursquare,lfp,7,46,False,0.1025,0.34,0.438,0.098,9.2918,False,False,0.0859
foursquare,lfp,7,83,True,0.0,0.098,0.0,0.098,9.1907,False,False,0.3004
foursquare,lfp,7,92,True,0.244,0.006,0.092,0.098,8.3767,False,False,0.1761
foursquare,lfp,7,88,True,0.3777,0.06,0.038,0.098,8.7637,False,False,0.0657
foursquare,lfp,7,84,True,0.0276,0.788,0.886,0.098,6.9219,False,False,1.8196
foursquare,lfp,8,79,False,0.0,0.07,0.0,0.07,18.2107,False,True,2.2838
foursquare,lfp,8,17,False,0.0028,0.912,0.982,0.07,6.8552,False,False,1.4517
foursquare,lfp,8,66,False,0.1212,0.272,0.342,0.07,6.254,False,False,0.9512
foursquare,lfp,8,45,False,0.1634,0.26,0.33,0.07,8.525,False,False,0.0388
foursquare,lfp,8,16,False,0.2824,0.056,0.126,0.07,6.3584,False,False,0.5974
foursquare,lfp,8,44,False,0.0,0.07,0.0,0.07,6.901,False,False,0.7939
foursquare,lfp,8,64,False,0.0,0.07,0.0,0.07,9.7099,False,False,0.005
foursquare,lfp,8,8,False,0.0,0.07,0.0,0.07,8.604,False,False,0.2988
foursquare,lfp,8,36,False,0.1887,0.098,0.168,0.07,6.3986,False,False,0.6419
foursquare,lfp,8,18,False,0.0162,0.754,0.824,0.07,7.3052,False,False,0.9919
foursquare,lfp,8,58,False,0.0,0.07,0.0,0.07,9.4473,False,False,0.1479
foursquare,lfp,8,55,False,0.0,0.07,0.0,0.07,18.4076,False,True,2.2793
foursquare,lfp,8,46,False,0.0762,0.41,0.48,0.07,9.0412,False,False,0.081
foursquare,lfp,8,23,False,0.4076,0.014,0.056,0.07,14.1337,False,False,1.5582
foursquare,lfp,8,34,False,0.314,0.052,0.122,0.07,12.2903,False,False,0.9951
foursquare,lfp,8,72,False,0.0546,0.53,0.6,0.07,8.8154,False,False,0.4582
foursquare,lfp,8,96,True,0.0,0.07,0.0,0.07,9.1193,False,False,0.1087
foursquare,lfp,8,81,True,0.3929,0.002,0.068,0.07,7.7751,False,False,0.3907
foursquare,lfp,8,93,True,0.1941,0.01,0.06,0.07,8.0781,False,False,0.1851
foursquare,lfp,8,95,True,0.1749,0.122,0.192,0.07,6.7857,False,False,0.4975
foursquare,lfp,9,72,False,0.0832,0.414,0.47,0.056,9.0671,False,False,0.1806
foursquare,lfp,9,77,False,0.1564,0.228,0.284,0.056,5.7249,False,False,0.7773
foursquare,lfp,9,15,False,0.0,0.944,1.0,0.056,8.6817,False,False,0.52
foursquare,lfp,9,0,False,0.5192,0.016,0.04,0.056,6.5146,False,False,0.2341
foursquare,lfp,9,12,False,0.0,0.056,0.0,0.056,6.6017,False,False,0.1307
foursquare,lfp,9,64,False,0.0,0.056,0.0,0.056,9.0225,False,False,0.2125
foursquare,lfp,9,29,False,0.0,0.056,0.0,0.056,5.7601,False,False,0.3232
foursquare,lfp,9,26,False,0.1951,0.102,0.158,0.056,11.848,False,False,1.1997
foursquare,lfp,9,31,False,0.0,0.056,0.0,0.056,8.2157,False,False,0.0455
foursquare,lfp,9,63,False,0.4874,0.018,0.038,0.056,13.0716,False,False,1.6137
foursquare,lfp,9,79,False,0.2293,0.046,0.01,0.056,18.4521,False,True,2.7102
foursquare,lfp,9,4,False,0.0,0.944,1.0,0.056,5.9287,False,False,1.6192
foursquare,lfp,9,61,False,0.08,0.444,0.5,0.056,6.8278,False,False,0.6005
foursquare,lfp,9,51,False,0.1112,0.332,0.388,0.056,7.4962,False,False,0.1449
foursquare,lfp,9,44,False,0.0,0.056,0.0,0.056,6.3213,False,False,0.6296
foursquare,lfp,9,75,False,0.0,0.944,1.0,0.056,5.1277,False,False,1.8214
foursquare,lfp,9,83,True,0.2201,0.034,0.09,0.056,10.0993,False,False,0.5802
foursquare,lfp,9,99,True,0.2956,0.06,0.116,0.056,10.3909,False,False,0.6363
foursquare,lfp,9,97,True,0.4424,0.01,0.046,0.056,7.6224,False,False,0.0604
foursquare,lfp,9,93,True,0.2881,0.002,0.054,0.056,8.3514,False,False,0.1346
foursquare,lfp,10,8,False,0.0,0.05,0.0,0.05,7.246,False,False,0.318
foursquare,lfp,10,2,False,0.4805,0.02,0.03,0.05,9.3703,False,False,1.0203
foursquare,lfp,10,4,False,0.0,0.95,1.0,0.05,7.3397,False,True,2.6818
foursquare,lfp,10,64,False,0.0,0.05,0.0,0.05,8.6448,False,False,0.3136
foursquare,lfp,10,27,False,0.0,0.05,0.0,0.05,6.8915,False,False,0.5452
foursquare,lfp,10,47,False,0.4805,0.02,0.03,0.05,8.1837,False,False,0.5738
foursquare,lfp,10,73,False,0.2716,0.108,0.158,0.05,9.1188,False,False,0.7186
foursquare,lfp,10,56,False,0.1112,0.342,0.392,0.05,9.2122,False,False,0.0506
foursquare,lfp,10,68,False,0.5325,0.02,0.03,0.05,7.0593,False,False,0.1687
foursquare,lfp,10,38,False,0.0,0.05,0.0,0.05,5.2958,False,False,0.7403
foursquare,lfp,10,49,False,0.6011,0.022,0.028,0.05,9.7501,False,False,1.1698
foursquare,lfp,10,3,False,0.1163,0.332,0.382,0.05,9.0827,False,False,0.0864
foursquare,lfp,10,19,False,-0.0452,0.258,0.308,0.05,5.8905,False,True,2.3335
foursquare,lfp,10,52,False,0.0,0.05,0.0,0.05,7.3677,False,False,0.2816
foursquare,lfp,10,41,False,0.5325,0.02,0.03,0.05,7.6577,False,False,0.4792
foursquare,lfp,10,50,False,0.4947,0.0,0.05,0.05,7.4556,False,False,0.2811
foursquare,lfp,10,95,True,0.2062,0.096,0.146,0.05,8.5765,False,False,0.4001
foursquare,lfp,10,90,True,0.5479,0.022,0.028,0.05,11.6533,False,False,1.3091
foursquare,lfp,10,82,True,0.3215,0.032,0.082,0.05,10.8672,False,False,0.8149
foursquare,lfp,10,88,True,0.5095,0.024,0.026,0.05,9.2369,False,False,0.3144
foursquare,lfp,11,20,False,0.6326,0.004,0.03,0.026,11.1378,False,False,1.5421
foursquare,lfp,11,49,False,0.6308,0.002,0.024,0.026,9.9819,False,False,1.1752
foursquare,lfp,11,30,False,0.4828,0.02,0.046,0.026,7.4402,False,False,0.1932
foursquare,lfp,11,17,False,0.0013,0.95,0.976,0.026,6.6899,False,False,1.6314
foursquare,lfp,11,73,False,0.1577,0.172,0.198,0.026,9.1314,False,False,0.9072
foursquare,lfp,11,43,False,0.3301,0.082,0.108,0.026,5.5253,False,False,1.1807
foursquare,lfp,11,0,False,0.4184,0.03,0.056,0.026,6.0568,False,False,0.2814
foursquare,lfp,11,7,False,0.0906,0.334,0.36,0.026,6.2661,False,False,0.7656
foursquare,lfp,11,53,False,0.0,0.026,0.0,0.026,10.0789,False,False,0.4044
foursquare,lfp,11,10,False,0.0927,0.3,0.326,0.026,8.2101,False,False,0.3681
foursquare,lfp,11,54,False,0.4828,0.02,0.046,0.026,9.2809,False,False,0.9533
foursquare,lfp,11,46,False,0.0463,0.462,0.488,0.026,9.054,False,False,0.3674
foursquare,lfp,11,41,False,0.5591,0.004,0.03,0.026,7.8927,False,False,0.4295
foursquare,lfp,11,4,False,0.0,0.974,1.0,0.026,6.1559,False,True,2.0107
foursquare,lfp,11,76,False,0.5486,0.012,0.038,0.026,6.9955,False,False,0.1854
foursquare,lfp,11,65,False,0.0,0.974,1.0,0.026,8.1799,False,False,0.7387
foursquare,lfp,11,96,True,0.0,0.026,0.0,0.026,10.388,False,False,0.8834
foursquare,lfp,11,84,True,0.0147,0.696,0.722,0.026,6.1795,False,False,1.729
foursquare,lfp,11,92,True,-0.0202,0.01,0.016,0.026,8.1275,False,False,0.0712
foursquare,lfp,11,98,True,0.077,0.01,0.016,0.026,10.1631,False,False,0.857
foursquare,lfp,12,45,False,0.0852,0.282,0.304,0.022,8.3956,False,False,0.3551
foursquare,lfp,12,72,False,0.0439,0.432,0.454,0.022,8.6917,False,False,0.37
foursquare,lfp,12,47,False,0.6885,0.002,0.024,0.022,8.8034,False,False,0.5816
foursquare,lfp,12,53,False,0.0,0.022,0.0,0.022,9.9185,False,False,0.2304
foursquare,lfp,12,40,False,0.0,0.022,0.0,0.022,5.999,False,False,0.5156
foursquare,lfp,12,29,False,0.0762,0.306,0.328,0.022,5.8574,False,False,1.2844
foursquare,lfp,12,70,False,0.6585,0.004,0.026,0.022,7.4112,False,False,0.1921
foursquare,lfp,12,37,False,0.0868,0.278,0.3,0.022,7.8354,False,False,0.1059
foursquare,lfp,12,10,False,0.3373,0.056,0.078,0.022,11.597,False,False,1.5445
foursquare,lfp,12,28,False,0.3027,0.054,0.076,0.022,6.589,False,False,0.3367
foursquare,lfp,12,0,False,0.0499,0.402,0.424,0.022,6.4061,False,False,1.0264
foursquare,lfp,12,66,False,0.0,0.022,0.0,0.022,8.9934,False,False,0.3096
foursquare,lfp,12,22,False,0.5597,0.012,0.034,0.022,13.7485,False,True,2.3719
foursquare,lfp,12,63,False,0.0631,0.348,0.37,0.022,9.0033,False,False,0.1342
foursquare,lfp,12,46,False,0.0,0.978,1.0,0.022,5.509,False,True,2.4469
foursquare,lfp,12,75,True,0.3493,0.0,0.022,0.022,9.2619,False,False,0.3421
foursquare,lfp,12,93,True,0.0,0.022,0.0,0.022,10.1173,False,False,0.6786
foursquare,lfp,12,91,True,0.0082,0.824,0.846,0.022,7.8026,False,False,0.7068
foursquare,lfp,12,94,True,0.303,0.018,0.004,0.022,7.69,False,False,0.159
foursquare,lfp,13,6,False,0.6571,0.016,0.038,0.022,12.0019,False,False,1.9241
foursquare,lfp,13,17,False,0.001,0.956,0.978,0.022,7.0468,False,False,1.5068
foursquare,lfp,13,69,False,0.7775,0.002,0.024,0.022,7.3508,False,False,0.3512
foursquare,lfp,13,66,False,0.0798,0.296,0.318,0.022,6.8796,False,False,0.741
foursquare,lfp,13,15,False,0.0,0.978,1.0,0.022,9.0631,False,False,0.497
foursquare,lfp,13,9,False,0.2048,0.126,0.148,0.022,7.747,False,False,0.3631
foursquare,lfp,13,60,False,0.7338,0.01,0.032,0.022,5.4649,False,False,0.0391
foursquare,lfp,13,36,False,0.1088,0.232,0.254,0.022,6.3534,False,False,0.3811
foursquare,lfp,13,4,False,0.0,0.978,1.0,0.022,6.307,False,False,1.9013
foursquare,lfp,13,5,False,0.0,0.022,0.0,0.022,4.9363,False,False,1.3574
foursquare,lfp,13,59,False,0.0,0.022,0.0,0.022,5.058,False,False,1.4805
foursquare,lfp,13,47,False,0.6138,0.02,0.042,0.022,8.2824,False,False,0.7551
foursquare,lfp,13,20,False,0.7064,0.012,0.034,0.022,10.8187,False,False,1.6219
foursquare,lfp,13,25,False,0.0,0.022,0.0,0.022,6.6491,False,False,0.0743
foursquare,lfp,13,64,False,0.0,0.022,0.0,0.022,9.0917,False,False,0.4841
foursquare,lfp,13,11,False,0.7064,0.012,0.034,0.022,5.9271,False,False,0.018
foursquare,lfp,13,98,True,0.511,0.032,0.054,0.022,9.7149,False,False,0.8435
foursquare,lfp,13,82,True,0.7129,0.006,0.028,0.022,9.892,False,False,0.8018
foursquare,lfp,13,88,True,0.7129,0.006,0.028,0.022,8.9126,False,False,0.5295
foursquare,lfp,13,92,True,-0.0174,0.008,0.014,0.022,8.671,False,False,0.3223
foursquare,lfp,14,4,False,0.0,0.978,1.0,0.022,5.8805,False,False,1.6423
foursquare,lfp,14,61,False,0.0476,0.458,0.48,0.022,6.9853,False,False,0.5576
foursquare,lfp,14,71,False,0.3027,0.078,0.1,0.022,7.873,False,False,0.2252
foursquare,lfp,14,48,False,0.8141,0.0,0.022,0.022,7.6663,False,False,0.0493
foursquare,lfp,14,56,False,0.061,0.356,0.378,0.022,8.6216,False,False,0.3039
foursquare,lfp,14,59,False,0.0,0.022,0.0,0.022,5.5017,False,False,1.3044
foursquare,lfp,14,39,False,0.6331,0.012,0.034,0.022,7.172,False,False,0.0082
foursquare,lfp,14,7,False,0.1481,0.176,0.198,0.022,6.4533,False,False,0.5634
foursquare,lfp,14,75,False,0.0,0.978,1.0,0.022,5.1002,False,False,1.8645
foursquare,lfp,14,26,False,0.3962,0.052,0.074,0.022,10.8603,False,False,1.0512
foursquare,lfp,14,40,False,0.5415,0.028,0.05,0.022,15.9269,False,True,2.4803
foursquare,lfp,14,23,False,0.7064,0.012,0.034,0.022,11.6534,False,False,1.3626
foursquare,lfp,14,6,False,0.3549,0.062,0.084,0.022,8.4191,False,False,0.4019
foursquare,lfp,14,50,False,0.6138,0.02,0.042,0.022,7.3918,False,False,0.0641
foursquare,lfp,14,35,False,0.0,0.978,1.0,0.022,7.5047,False,False,0.7206
foursquare,lfp,14,65,True,-0.0253,0.006,0.028,0.022,7.5541,False,False,0.1522
foursquare,lfp,14,97,True,-0.0214,0.002,0.02,0.022,7.6339,False,False,0.1292
foursquare,lfp,14,81,True,0.0,0.022,0.0,0.022,10.2019,False,False,0.6066
foursquare,lfp,14,91,True,0.0,0.022,0.0,0.022,9.1391,False,False,0.381
foursquare,lfp,15,73,False,0.3949,0.048,0.072,0.024,8.9674,False,False,0.811
foursquare,lfp,15,62,False,0.5344,0.032,0.056,0.024,12.784,False,True,2.4022
foursquare,lfp,15,17,False,0.0013,0.95,0.974,0.024,6.9517,False,True,2.0787
foursquare,lfp,15,51,False,0.0544,0.404,0.428,0.024,7.5849,False,False,0.1405
foursquare,lfp,15,68,False,0.7336,0.006,0.03,0.024,7.9538,False,False,0.5361
foursquare,lfp,15,47,False,0.575,0.02,0.044,0.024,7.9628,False,False,0.4082
foursquare,lfp,15,41,False,0.7254,0.012,0.036,0.024,7.4533,False,False,0.3104
foursquare,lfp,15,8,False,0.0,0.024,0.0,0.024,8.4876,False,False,0.1999
foursquare,lfp,15,53,False,0.0,0.024,0.0,0.024,9.5367,False,False,0.3271
foursquare,lfp,15,57,False,0.1104,0.246,0.27,0.024,5.712,False,False,1.1757
foursquare,lfp,15,3,False,0.0956,0.276,0.3,0.024,8.2832,False,False,0.2922
foursquare,lfp,15,71,False,0.2442,0.112,0.136,0.024,8.4677,False,False,0.5376
foursquare,lfp,15,7,False,0.093,0.282,0.306,0.024,6.2472,False,False,1.0164
foursquare,lfp,15,43,False,0.3376,0.084,0.108,0.024,5.7466,False,False,1.5258
foursquare,lfp,15,34,False,0.1314,0.212,0.236,0.024,11.1561,False,False,1.5258
foursquare,lfp,15,36,False,0.1328,0.21,0.234,0.024,6.1298,False,False,0.7243
foursquare,lfp,15,80,True,-0.0348,0.032,0.056,0.024,7.5303,False,False,0.3801
foursquare,lfp,15,97,True,0.1359,0.138,0.162,0.024,8.1373,False,False,0.1109
foursquare,lfp,15,95,True,0.3766,0.062,0.086,0.024,8.0037,False,False,0.3385
foursquare,lfp,15,83,True,0.3691,0.074,0.098,0.024,9.7818,False,False,0.5401
foursquare,lfp,16,20,False,0.7518,0.014,0.036,0.022,10.3125,False,False,0.6356
foursquare,lfp,16,56,False,0.0663,0.374,0.396,0.022,9.1404,False,False,0.0612
foursquare,lfp,16,36,False,0.1543,0.19,0.212,0.022,6.6133,False,False,0.674
foursquare,lfp,16,55,False,0.0,0.022,0.0,0.022,20.1329,False,True,2.7056
foursquare,lfp,16,16,False,0.156,0.188,0.21,0.022,6.3656,False,False,0.754
foursquare,lfp,16,28,False,0.3859,0.064,0.086,0.022,12.4648,False,False,1.0985
foursquare,lfp,16,31,False,0.0,0.022,0.0,0.022,9.006,False,False,0.3616
foursquare,lfp,16,10,False,0.1123,0.226,0.248,0.022,7.9657,False,False,0.0588
foursquare,lfp,16,15,False,0.0053,0.872,0.894,0.022,8.4917,False,False,0.6935
foursquare,lfp,16,41,False,0.7338,0.01,0.032,0.022,8.0125,False,False,0.0661
foursquare,lfp,16,75,False,0.0,0.978,1.0,0.022,5.2699,False,True,2.027
foursquare,lfp,16,54,False,0.394,0.062,0.084,0.022,9.2945,False,False,0.2941
foursquare,lfp,16,6,False,0.7949,0.006,0.028,0.022,12.9282,False,False,1.2359
foursquare,lfp,16,58,False,0.0,0.022,0.0,0.022,12.1915,False,False,0.6974
foursquare,lfp,16,17,False,0.001,0.956,0.978,0.022,6.5896,False,False,1.525
foursquare,lfp,16,7,False,0.1252,0.23,0.252,0.022,6.5925,False,False,0.8405
foursquare,lfp,16,97,True,0.4253,0.046,0.068,0.022,8.6486,False,False,0.0879
foursquare,lfp,16,92,True,-0.0359,0.06,0.082,0.022,8.4187,False,False,0.2074
foursquare,lfp,16,98,True,0.303,0.018,0.004,0.022,9.3428,False,False,0.083
foursquare,lfp,16,82,True,0.0,0.022,0.0,0.022,10.3717,False,False,0.3524
foursquare,lfp,17,27,False,0.0,0.024,0.0,0.024,8.102,False,False,0.1216
foursquare,lfp,17,36,False,0.1771,0.178,0.202,0.024,6.1801,False,False,0.2827
foursquare,lfp,17,43,False,0.3156,0.092,0.116,0.024,5.2879,False,False,1.1051
foursquare,lfp,17,38,False,0.0,0.024,0.0,0.024,7.0155,False,False,0.2241
foursquare,lfp,17,52,False,0.0,0.024,0.0,0.024,8.8189,False,False,0.2384
foursquare,lfp,17,18,False,0.0271,0.618,0.642,0.024,6.0876,False,False,0.8521
foursquare,lfp,17,46,False,0.0695,0.382,0.406,0.024,8.5527,False,False,0.7719
foursquare,lfp,17,16,False,0.1943,0.162,0.186,0.024,6.3045,False,False,0.3273
foursquare,lfp,17,24,False,0.0,0.976,1.0,0.024,11.1806,False,False,0.8834
foursquare,lfp,17,58,False,0.1507,0.022,0.002,0.024,8.9682,False,False,0.6648
foursquare,lfp,17,73,False,0.1876,0.168,0.192,0.024,10.137,False,False,1.6586
foursquare,lfp,17,65,False,0.001,0.956,0.98,0.024,6.915,False,False,0.6127
foursquare,lfp,17,1,False,0.7516,0.01,0.034,0.024,11.3282,False,True,2.1682
foursquare,lfp,17,19,False,-0.0238,0.314,0.338,0.024,4.3445,False,False,1.91
foursquare,lfp,17,30,False,0.6755,0.022,0.046,0.024,7.4432,False,False,0.4375
foursquare,lfp,17,15,False,0.0,0.976,1.0,0.024,7.4224,False,False,0.4379
foursquare,lfp,17,89,True,0.084,0.304,0.328,0.024,8.5423,False,False,0.5733
foursquare,lfp,17,84,True,-0.0346,0.826,0.85,0.024,5.3035,False,False,1.8521
foursquare,lfp,17,94,True,-0.0133,0.664,0.688,0.024,7.9568,False,False,0.1913
foursquare,lfp,17,85,True,0.0358,0.55,0.574,0.024,8.3825,False,False,0.5208
foursquare,lfp,18,13,False,0.0,0.024,0.0,0.024,6.0804,False,False,0.6562
foursquare,lfp,18,48,False,0.6941,0.008,0.016,0.024,8.017,False,False,0.1416
foursquare,lfp,18,64,False,0.0,0.024,0.0,0.024,9.2247,False,False,0.0681
foursquare,lfp,18,12,False,0.0,0.024,0.0,0.024,5.9304,False,False,0.6595
foursquare,lfp,18,52,False,0.0,0.024,0.0,0.024,8.0214,False,False,0.5097
foursquare,lfp,18,3,False,0.0993,0.296,0.32,0.024,8.8501,False,False,0.1261
foursquare,lfp,18,74,False,0.0,0.024,0.0,0.024,15.7795,False,True,2.0282
foursquare,lfp,18,23,False,0.6556,0.024,0.048,0.024,15.703,False,True,2.4828
foursquare,lfp,18,28,False,0.1943,0.162,0.186,0.024,12.6039,False,False,1.322
foursquare,lfp,18,71,False,0.181,0.156,0.18,0.024,8.1076,False,False,0.1148
foursquare,lfp,18,69,False,0.8858,0.006,0.03,0.024,7.2294,False,False,0.2092
foursquare,lfp,18,0,False,0.6562,0.018,0.042,0.024,6.4743,False,False,0.7128
foursquare,lfp,18,46,False,0.0626,0.408,0.432,0.024,9.1987,False,False,0.187
foursquare,lfp,18,67,False,0.5861,0.032,0.056,0.024,9.9243,False,False,0.5984
foursquare,lfp,18,56,False,0.0838,0.336,0.36,0.024,9.5127,False,False,0.0028
foursquare,lfp,18,4,False,0.0,0.976,1.0,0.024,6.8608,False,True,2.3022
foursquare,lfp,18,85,True,0.0168,0.72,0.744,0.024,9.3593,False,False,0.3483
foursquare,lfp,18,80,True,-0.0399,0.072,0.096,0.024,8.6214,False,False,0.4611
foursquare,lfp,18,99,True,0.3832,0.07,0.094,0.024,10.4286,False,False,0.3587
foursquare,lfp,18,92,True,0.316,0.046,0.07,0.024,8.8043,False,False,0.2962
foursquare,lfp,19,14,False,0.2914,0.102,0.126,0.024,7.683,False,False,0.306
foursquare,lfp,19,77,False,0.1115,0.27,0.294,0.024,6.9365,False,False,1.4757
foursquare,lfp,19,31,False,0.0,0.024,0.0,0.024,8.2056,False,False,0.3984
foursquare,lfp,19,1,False,0.8421,0.004,0.028,0.024,9.4655,False,False,1.007
foursquare,lfp,19,33,False,0.0,0.024,0.0,0.024,7.4285,False,False,0.5208
foursquare,lfp,19,50,False,0.4144,0.062,0.086,0.024,8.0065,False,False,0.2533
foursquare,lfp,19,62,False,0.5708,0.034,0.058,0.024,11.7693,False,False,1.8588
foursquare,lfp,19,35,False,0.6022,0.03,0.054,0.024,7.523,False,False,0.1728
foursquare,lfp,19,76,False,0.8769,0.002,0.026,0.024,7.3913,False,False,0.2206
foursquare,lfp,19,24,False,0.0,0.976,1.0,0.024,13.4028,False,False,0.068
foursquare,lfp,19,58,False,0.0,0.024,0.0,0.024,9.8914,False,False,0.5658
foursquare,lfp,19,6,False,0.7423,0.016,0.04,0.024,11.5276,False,False,1.8074
foursquare,lfp,19,37,False,0.8421,0.004,0.028,0.024,7.3524,False,False,0.092
foursquare,lfp,19,39,False,0.9071,0.004,0.02,0.024,7.3566,False,False,0.1876
foursquare,lfp,19,25,False,0.0,0.024,0.0,0.024,7.4782,False,False,0.3299
foursquare,lfp,19,29,False,0.1507,0.022,0.002,0.024,5.42,False,False,0.8579
foursquare,lfp,19,86,True,0.581,0.026,0.05,0.024,8.4274,False,False,0.3081
foursquare,lfp,19,98,True,0.7797,0.008,0.032,0.024,10.5933,False,False,0.6162
foursquare,lfp,19,96,True,0.0,0.024,0.0,0.024,10.9704,False,False,1.0742
foursquare,lfp,19,84,True,0.0012,0.952,0.976,0.024,6.9809,False,True,2.5649
foursquare,lfp,20,78,False,0.0458,0.468,0.49,0.022,8.7742,False,False,0.3941
foursquare,lfp,20,31,False,0.0,0.022,0.0,0.022,7.8292,False,False,0.344
foursquare,lfp,20,59,False,0.0,0.022,0.0,0.022,5.0833,False,False,1.672
foursquare,lfp,20,74,False,0.0,0.022,0.0,0.022,15.7225,False,False,1.954
foursquare,lfp,20,28,False,0.1906,0.154,0.176,0.022,12.9915,False,False,1.3588
foursquare,lfp,20,49,False,0.8099,0.01,0.032,0.022,10.1664,False,False,0.7221
foursquare,lfp,20,6,False,0.7518,0.014,0.036,0.022,11.3863,False,False,1.1103
foursquare,lfp,20,70,False,0.1596,0.184,0.206,0.022,6.0841,False,False,1.2958
foursquare,lfp,20,44,False,0.0,0.022,0.0,0.022,6.2706,False,False,0.9341
foursquare,lfp,20,43,False,0.308,0.088,0.11,0.022,5.9464,False,False,1.2746
foursquare,lfp,20,60,False,0.8099,0.01,0.032,0.022,6.5862,False,False,0.3416
foursquare,lfp,20,22,False,0.0,0.022,0.0,0.022,7.449,False,False,0.1087
foursquare,lfp,20,26,False,0.5817,0.03,0.052,0.022,11.744,False,False,1.1043
foursquare,lfp,20,36,False,0.1401,0.208,0.23,0.022,6.831,False,False,0.7323
foursquare,lfp,20,25,False,0.0,0.022,0.0,0.022,6.5535,False,False,0.4488
foursquare,lfp,20,63,False,0.9146,0.004,0.026,0.022,13.2535,False,False,1.5889
foursquare,lfp,20,88,True,0.3306,0.08,0.102,0.022,8.7972,False,False,0.0941
foursquare,lfp,20,91,True,0.0,0.022,0.0,0.022,9.858,False,False,0.1866
foursquare,lfp,20,83,True,0.7012,0.01,0.012,0.022,10.0939,False,False,0.3587
foursquare,lfp,20,94,True,0.0098,0.798,0.82,0.022,8.618,False,False,0.7437
foursquare,lfp,21,23,False,0.7257,0.016,0.038,0.022,17.5137,False,True,3.2967
foursquare,lfp,21,29,False,0.0,0.022,0.0,0.022,5.9816,False,False,0.6125
foursquare,lfp,21,50,False,0.7012,0.018,0.04,0.022,7.8478,False,False,0.2035
foursquare,lfp,21,51,False,0.0937,0.292,0.314,0.022,7.8023,False,False,0.4032
foursquare,lfp,21,43,False,0.3431,0.076,0.098,0.022,5.663,False,False,1.335
foursquare,lfp,21,33,False,0.0,0.022,0.0,0.022,7.597,False,False,0.2968
foursquare,lfp,21,36,False,0.1578,0.186,0.208,0.022,6.4138,False,False,0.726
foursquare,lfp,21,47,False,0.8099,0.01,0.032,0.022,8.7453,False,False,0.4213
foursquare,lfp,21,57,False,0.1025,0.272,0.294,0.022,6.3015,False,False,1.1054
foursquare,lfp,21,65,False,0.0002,0.974,0.996,0.022,8.555,False,False,1.0063
foursquare,lfp,21,31,False,0.0,0.022,0.0,0.022,8.292,False,False,0.2409
foursquare,lfp,21,60,False,0.8421,0.008,0.03,0.022,6.5094,False,False,0.322
foursquare,lfp,21,28,False,0.217,0.134,0.156,0.022,12.5243,False,False,1.5114
foursquare,lfp,21,64,False,0.0,0.022,0.0,0.022,9.3202,False,False,0.1382
foursquare,lfp,21,42,False,0.3564,0.072,0.094,0.022,6.298,False,False,0.4626
foursquare,lfp,21,27,False,0.0,0.022,0.0,0.022,7.5032,False,False,0.5581
foursquare,lfp,21,90,True,0.7211,0.0,0.022,0.022,10.6249,False,False,0.6956
foursquare,lfp,21,98,True,0.4567,0.032,0.054,0.022,9.2674,False,False,0.2662
foursquare,lfp,21,88,True,0.2078,0.124,0.146,0.022,9.3666,False,False,0.1025
foursquare,lfp,21,83,True,0.5581,0.026,0.048,0.022,10.0423,False,False,0.4333
foursquare,lfp,22,17,False,0.001,0.956,0.978,0.022,6.1501,False,False,1.5582
foursquare,lfp,22,47,False,0.877,0.006,0.028,0.022,8.521,False,False,0.2504
foursquare,lfp,22,24,False,0.0,0.978,1.0,0.022,12.1472,False,False,0.1159
foursquare,lfp,22,62,False,0.2832,0.098,0.12,0.022,12.7541,False,False,1.3382
foursquare,lfp,22,46,False,0.0561,0.416,0.438,0.022,8.6386,False,False,0.0142
foursquare,lfp,22,52,False,0.0,0.022,0.0,0.022,8.392,False,False,0.3185
foursquare,lfp,22,33,False,0.0,0.022,0.0,0.022,7.5118,False,False,0.3661
foursquare,lfp,22,58,False,0.0,0.022,0.0,0.022,11.0825,False,False,0.5531
foursquare,lfp,22,3,False,0.1034,0.27,0.292,0.022,8.1118,False,False,0.103
foursquare,lfp,22,5,False,0.0,0.022,0.0,0.022,5.2232,False,False,1.4561
foursquare,lfp,22,70,False,0.1344,0.216,0.238,0.022,5.3144,False,False,1.2455
foursquare,lfp,22,2,False,0.9555,0.002,0.024,0.022,11.003,False,False,0.889
foursquare,lfp,22,22,False,-0.0037,0.02,0.002,0.022,9.5151,False,False,0.3051
foursquare,lfp,22,19,False,0.0358,0.326,0.348,0.022,4.8863,False,False,1.6634
foursquare,lfp,22,23,False,0.3189,0.084,0.106,0.022,16.505,False,True,2.404
foursquare,lfp,22,28,False,0.2501,0.114,0.136,0.022,12.376,False,False,1.2365
foursquare,lfp,22,87,True,0.0,0.022,0.0,0.022,9.7391,False,False,0.2292
foursquare,lfp,22,85,True,0.0685,0.366,0.388,0.022,8.8851,False,False,0.2273
foursquare,lfp,22,99,True,0.877,0.006,0.028,0.022,9.5574,False,False,0.2342
foursquare,lfp,22,94,True,0.0098,0.798,0.82,0.022,8.0518,False,False,0.6033
foursquare,lfp,23,69,False,0.8099,0.01,0.032,0.022,7.3401,False,False,0.0179
foursquare,lfp,23,64,False,0.0,0.022,0.0,0.022,9.6682,False,False,0.0721
foursquare,lfp,23,78,False,0.0495,0.448,0.47,0.022,8.2537,False,False,0.2196
foursquare,lfp,23,79,False,0.303,0.018,0.004,0.022,23.11,False,True,3.4642
foursquare,lfp,23,70,False,0.098,0.282,0.304,0.022,5.7066,False,False,1.0149
foursquare,lfp,23,57,False,0.1136,0.25,0.272,0.022,5.9994,False,False,0.8193
foursquare,lfp,23,14,False,0.1771,0.166,0.188,0.022,7.2872,False,False,0.0951
foursquare,lfp,23,47,False,0.8099,0.01,0.032,0.022,7.9379,False,False,0.1039
foursquare,lfp,23,50,False,0.7518,0.014,0.036,0.022,7.8575,False,False,0.1268
foursquare,lfp,23,73,False,0.3859,0.064,0.086,0.022,9.7082,False,False,0.4535
foursquare,lfp,23,43,False,0.2976,0.092,0.114,0.022,5.5196,False,False,0.9643
foursquare,lfp,23,67,False,0.1954,0.15,0.172,0.022,9.9399,False,False,0.5555
foursquare,lfp,23,49,False,0.877,0.006,0.028,0.022,10.1494,False,False,0.6778
foursquare,lfp,23,59,False,0.0,0.022,0.0,0.022,5.4018,False,False,1.3083
foursquare,lfp,23,39,False,0.9555,0.002,0.024,0.022,7.1163,False,False,0.136
foursquare,lfp,23,17,False,0.001,0.956,0.978,0.022,6.6217,False,False,1.3047
foursquare,lfp,23,98,True,0.4969,0.034,0.056,0.022,10.6128,False,False,0.5544
foursquare,lfp,23,99,True,0.0858,0.09,0.112,0.022,10.5822,False,False,0.475
foursquare,lfp,23,97,True,0.7211,0.0,0.022,0.022,8.8123,False,False,0.0207
foursquare,lfp,23,94,True,0.0016,0.768,0.79,0.022,7.6955,False,False,0.5824
foursquare,lfp,24,45,False,0.0763,0.34,0.362,0.022,8.3788,False,False,0.3378
foursquare,lfp,24,66,False,0.0809,0.326,0.348,0.022,6.095,False,False,1.0054
foursquare,lfp,24,15,False,0.0013,0.95,0.972,0.022,7.9202,False,False,0.6959
foursquare,lfp,24,78,False,0.0507,0.442,0.464,0.022,7.4887,False,False,0.2476
foursquare,lfp,24,41,False,0.8421,0.008,0.03,0.022,7.8085,False,False,0.3026
foursquare,lfp,24,69,False,0.5352,0.036,0.058,0.022,8.0346,False,False,0.2556
foursquare,lfp,24,33,False,0.0,0.022,0.0,0.022,7.9013,False,False,0.292
foursquare,lfp,24,49,False,0.9555,0.002,0.024,0.022,11.7891,False,False,1.616
foursquare,lfp,24,26,False,0.308,0.088,0.11,0.022,11.6436,False,False,1.6743
foursquare,lfp,24,71,False,0.193,0.152,0.174,0.022,7.8655,False,False,0.2695
foursquare,lfp,24,3,False,0.1169,0.244,0.266,0.022,7.9016,False,False,0.1348
foursquare,lfp,24,79,False,0.6198,0.012,0.01,0.022,15.0642,False,True,2.479
foursquare,lfp,24,72,False,0.0476,0.458,0.48,0.022,8.5762,False,False,0.1723
foursquare,lfp,24,8,False,0.0,0.022,0.0,0.022,8.9927,False,False,0.1921
foursquare,lfp,24,36,False,0.1461,0.2,0.222,0.022,6.2475,False,False,0.6767
foursquare,lfp,24,70,False,0.0816,0.324,0.346,0.022,5.4101,False,False,1.3682
foursquare,lfp,24,93,True,0.0,0.022,0.0,0.022,8.5688,False,False,0.1432
foursquare,lfp,24,80,True,-0.0068,0.018,0.004,0.022,7.8667,False,False,0.2189
foursquare,lfp,24,84,True,0.0011,0.954,0.976,0.022,5.91,False,False,1.9544
foursquare,lfp,24,95,True,0.2498,0.1,0.122,0.022,7.4323,False,False,0.3893
foursquare,lfp,25,0,False,0.6362,0.024,0.046,0.022,6.7587,False,False,0.0986
foursquare,lfp,25,20,False,0.9555,0.002,0.024,0.022,11.0631,False,False,1.7249
foursquare,lfp,25,21,False,0.0087,0.816,0.838,0.022,8.0759,False,False,0.1745
foursquare,lfp,25,65,False,0.0039,0.898,0.92,0.022,6.9318,False,False,0.6185
foursquare,lfp,25,4,False,0.0,0.978,1.0,0.022,4.831,False,True,2.1879
foursquare,lfp,25,10,False,0.223,0.13,0.152,0.022,8.1659,False,False,0.5861
foursquare,lfp,25,11,False,0.617,0.026,0.048,0.022,7.4114,False,False,0.1223
foursquare,lfp,25,29,False,0.796,0.004,0.018,0.022,6.8855,False,False,0.2322
foursquare,lfp,25,38,False,0.0,0.022,0.0,0.022,6.6847,False,False,0.5439
foursquare,lfp,25,56,False,0.0971,0.284,0.306,0.022,8.8004,False,False,0.7322
foursquare,lfp,25,17,False,0.0011,0.954,0.976,0.022,5.5227,False,False,1.654
foursquare,lfp,25,2,False,0.7798,0.012,0.034,0.022,11.6467,False,False,1.8621
foursquare,lfp,25,15,False,0.0132,0.75,0.772,0.022,7.3987,False,False,0.4409
foursquare,lfp,25,77,False,0.0897,0.302,0.324,0.022,5.7248,False,False,0.875
foursquare,lfp,25,44,False,0.0,0.022,0.0,0.022,7.468,False,False,0.6846
foursquare,lfp,25,40,True,0.4682,0.014,0.036,0.022,7.8497,False,False,0.1777
foursquare,lfp,25,86,True,0.2238,0.114,0.136,0.022,9.9572,False,False,0.9931
foursquare,lfp,25,83,True,0.221,0.1,0.122,0.022,8.565,False,False,0.4815
foursquare,lfp,25,89,True,0.0,0.022,0.0,0.022,9.6281,False,False,0.83
foursquare,lfp,26,40,False,0.0,0.022,0.0,0.022,7.8231,False,False,0.3699
foursquare,lfp,26,25,False,0.7518,0.014,0.036,0.022,7.0677,False,False,0.0569
foursquare,lfp,26,76,False,0.5212,0.038,0.06,0.022,13.2893,False,True,2.0672
foursquare,lfp,26,6,False,0.0866,0.31,0.332,0.022,5.9475,False,False,1.0993
foursquare,lfp,26,77,False,0.3704,0.058,0.08,0.022,6.5708,False,False,0.4768
foursquare,lfp,26,42,False,0.4201,0.056,0.078,0.022,10.1965,False,False,0.9877
foursquare,lfp,26,67,False,0.0,0.022,0.0,0.022,5.7019,False,False,1.694
foursquare,lfp,26,5,False,0.0,0.022,0.0,0.022,9.2823,False,False,0.3406
foursquare,lfp,26,22,False,0.1227,0.234,0.256,0.022,11.8787,False,False,1.4587
foursquare,lfp,26,34,False,0.0,0.022,0.0,0.022,8.1475,False,False,0.3074
foursquare,lfp,26,33,False,0.0874,0.308,0.33,0.022,7.4903,False,False,0.0769
foursquare,lfp,26,3,False,0.044,0.478,0.5,0.022,7.6076,False,False,0.3522
foursquare,lfp,26,78,False,0.5499,0.034,0.056,0.022,8.4718,False,False,0.4457
foursquare,lfp,26,50,False,0.0376,0.518,0.54,0.022,6.6293,False,False,1.0315
foursquare,lfp,26,18,False,0.0013,0.95,0.972,0.022,6.2031,False,False,1.8042
foursquare,lfp,26,17,True,0.5278,0.014,0.008,0.022,12.4771,False,False,1.486
foursquare,lfp,26,90,True,0.0,0.022,0.0,0.022,9.561,False,False,0.3084
foursquare,lfp,26,87,True,0.7632,0.008,0.03,0.022,8.9082,False,False,0.068
foursquare,lfp,26,97,True,0.0315,0.562,0.584,0.022,9.1972,False,False,0.1069
foursquare,lfp,27,78,False,0.0472,0.46,0.482,0.022,7.6601,False,False,0.3772
foursquare,lfp,27,10,False,0.1386,0.21,0.232,0.022,7.8221,False,False,0.0755
foursquare,lfp,27,28,False,0.1792,0.164,0.186,0.022,12.5228,False,False,1.5299
foursquare,lfp,27,25,False,0.7739,0.008,0.014,0.022,7.9584,False,False,0.4069
foursquare,lfp,27,66,False,0.057,0.412,0.434,0.022,6.0845,False,False,1.0297
foursquare,lfp,27,58,False,0.0,0.022,0.0,0.022,13.7005,False,False,1.4332
foursquare,lfp,27,70,False,0.1094,0.258,0.28,0.022,5.1844,False,False,1.3798
foursquare,lfp,27,15,False,0.0094,0.804,0.826,0.022,7.8019,False,False,0.7727
foursquare,lfp,27,1,False,0.7798,0.012,0.034,0.022,9.9569,False,False,0.7774
foursquare,lfp,27,50,False,0.4393,0.052,0.074,0.022,8.4591,False,False,0.2466
foursquare,lfp,27,63,False,0.5989,0.028,0.05,0.022,14.6816,False,True,2.2051
foursquare,lfp,27,45,False,0.0823,0.322,0.344,0.022,8.419,False,False,0.1494
foursquare,lfp,27,31,False,0.0,0.022,0.0,0.022,9.0882,False,False,0.2868
foursquare,lfp,27,33,False,0.0,0.022,0.0,0.022,8.2576,False,False,0.3294
foursquare,lfp,27,4,False,0.0,0.978,1.0,0.022,5.1718,False,True,2.1464
foursquare,lfp,27,46,False,0.0531,0.43,0.452,0.022,8.0076,False,False,0.0721
foursquare,lfp,27,94,True,0.0034,0.908,0.93,0.022,7.8055,False,False,0.7684
foursquare,lfp,27,82,True,0.7012,0.01,0.012,0.022,9.8408,False,False,0.3432
foursquare,lfp,27,96,True,0.0,0.022,0.0,0.022,11.4796,False,False,0.8031
foursquare,lfp,27,97,True,0.5352,0.036,0.058,0.022,9.3201,False,False,0.1569
foursquare,lfp,28,9,False,0.2617,0.108,0.13,0.022,7.8456,False,False,0.213
foursquare,lfp,28,67,False,0.1526,0.192,0.214,0.022,10.4336,False,False,1.3334
foursquare,lfp,28,76,False,0.4829,0.044,0.066,0.022,7.3762,False,False,0.0955
foursquare,lfp,28,70,False,0.1006,0.276,0.298,0.022,5.6191,False,False,1.4361
foursquare,lfp,28,2,False,0.877,0.006,0.028,0.022,10.8288,False,False,1.4082
foursquare,lfp,28,3,False,0.0912,0.298,0.32,0.022,8.245,False,False,0.0785
foursquare,lfp,28,22,False,0.493,0.012,0.01,0.022,8.4753,False,False,0.3324
foursquare,lfp,28,75,False,0.0031,0.914,0.936,0.022,5.0026,False,True,2.7433
foursquare,lfp,28,49,False,0.877,0.006,0.028,0.022,10.4585,False,False,1.3207
foursquare,lfp,28,40,False,0.0691,0.364,0.386,0.022,6.6611,False,False,0.8855
foursquare,lfp,28,7,False,0.0,0.022,0.0,0.022,7.5036,False,False,0.3116
foursquare,lfp,28,33,False,0.0256,0.612,0.634,0.022,7.1545,False,False,1.1141
foursquare,lfp,28,18,False,0.877,0.006,0.028,0.022,8.5149,False,False,0.5635
foursquare,lfp,28,37,False,0.0648,0.38,0.402,0.022,7.5833,False,False,0.163
foursquare,lfp,28,51,False,0.0,0.022,0.0,0.022,9.8738,False,False,0.352
foursquare,lfp,28,64,True,0.0,0.022,0.0,0.022,10.58,False,False,0.788
foursquare,lfp,28,87,True,0.1954,0.098,0.12,0.022,8.974,False,False,0.0037
foursquare,lfp,28,80,True,0.0655,0.302,0.324,0.022,7.8539,False,False,0.4186
foursquare,lfp,28,95,True,0.9514,0.002,0.02,0.022,9.8998,False,False,0.5906
foursquare,lfp,29,65,False,0.0005,0.966,0.988,0.022,7.2366,False,False,0.8119
foursquare,lfp,29,79,False,0.0,0.022,0.0,0.022,17.3205,False,True,2.4848
foursquare,lfp,29,66,False,0.0897,0.302,0.324,0.022,6.01,False,False,0.9291
foursquare,lfp,29,49,False,0.7257,0.016,0.038,0.022,9.3516,False,False,0.5536
foursquare,lfp,29,54,False,0.2617,0.108,0.13,0.022,10.2313,False,False,0.81
foursquare,lfp,29,4,False,0.0,0.978,1.0,0.022,5.1465,False,False,1.9794
foursquare,lfp,29,58,False,0.0,0.022,0.0,0.022,9.7201,False,False,0.1265
foursquare,lfp,29,78,False,0.0401,0.502,0.524,0.022,7.1386,False,False,0.4003
foursquare,lfp,29,41,False,0.8421,0.008,0.03,0.022,7.8284,False,False,0.0828
foursquare,lfp,29,69,False,0.7518,0.014,0.036,0.022,7.4703,False,False,0.0724
foursquare,lfp,29,67,False,0.3027,0.09,0.112,0.022,9.4688,False,False,0.6569
foursquare,lfp,29,36,False,0.1215,0.236,0.258,0.022,5.8395,False,False,0.7753
foursquare,lfp,29,28,False,0.1461,0.2,0.222,0.022,12.4701,False,False,1.502
foursquare,lfp,29,73,False,0.6782,0.02,0.042,0.022,9.2078,False,False,0.5508
foursquare,lfp,29,61,False,0.0548,0.422,0.444,0.022,6.2063,False,False,0.7931
foursquare,lfp,29,59,False,0.0,0.022,0.0,0.022,5.8167,False,False,1.5988
foursquare,lfp,29,89,True,0.0685,0.366,0.388,0.022,8.9414,False,False,0.1189
foursquare,lfp,29,80,True,-0.0374,0.078,0.1,0.022,8.5972,False,False,0.1569
foursquare,lfp,29,99,True,0.3564,0.072,0.094,0.022,10.7153,False,False,0.6466
foursquare,lfp,29,85,True,0.0478,0.412,0.434,0.022,8.6977,False,False,0.0158
foursquare,ooa,0,30,False,-0.0566,0.018,0.064,0.046,6.9967,False,False,0.1
foursquare,ooa,0,0,False,-0.0549,0.014,0.06,0.046,6.2501,False,False,0.4137
foursquare,ooa,0,22,False,0.0,0.046,0.0,0.046,8.5141,False,False,0.3262
foursquare,ooa,0,31,False,0.0,0.046,0.0,0.046,8.8872,False,False,0.1367
foursquare,ooa,0,18,False,-0.0423,0.736,0.782,0.046,8.0564,False,False,1.043
foursquare,ooa,0,28,False,-0.0735,0.246,0.292,0.046,12.3489,False,False,1.7635
foursquare,ooa,0,10,False,-0.0738,0.25,0.296,0.046,8.5655,False,False,0.4549
foursquare,ooa,0,70,False,-0.0749,0.264,0.31,0.046,5.6369,False,False,1.4001
foursquare,ooa,0,4,False,0.0,0.954,1.0,0.046,7.1318,False,True,2.1276
foursquare,ooa,0,12,False,0.0,0.046,0.0,0.046,6.0866,False,False,0.3114
foursquare,ooa,0,49,False,-0.0392,0.014,0.032,0.046,10.3061,False,False,1.3089
foursquare,ooa,0,33,False,0.0,0.046,0.0,0.046,6.9318,False,False,0.3784
foursquare,ooa,0,67,False,-0.0614,0.032,0.078,0.046,9.6988,False,False,1.092
foursquare,ooa,0,35,False,-0.0581,0.022,0.068,0.046,7.0507,False,False,0.1861
foursquare,ooa,0,68,False,-0.0407,0.012,0.034,0.046,7.4549,False,False,0.3331
foursquare,ooa,0,45,False,-0.087,0.262,0.308,0.046,8.7556,False,False,0.3895
foursquare,ooa,0,81,False,0.0,0.046,0.0,0.046,6.5834,False,False,0.1857
foursquare,ooa,0,84,False,0.0,0.954,1.0,0.046,8.2814,False,False,1.7009
foursquare,ooa,0,85,False,-0.0812,0.378,0.424,0.046,9.9008,False,False,0.1964
foursquare,ooa,0,83,False,-0.0872,0.266,0.312,0.046,11.5002,False,False,1.5468
foursquare,ooa,1,23,False,-0.025,0.02,0.038,0.018,13.9658,False,True,2.4881
foursquare,ooa,1,39,False,-0.0193,0.002,0.02,0.018,6.2718,False,False,0.3325
foursquare,ooa,1,69,False,-0.0202,0.004,0.022,0.018,6.7702,False,False,0.0127
foursquare,ooa,1,74,False,0.0,0.018,0.0,0.018,9.4076,False,False,0.4579
foursquare,ooa,1,0,False,-0.0285,0.042,0.06,0.018,6.7303,False,False,0.6222
foursquare,ooa,1,1,False,-0.0236,0.014,0.032,0.018,9.5902,False,False,0.8225
foursquare,ooa,1,38,False,0.0,0.018,0.0,0.018,5.8127,False,False,0.9145
foursquare,ooa,1,45,False,-0.0257,0.38,0.398,0.018,7.9216,False,False,0.0317
foursquare,ooa,1,72,False,-0.0292,0.562,0.58,0.018,10.7026,False,False,0.6108
foursquare,ooa,1,63,False,-0.023,0.012,0.03,0.018,12.2342,False,False,1.8283
foursquare,ooa,1,8,False,0.0,0.018,0.0,0.018,8.7059,False,False,0.4162
foursquare,ooa,1,13,False,0.0,0.018,0.0,0.018,6.2305,False,False,0.5067
foursquare,ooa,1,15,False,0.0,0.982,1.0,0.018,10.3655,False,False,1.0299
foursquare,ooa,1,41,False,-0.0246,0.018,0.036,0.018,7.2243,False,False,0.1305
foursquare,ooa,1,54,False,-0.0301,0.06,0.078,0.018,8.7628,False,False,0.6209
foursquare,ooa,1,5,False,0.0,0.018,0.0,0.018,6.0431,False,True,2.018
foursquare,ooa,1,94,False,0.0,0.982,1.0,0.018,10.0713,False,False,0.9645
foursquare,ooa,1,82,False,-0.023,0.012,0.03,0.018,9.0955,False,False,0.7983
foursquare,ooa,1,95,False,-0.0293,0.05,0.068,0.018,6.833,False,False,0.2677
foursquare,ooa,1,96,False,0.0,0.018,0.0,0.018,10.2283,False,False,0.5174
foursquare,ooa,2,49,False,-0.0037,0.022,0.024,0.002,9.5486,False,False,0.6868
foursquare,ooa,2,43,False,-0.0039,0.076,0.078,0.002,5.6617,False,False,1.386
foursquare,ooa,2,38,False,0.0,0.002,0.0,0.002,5.3647,False,False,0.8522
foursquare,ooa,2,46,False,-0.004,0.45,0.452,0.002,10.0155,False,False,0.011
foursquare,ooa,2,79,False,0.0,0.002,0.0,0.002,17.1985,False,True,2.5454
foursquare,ooa,2,24,False,0.0,0.998,1.0,0.002,12.9181,False,False,0.1695
foursquare,ooa,2,19,False,-0.004,0.318,0.32,0.002,5.8242,False,False,1.8458
foursquare,ooa,2,62,False,-0.0037,0.024,0.026,0.002,12.2876,False,False,1.4301
foursquare,ooa,2,56,False,-0.004,0.348,0.35,0.002,10.3644,False,False,0.4602
foursquare,ooa,2,73,False,-0.004,0.176,0.178,0.002,10.1726,False,False,0.62
foursquare,ooa,2,32,False,-0.0037,0.022,0.024,0.002,6.9188,False,False,0.143
foursquare,ooa,2,77,False,-0.004,0.35,0.352,0.002,6.6019,False,False,1.0677
foursquare,ooa,2,39,False,0.0,0.002,0.0,0.002,5.9506,False,False,0.3832
foursquare,ooa,2,7,False,-0.004,0.262,0.264,0.002,7.2288,False,False,0.8795
foursquare,ooa,2,63,False,-0.0037,0.026,0.028,0.002,11.6785,False,False,1.335
foursquare,ooa,2,42,False,-0.0039,0.102,0.104,0.002,6.0854,False,False,0.5961
foursquare,ooa,2,91,False,0.0,0.002,0.0,0.002,7.5518,False,False,0.0837
foursquare,ooa,2,80,False,0.0,0.002,0.0,0.002,9.1642,False,False,0.0173
foursquare,ooa,2,87,False,0.0,0.002,0.0,0.002,9.3868,False,False,0.0215
foursquare,ooa,2,88,False,-0.0038,0.04,0.042,0.002,8.5755,False,False,0.314
foursquare,ooa,3,55,False,1.0,0.0,0.0,0.0,18.4532,False,True,2.7793
foursquare,ooa,3,25,False,1.0,0.0,0.0,0.0,7.318,False,False,0.5404
foursquare,ooa,3,10,False,0.0,0.342,0.342,0.0,9.1037,False,False,0.066
foursquare,ooa,3,19,False,0.0,0.296,0.296,0.0,6.016,False,False,1.9543
foursquare,ooa,3,45,False,0.0,0.324,0.324,0.0,8.3554,False,False,0.0239
foursquare,ooa,3,1,False,0.0,0.048,0.048,0.0,10.0641,False,False,0.5875
foursquare,ooa,3,73,False,0.0,0.084,0.084,0.0,9.8,False,False,0.5897
foursquare,ooa,3,21,False,0.0,1.0,1.0,0.0,10.426,False,False,0.7381
foursquare,ooa,3,54,False,0.0,0.032,0.032,0.0,8.8058,False,False,0.286
foursquare,ooa,3,2,False,0.0,0.026,0.026,0.0,9.3445,False,False,0.5732
foursquare,ooa,3,20,False,0.0,0.034,0.034,0.0,10.8795,False,False,1.128
foursquare,ooa,3,33,False,1.0,0.0,0.0,0.0,7.5276,False,False,0.4522
foursquare,ooa,3,29,False,1.0,0.0,0.0,0.0,5.5512,False,False,0.7507
foursquare,ooa,3,62,False,0.0,0.062,0.062,0.0,11.8967,False,False,1.1886
foursquare,ooa,3,7,False,0.0,0.422,0.422,0.0,7.0129,False,False,1.0299
foursquare,ooa,3,77,False,0.0,0.402,0.402,0.0,6.5873,False,False,1.2031
foursquare,ooa,3,80,False,1.0,0.0,0.0,0.0,9.7893,False,False,0.0516
foursquare,ooa,3,81,False,0.0,0.004,0.004,0.0,6.5905,False,False,0.4333
foursquare,ooa,3,88,False,0.0,0.038,0.038,0.0,9.3056,False,False,0.388
foursquare,ooa,3,95,False,0.0,0.07,0.07,0.0,6.2969,False,False,0.4566
foursquare,ooa,4,47,False,0.0,0.03,0.03,0.0,8.9839,False,False,0.6775
foursquare,ooa,4,78,False,0.0,0.446,0.446,0.0,7.6215,False,False,0.0838
foursquare,ooa,4,36,False,0.0,0.212,0.212,0.0,5.8565,False,False,0.4663
foursquare,ooa,4,51,False,0.0,0.362,0.362,0.0,7.3919,False,False,0.0659
foursquare,ooa,4,44,False,1.0,0.0,0.0,0.0,8.008,False,False,0.8433
foursquare,ooa,4,13,False,1.0,0.0,0.0,0.0,7.9494,False,False,0.1624
foursquare,ooa,4,10,False,0.0,0.32,0.32,0.0,8.1943,False,False,0.4382
foursquare,ooa,4,75,False,0.0,1.0,1.0,0.0,4.7677,False,True,2.3432
foursquare,ooa,4,11,False,0.0,0.046,0.046,0.0,7.6069,False,False,0.0496
foursquare,ooa,4,24,False,0.0,1.0,1.0,0.0,10.9077,False,False,0.195
foursquare,ooa,4,72,False,0.0,0.6,0.6,0.0,8.2026,False,False,0.2124
foursquare,ooa,4,34,False,0.0,0.256,0.256,0.0,10.8438,False,False,1.4126
foursquare,ooa,4,33,False,1.0,0.0,0.0,0.0,8.3571,False,False,0.1713
foursquare,ooa,4,45,False,0.0,0.296,0.296,0.0,8.0808,False,False,0.5107
foursquare,ooa,4,21,False,0.0,0.8,0.8,0.0,8.2887,False,False,0.3456
foursquare,ooa,4,66,False,0.0,0.394,0.394,0.0,5.8041,False,False,0.9429
foursquare,ooa,4,80,False,1.0,0.0,0.0,0.0,10.9392,False,False,0.3691
foursquare,ooa,4,82,False,0.0,0.026,0.026,0.0,10.573,False,False,1.2907
foursquare,ooa,4,90,False,0.0,0.078,0.078,0.0,13.1404,False,True,2.2242
foursquare,ooa,4,84,False,0.0,1.0,1.0,0.0,6.4758,False,False,1.6623
foursquare,ooa,5,70,False,0.0,0.26,0.26,0.0,5.0552,False,False,1.016
foursquare,ooa,5,25,False,1.0,0.0,0.0,0.0,7.3094,False,False,0.1181
foursquare,ooa,5,14,False,0.0,0.138,0.138,0.0,8.3772,False,False,0.4587
foursquare,ooa,5,40,False,0.0,0.274,0.274,0.0,10.21,False,False,1.1232
foursquare,ooa,5,73,False,1.0,0.0,0.0,0.0,8.9077,False,False,0.4724
foursquare,ooa,5,64,False,0.0,0.074,0.074,0.0,6.3574,False,False,0.0795
foursquare,ooa,5,42,False,1.0,0.0,0.0,0.0,5.7317,False,False,0.3589
foursquare,ooa,5,38,False,0.0,0.258,0.258,0.0,5.7741,False,False,0.6362
foursquare,ooa,5,77,False,0.0,0.742,0.742,0.0,7.8636,False,False,0.6611
foursquare,ooa,5,18,False,1.0,0.0,0.0,0.0,6.0163,False,False,0.0774
foursquare,ooa,5,29,False,0.0,0.168,0.168,0.0,6.0643,False,False,0.323
foursquare,ooa,5,36,False,0.0,1.0,1.0,0.0,5.3976,False,False,1.9189
foursquare,ooa,5,75,False,0.0,0.028,0.028,0.0,7.49,False,False,0.4576
foursquare,ooa,5,69,False,1.0,0.0,0.0,0.0,4.9976,False,False,1.2237
foursquare,ooa,5,5,False,1.0,0.0,0.0,0.0,14.6604,False,True,2.3378
foursquare,ooa,5,74,True,0.0,1.0,1.0,0.0,7.6331,False,False,1.3085
foursquare,ooa,5,84,True,1.0,0.0,0.0,0.0,9.1227,False,False,0.525
foursquare,ooa,5,92,True,0.0,0.178,0.178,0.0,11.0108,False,False,1.4369
foursquare,ooa,5,83,True,0.0,0.404,0.404,0.0,10.0182,False,False,0.5145
foursquare,ooa,6,9,False,0.0,0.036,0.036,0.0,7.5673,False,False,0.1963
foursquare,ooa,6,40,False,0.0,0.032,0.032,0.0,6.6753,False,False,0.1013
foursquare,ooa,6,60,False,1.0,0.0,0.0,0.0,5.43,False,False,1.4908
foursquare,ooa,6,59,False,1.0,0.0,0.0,0.0,5.8955,False,False,0.6101
foursquare,ooa,6,38,False,1.0,0.0,0.0,0.0,8.2831,False,False,0.1609
foursquare,ooa,6,8,False,0.0,0.31,0.31,0.0,6.1015,False,False,0.7843
foursquare,ooa,6,77,False,0.0,1.0,1.0,0.0,6.6987,False,False,1.8375
foursquare,ooa,6,4,False,1.0,0.0,0.0,0.0,8.0311,False,False,0.2084
foursquare,ooa,6,52,False,0.0,0.352,0.352,0.0,9.935,False,False,0.478
foursquare,ooa,6,56,False,1.0,0.0,0.0,0.0,5.4516,False,False,1.3667
foursquare,ooa,6,5,False,0.0,0.028,0.028,0.0,11.3292,False,False,1.2923
foursquare,ooa,6,20,False,0.0,0.028,0.028,0.0,6.8754,False,False,0.1016
foursquare,ooa,6,69,False,0.0,0.128,0.128,0.0,7.4919,False,False,0.0276
foursquare,ooa,6,35,False,0.0,0.196,0.196,0.0,8.3825,False,False,0.221
foursquare,ooa,6,10,False,0.0,0.062,0.062,0.0,16.3558,False,True,2.7013
foursquare,ooa,6,23,True,0.0,0.442,0.442,0.0,10.3268,False,False,0.2148
foursquare,ooa,6,85,True,0.0,0.056,0.056,0.0,7.067,False,False,0.0156
foursquare,ooa,6,86,True,0.0,0.038,0.038,0.0,8.4161,False,False,0.4257
foursquare,ooa,6,88,True,0.0,0.034,0.034,0.0,10.1879,False,False,0.9721
foursquare,ooa,7,21,False,0.0,0.77,0.77,0.0,9.743,False,False,0.5965
foursquare,ooa,7,29,False,0.0,0.002,0.002,0.0,6.1241,False,False,0.6132
foursquare,ooa,7,0,False,0.0,0.046,0.046,0.0,5.9054,False,False,0.5792
foursquare,ooa,7,23,False,0.0,0.078,0.078,0.0,15.3368,False,True,2.4331
foursquare,ooa,7,11,False,0.0,0.108,0.108,0.0,6.681,False,False,0.2826
foursquare,ooa,7,62,False,0.0,0.072,0.072,0.0,11.9773,False,False,1.3295
foursquare,ooa,7,19,False,0.0,0.328,0.328,0.0,5.8497,False,False,1.8592
foursquare,ooa,7,52,False,1.0,0.0,0.0,0.0,8.9856,False,False,0.4248
foursquare,ooa,7,41,False,0.0,0.04,0.04,0.0,7.9872,False,False,0.253
foursquare,ooa,7,63,False,0.0,0.032,0.032,0.0,12.3105,False,False,1.5058
foursquare,ooa,7,1,False,0.0,0.032,0.032,0.0,9.3216,False,False,0.5892
foursquare,ooa,7,72,False,0.0,0.498,0.498,0.0,9.0711,False,False,0.4523
foursquare,ooa,7,56,False,0.0,0.364,0.364,0.0,9.7065,False,False,0.407
foursquare,ooa,7,22,False,1.0,0.0,0.0,0.0,7.7606,False,False,0.1926
foursquare,ooa,7,38,False,1.0,0.0,0.0,0.0,6.3208,False,False,0.8409
foursquare,ooa,7,46,False,0.0,0.408,0.408,0.0,9.7041,False,False,0.0711
foursquare,ooa,7,83,True,0.0,0.25,0.25,0.0,10.2476,False,False,0.7009
foursquare,ooa,7,92,True,1.0,0.0,0.0,0.0,10.1774,False,False,0.0112
foursquare,ooa,7,88,True,0.0,0.036,0.036,0.0,9.1972,False,False,0.4479
foursquare,ooa,7,84,True,0.0,1.0,1.0,0.0,7.914,False,False,1.7431
foursquare,ooa,8,79,False,1.0,0.0,0.0,0.0,12.6852,False,False,0.985
foursquare,ooa,8,17,False,0.0,0.998,0.998,0.0,6.6077,False,False,1.51
foursquare,ooa,8,66,False,0.0,0.366,0.366,0.0,6.382,False,False,0.9253
foursquare,ooa,8,45,False,0.0,0.19,0.19,0.0,8.6307,False,False,0.005
foursquare,ooa,8,16,False,0.0,0.114,0.114,0.0,6.2384,False,False,0.6694
foursquare,ooa,8,44,False,1.0,0.0,0.0,0.0,7.0309,False,False,0.8874
foursquare,ooa,8,64,False,1.0,0.0,0.0,0.0,9.7583,False,False,0.0735
foursquare,ooa,8,8,False,1.0,0.0,0.0,0.0,8.8413,False,False,0.3483
foursquare,ooa,8,36,False,0.0,0.216,0.216,0.0,6.0863,False,False,0.6677
foursquare,ooa,8,18,False,0.0,0.806,0.806,0.0,7.7571,False,False,0.9271
foursquare,ooa,8,58,False,1.0,0.0,0.0,0.0,8.7083,False,False,0.1184
foursquare,ooa,8,55,False,1.0,0.0,0.0,0.0,20.5217,False,True,2.7091
foursquare,ooa,8,46,False,0.0,0.43,0.43,0.0,9.2158,False,False,0.0576
foursquare,ooa,8,23,False,0.0,0.034,0.034,0.0,16.2356,False,False,1.9924
foursquare,ooa,8,34,False,0.0,0.204,0.204,0.0,11.6491,False,False,0.7755
foursquare,ooa,8,72,False,0.0,0.544,0.544,0.0,9.5336,False,False,0.3989
foursquare,ooa,8,96,True,1.0,0.0,0.0,0.0,13.0538,False,False,0.8905
foursquare,ooa,8,81,True,0.0,0.01,0.01,0.0,6.3593,False,False,0.4627
foursquare,ooa,8,93,True,0.0,0.08,0.08,0.0,8.2563,False,False,0.0484
foursquare,ooa,8,95,True,0.0,0.074,0.074,0.0,6.6517,False,False,0.3596
foursquare,ooa,9,72,False,0.0,0.466,0.466,0.0,9.1927,False,False,0.2239
foursquare,ooa,9,77,False,0.0,0.236,0.236,0.0,5.7144,False,False,0.8162
foursquare,ooa,9,15,False,0.0,1.0,1.0,0.0,8.7882,False,False,0.5377
foursquare,ooa,9,0,False,0.0,0.082,0.082,0.0,6.4103,False,False,0.2763
foursquare,ooa,9,12,False,1.0,0.0,0.0,0.0,6.509,False,False,0.254
foursquare,ooa,9,64,False,1.0,0.0,0.0,0.0,9.9379,False,False,0.2541
foursquare,ooa,9,29,False,1.0,0.0,0.0,0.0,5.8642,False,False,0.4778
foursquare,ooa,9,26,False,0.0,0.244,0.244,0.0,11.5547,False,False,1.2214
foursquare,ooa,9,31,False,1.0,0.0,0.0,0.0,8.7091,False,False,0.1333
foursquare,ooa,9,63,False,0.0,0.03,0.03,0.0,13.4088,False,False,1.7779
foursquare,ooa,9,79,False,1.0,0.0,0.0,0.0,13.8592,False,False,1.6402
foursquare,ooa,9,4,False,0.0,1.0,1.0,0.0,5.9682,False,False,1.7514
foursquare,ooa,9,61,False,0.0,0.554,0.554,0.0,6.6091,False,False,0.6707
foursquare,ooa,9,51,False,0.0,0.404,0.404,0.0,7.9151,False,False,0.0251
foursquare,ooa,9,44,False,1.0,0.0,0.0,0.0,7.0083,False,False,0.7332
foursquare,ooa,9,75,False,0.0,1.0,1.0,0.0,5.1295,False,False,1.9074
foursquare,ooa,9,83,True,0.0,0.158,0.158,0.0,11.9129,False,False,1.2907
foursquare,ooa,9,99,True,0.0,0.186,0.186,0.0,11.8804,False,False,1.2767
foursquare,ooa,9,97,True,0.0,0.026,0.026,0.0,6.6449,False,False,0.1019
foursquare,ooa,9,93,True,0.0,0.038,0.038,0.0,8.4543,False,False,0.4478
foursquare,ooa,10,8,False,1.0,0.0,0.0,0.0,8.2872,False,False,0.4712
foursquare,ooa,10,2,False,0.0,0.028,0.028,0.0,9.6402,False,False,0.8595
foursquare,ooa,10,4,False,0.0,1.0,1.0,0.0,7.4422,False,True,2.4252
foursquare,ooa,10,64,False,1.0,0.0,0.0,0.0,9.2162,False,False,0.0201
foursquare,ooa,10,27,False,1.0,0.0,0.0,0.0,7.843,False,False,0.6565
foursquare,ooa,10,47,False,0.0,0.028,0.028,0.0,7.8696,False,False,0.3079
foursquare,ooa,10,73,False,0.0,0.048,0.048,0.0,8.8102,False,False,0.4174
foursquare,ooa,10,56,False,0.0,0.232,0.232,0.0,10.0487,False,False,0.4035
foursquare,ooa,10,68,False,0.0,0.026,0.026,0.0,7.9563,False,False,0.2993
foursquare,ooa,10,38,False,1.0,0.0,0.0,0.0,5.8453,False,False,0.9052
foursquare,ooa,10,49,False,0.0,0.024,0.024,0.0,9.1466,False,False,0.661
foursquare,ooa,10,3,False,0.0,0.384,0.384,0.0,9.5877,False,False,0.0317
foursquare,ooa,10,19,False,0.0,0.326,0.326,0.0,6.229,False,True,2.0907
foursquare,ooa,10,52,False,1.0,0.0,0.0,0.0,8.2972,False,False,0.4325
foursquare,ooa,10,41,False,0.0,0.032,0.032,0.0,7.1252,False,False,0.1776
foursquare,ooa,10,50,False,0.0,0.04,0.04,0.0,8.5565,False,False,0.3942
foursquare,ooa,10,95,False,0.0,0.05,0.05,0.0,6.8101,False,False,0.3138
foursquare,ooa,10,90,False,0.0,0.04,0.04,0.0,13.6435,False,True,2.0562
foursquare,ooa,10,82,False,0.0,0.034,0.034,0.0,11.2964,False,False,1.3113
foursquare,ooa,10,88,False,0.0,0.042,0.042,0.0,8.1139,False,False,0.3956
foursquare,ooa,11,20,False,0.0,0.032,0.032,0.0,10.9807,False,False,1.3343
foursquare,ooa,11,49,False,0.0,0.026,0.026,0.0,10.5845,False,False,1.2493
foursquare,ooa,11,30,False,0.0,0.036,0.036,0.0,7.114,False,False,0.1296
foursquare,ooa,11,17,False,0.0,1.0,1.0,0.0,6.1951,False,False,1.6452
foursquare,ooa,11,73,False,0.0,0.076,0.076,0.0,9.5502,False,False,0.8605
foursquare,ooa,11,43,False,0.0,0.108,0.108,0.0,5.2733,False,False,1.1985
foursquare,ooa,11,0,False,0.0,0.052,0.052,0.0,5.6855,False,False,0.426
foursquare,ooa,11,7,False,0.0,0.37,0.37,0.0,5.8449,False,False,0.8177
foursquare,ooa,11,53,False,1.0,0.0,0.0,0.0,10.3682,False,False,0.2827
foursquare,ooa,11,10,False,0.0,0.072,0.072,0.0,8.2089,False,False,0.3619
foursquare,ooa,11,54,False,0.0,0.054,0.054,0.0,9.7515,False,False,0.8419
foursquare,ooa,11,46,False,0.0,0.448,0.448,0.0,8.7379,False,False,0.1343
foursquare,ooa,11,41,False,0.0,0.034,0.034,0.0,8.5038,False,False,0.5001
foursquare,ooa,11,4,False,0.0,1.0,1.0,0.0,5.9477,False,False,1.99
foursquare,ooa,11,76,False,0.0,0.04,0.04,0.0,6.9244,False,False,0.0615
foursquare,ooa,11,65,False,0.0,0.998,0.998,0.0,7.9707,False,False,0.7311
foursquare,ooa,11,96,False,1.0,0.0,0.0,0.0,11.983,False,False,1.0728
foursquare,ooa,11,84,False,0.0,1.0,1.0,0.0,6.9765,False,False,1.5574
foursquare,ooa,11,92,False,1.0,0.0,0.0,0.0,10.4064,False,False,0.2865
foursquare,ooa,11,98,False,0.0,0.028,0.028,0.0,10.4904,False,False,1.2506
foursquare,ooa,12,45,False,0.0,0.382,0.382,0.0,8.3058,False,False,0.3314
foursquare,ooa,12,72,False,0.0,0.554,0.554,0.0,9.2574,False,False,0.1833
foursquare,ooa,12,47,False,0.0,0.032,0.032,0.0,8.4583,False,False,0.4731
foursquare,ooa,12,53,False,1.0,0.0,0.0,0.0,10.6854,False,False,0.2684
foursquare,ooa,12,40,False,1.0,0.0,0.0,0.0,6.4332,False,False,0.549
foursquare,ooa,12,29,False,0.0,0.378,0.378,0.0,5.8081,False,False,1.3522
foursquare,ooa,12,70,False,0.0,0.024,0.024,0.0,7.4664,False,False,0.1843
foursquare,ooa,12,37,False,0.0,0.328,0.328,0.0,8.039,False,False,0.3088
foursquare,ooa,12,10,False,0.0,0.262,0.262,0.0,12.402,False,False,1.7794
foursquare,ooa,12,28,False,0.0,0.04,0.04,0.0,5.7888,False,False,0.4493
foursquare,ooa,12,0,False,0.0,0.364,0.364,0.0,6.406,False,False,0.9825
foursquare,ooa,12,66,False,1.0,0.0,0.0,0.0,8.8018,False,False,0.1622
foursquare,ooa,12,22,False,0.0,0.076,0.076,0.0,13.6894,False,True,2.3317
foursquare,ooa,12,63,False,0.0,0.362,0.362,0.0,9.1071,False,False,0.2724
foursquare,ooa,12,46,False,0.0,1.0,1.0,0.0,5.5205,False,True,2.4147
foursquare,ooa,12,75,False,0.0,0.044,0.044,0.0,8.0479,False,False,0.4268
foursquare,ooa,12,93,False,0.0,0.022,0.022,0.0,8.7168,False,False,0.1341
foursquare,ooa,12,91,False,0.0,1.0,1.0,0.0,8.5773,False,False,0.6209
foursquare,ooa,12,94,False,0.0,0.046,0.046,0.0,7.297,False,False,0.1207
foursquare,ooa,13,6,False,0.0,0.052,0.052,0.0,10.8471,False,False,1.3977
foursquare,ooa,13,17,False,0.0,0.998,0.998,0.0,6.7601,False,False,1.5731
foursquare,ooa,13,69,False,0.0,0.032,0.032,0.0,7.4872,False,False,0.35
foursquare,ooa,13,66,False,0.0,0.372,0.372,0.0,6.5028,False,False,0.7968
foursquare,ooa,13,15,False,0.0,0.998,0.998,0.0,9.2588,False,False,0.4847
foursquare,ooa,13,9,False,0.0,0.058,0.058,0.0,7.6649,False,False,0.297
foursquare,ooa,13,60,False,0.0,0.028,0.028,0.0,6.6713,False,False,0.0929
foursquare,ooa,13,36,False,0.0,0.214,0.214,0.0,6.4707,False,False,0.4018
foursquare,ooa,13,4,False,0.0,1.0,1.0,0.0,6.2645,False,False,1.9353
foursquare,ooa,13,5,False,1.0,0.0,0.0,0.0,5.4284,False,False,1.4034
foursquare,ooa,13,59,False,1.0,0.0,0.0,0.0,5.3006,False,False,1.5444
foursquare,ooa,13,47,False,0.0,0.03,0.03,0.0,8.6324,False,False,0.6496
foursquare,ooa,13,20,False,0.0,0.034,0.034,0.0,10.8553,False,False,1.5065
foursquare,ooa,13,25,False,0.0,0.022,0.022,0.0,7.6069,False,False,0.0781
foursquare,ooa,13,64,False,1.0,0.0,0.0,0.0,9.2453,False,False,0.3113
foursquare,ooa,13,11,False,0.0,0.04,0.04,0.0,7.0396,False,False,0.0358
foursquare,ooa,13,98,False,0.0,0.12,0.12,0.0,10.2409,False,False,1.1408
foursquare,ooa,13,82,False,0.0,0.04,0.04,0.0,10.1173,False,False,1.2287
foursquare,ooa,13,88,False,0.0,0.036,0.036,0.0,8.9981,False,False,0.7018
foursquare,ooa,13,92,False,1.0,0.0,0.0,0.0,9.3361,False,False,0.3491
foursquare,ooa,14,4,False,0.0,1.0,1.0,0.0,6.3707,False,False,1.6207
foursquare,ooa,14,61,False,0.0,0.556,0.556,0.0,7.5889,False,False,0.5936
foursquare,ooa,14,71,False,0.0,0.126,0.126,0.0,8.0321,False,False,0.2783
foursquare,ooa,14,48,False,0.0,0.022,0.022,0.0,8.0328,False,False,0.1723
foursquare,ooa,14,56,False,0.0,0.39,0.39,0.0,9.7859,False,False,0.4336
foursquare,ooa,14,59,False,1.0,0.0,0.0,0.0,5.7637,False,False,1.3108
foursquare,ooa,14,39,False,0.0,0.018,0.018,0.0,7.1303,False,False,0.0635
foursquare,ooa,14,7,False,0.0,0.448,0.448,0.0,6.5395,False,False,0.6727
foursquare,ooa,14,75,False,0.0,1.0,1.0,0.0,5.5215,False,False,1.7836
foursquare,ooa,14,26,False,0.0,0.082,0.082,0.0,11.3289,False,False,1.1184
foursquare,ooa,14,40,False,0.0,0.138,0.138,0.0,16.8505,False,True,2.603
foursquare,ooa,14,23,False,0.0,0.034,0.034,0.0,11.5664,False,False,1.2285
foursquare,ooa,14,6,False,0.0,0.044,0.044,0.0,7.8882,False,False,0.2793
foursquare,ooa,14,50,False,0.0,0.062,0.062,0.0,7.4392,False,False,0.0537
foursquare,ooa,14,35,False,0.0,1.0,1.0,0.0,8.7545,False,False,0.5711
foursquare,ooa,14,65,False,0.0,0.034,0.034,0.0,6.7475,False,False,0.0015
foursquare,ooa,14,97,False,0.0,0.018,0.018,0.0,6.3834,False,False,0.1959
foursquare,ooa,14,81,False,1.0,0.0,0.0,0.0,7.5489,False,False,0.0031
foursquare,ooa,14,91,False,1.0,0.0,0.0,0.0,10.9577,False,False,0.6236
foursquare,ooa,15,73,False,0.0432,0.15,0.154,0.004,9.971,False,False,1.0851
foursquare,ooa,15,62,False,0.0819,0.082,0.086,0.004,11.6007,False,False,1.6585
foursquare,ooa,15,17,False,0.0,0.994,0.998,0.004,6.6514,False,True,2.0828
foursquare,ooa,15,51,False,0.0144,0.352,0.356,0.004,7.6933,False,False,0.0813
foursquare,ooa,15,68,False,0.2615,0.022,0.026,0.004,7.9935,False,False,0.2317
foursquare,ooa,15,47,False,0.2299,0.026,0.03,0.004,9.1004,False,False,0.5708
foursquare,ooa,15,41,False,0.2299,0.026,0.03,0.004,7.9862,False,False,0.3411
foursquare,ooa,15,8,False,0.0,0.004,0.0,0.004,9.0874,False,False,0.3436
foursquare,ooa,15,53,False,0.0,0.004,0.0,0.004,10.1483,False,False,0.1311
foursquare,ooa,15,57,False,0.0219,0.262,0.266,0.004,5.2978,False,False,1.2331
foursquare,ooa,15,3,False,0.0187,0.294,0.298,0.004,8.6411,False,False,0.4547
foursquare,ooa,15,71,False,0.0246,0.24,0.244,0.004,7.8014,False,False,0.2055
foursquare,ooa,15,7,False,0.0094,0.456,0.46,0.004,5.697,False,False,1.1398
foursquare,ooa,15,43,False,0.1013,0.066,0.07,0.004,5.2602,False,False,1.5909
foursquare,ooa,15,34,False,0.0425,0.152,0.156,0.004,11.426,False,False,1.5382
foursquare,ooa,15,36,False,0.0396,0.162,0.166,0.004,5.6403,False,False,0.8578
foursquare,ooa,15,80,True,0.0,0.004,0.0,0.004,10.1661,False,False,0.1825
foursquare,ooa,15,97,True,0.2615,0.022,0.026,0.004,7.1346,False,False,0.2262
foursquare,ooa,15,95,True,0.1268,0.052,0.056,0.004,6.6392,False,False,0.3278
foursquare,ooa,15,83,True,0.0271,0.222,0.226,0.004,11.1477,False,False,1.4843
foursquare,ooa,16,20,False,0.2048,0.03,0.034,0.004,11.8643,False,False,0.9755
foursquare,ooa,16,56,False,0.0206,0.274,0.278,0.004,9.555,False,False,0.2059
foursquare,ooa,16,36,False,0.0204,0.276,0.28,0.004,6.2549,False,False,0.7626
foursquare,ooa,16,55,False,0.0,0.004,0.0,0.004,21.175,False,True,2.7486
foursquare,ooa,16,16,False,0.0515,0.128,0.132,0.004,6.6827,False,False,0.6935
foursquare,ooa,16,28,False,0.0385,0.166,0.17,0.004,12.8288,False,False,1.1248
foursquare,ooa,16,31,False,0.0,0.004,0.0,0.004,9.3908,False,False,0.3933
foursquare,ooa,16,10,False,0.0298,0.206,0.21,0.004,8.4387,False,False,0.0486
foursquare,ooa,16,15,False,0.0002,0.974,0.978,0.004,8.9378,False,False,0.7374
foursquare,ooa,16,41,False,0.2299,0.026,0.03,0.004,7.4703,False,False,0.0331
foursquare,ooa,16,75,False,0.0,0.996,1.0,0.004,5.5382,False,False,1.948
foursquare,ooa,16,54,False,0.0713,0.094,0.098,0.004,9.2665,False,False,0.3464
foursquare,ooa,16,6,False,0.2167,0.028,0.032,0.004,12.0838,False,False,0.9532
foursquare,ooa,16,58,False,0.0,0.004,0.0,0.004,9.9714,False,False,0.103
foursquare,ooa,16,17,False,0.0,0.996,1.0,0.004,6.6501,False,False,1.5359
foursquare,ooa,16,7,False,0.0165,0.322,0.326,0.004,6.5163,False,False,0.8122
foursquare,ooa,16,97,True,0.1605,0.04,0.044,0.004,7.2567,False,False,0.2978
foursquare,ooa,16,92,True,0.0,0.004,0.0,0.004,10.4281,False,False,0.1172
foursquare,ooa,16,98,True,0.1942,0.032,0.036,0.004,9.1456,False,False,0.317
foursquare,ooa,16,82,True,0.2167,0.028,0.032,0.004,10.4168,False,False,0.6052
foursquare,ooa,17,27,False,0.0,0.01,0.0,0.01,9.9097,False,False,0.1118
foursquare,ooa,17,36,False,0.0601,0.236,0.246,0.01,5.9011,False,False,0.4534
foursquare,ooa,17,43,False,0.1168,0.13,0.14,0.01,5.473,False,False,1.2039
foursquare,ooa,17,38,False,0.0,0.01,0.0,0.01,7.817,False,False,0.5465
foursquare,ooa,17,52,False,0.0,0.01,0.0,0.01,10.4646,False,False,0.159
foursquare,ooa,17,18,False,0.008,0.706,0.716,0.01,5.2411,False,False,0.8398
foursquare,ooa,17,46,False,0.0231,0.454,0.464,0.01,8.2798,False,False,0.8405
foursquare,ooa,17,16,False,0.1168,0.13,0.14,0.01,6.3448,False,False,0.3845
foursquare,ooa,17,24,False,0.0,0.99,1.0,0.01,9.6531,False,False,0.658
foursquare,ooa,17,58,False,-0.0033,0.008,0.002,0.01,11.2616,False,False,1.2287
foursquare,ooa,17,73,False,0.1939,0.076,0.086,0.01,10.1491,False,False,1.6182
foursquare,ooa,17,65,False,0.0,0.99,1.0,0.01,5.9787,False,False,0.6864
foursquare,ooa,17,1,False,0.549,0.016,0.026,0.01,10.2185,False,False,1.5111
foursquare,ooa,17,19,False,-0.0197,0.29,0.3,0.01,4.9854,False,False,1.9315
foursquare,ooa,17,30,False,0.3464,0.036,0.046,0.01,8.6732,False,False,0.5968
foursquare,ooa,17,15,False,0.0,0.99,1.0,0.01,6.6161,False,False,0.374
foursquare,ooa,17,89,True,0.0786,0.188,0.198,0.01,8.7689,False,False,1.1877
foursquare,ooa,17,84,True,0.0,0.99,1.0,0.01,5.1259,False,False,1.7346
foursquare,ooa,17,94,True,0.003,0.86,0.87,0.01,6.7607,False,False,0.2019
foursquare,ooa,17,85,True,0.0244,0.44,0.45,0.01,7.764,False,False,0.6685
foursquare,ooa,18,13,False,0.0,0.01,0.0,0.01,6.6669,False,False,0.6488
foursquare,ooa,18,48,False,0.549,0.016,0.026,0.01,7.311,False,False,0.3086
foursquare,ooa,18,64,False,0.0,0.01,0.0,0.01,9.4692,False,False,0.1667
foursquare,ooa,18,12,False,0.6622,0.01,0.02,0.01,6.8405,False,False,0.5461
foursquare,ooa,18,52,False,0.0,0.01,0.0,0.01,8.4574,False,False,0.5775
foursquare,ooa,18,3,False,0.0356,0.348,0.358,0.01,9.0112,False,False,0.1428
foursquare,ooa,18,74,False,0.0,0.01,0.0,0.01,12.5806,False,False,0.9763
foursquare,ooa,18,23,False,0.3902,0.03,0.04,0.01,15.8236,False,True,2.7207
foursquare,ooa,18,28,False,0.1083,0.14,0.15,0.01,12.4657,False,False,1.2862
foursquare,ooa,18,71,False,0.0836,0.178,0.188,0.01,8.7275,False,False,0.0039
foursquare,ooa,18,69,False,0.2651,0.052,0.062,0.01,7.1182,False,False,0.2727
foursquare,ooa,18,0,False,0.322,0.04,0.05,0.01,6.364,False,False,0.8927
foursquare,ooa,18,46,False,0.0246,0.438,0.448,0.01,9.8592,False,False,0.1106
foursquare,ooa,18,67,False,0.1601,0.094,0.104,0.01,10.0832,False,False,0.6151
foursquare,ooa,18,56,False,0.0601,0.236,0.246,0.01,9.2303,False,False,0.0922
foursquare,ooa,18,4,False,0.0,0.99,1.0,0.01,6.7887,False,True,2.5722
foursquare,ooa,18,85,True,0.0225,0.46,0.47,0.01,10.0256,False,False,0.0856
foursquare,ooa,18,80,True,0.0,0.01,0.0,0.01,9.5214,False,False,0.1484
foursquare,ooa,18,99,True,0.1332,0.114,0.124,0.01,11.3037,False,False,0.9255
foursquare,ooa,18,92,True,0.0,0.01,0.0,0.01,9.5836,False,False,0.1475
foursquare,ooa,19,14,False,0.3105,0.05,0.062,0.012,8.6093,False,False,0.0395
foursquare,ooa,19,77,False,0.0578,0.278,0.29,0.012,6.8533,False,False,1.4518
foursquare,ooa,19,31,False,0.0,0.012,0.0,0.012,8.6509,False,False,0.4723
foursquare,ooa,19,1,False,0.5374,0.02,0.032,0.012,9.6489,False,False,0.9584
foursquare,ooa,19,33,False,0.0,0.012,0.0,0.012,7.1863,False,False,0.5955
foursquare,ooa,19,50,False,0.4024,0.034,0.046,0.012,8.3593,False,False,0.2954
foursquare,ooa,19,62,False,0.1327,0.134,0.146,0.012,12.7927,False,True,2.1293
foursquare,ooa,19,35,False,0.109,0.162,0.174,0.012,7.1609,False,False,0.3623
foursquare,ooa,19,76,False,0.2933,0.054,0.066,0.012,6.9387,False,False,0.292
foursquare,ooa,19,24,False,0.0,0.988,1.0,0.012,12.9998,False,False,0.0214
foursquare,ooa,19,58,False,0.2833,0.01,0.002,0.012,9.6131,False,False,0.3058
foursquare,ooa,19,6,False,0.4514,0.028,0.04,0.012,10.1785,False,False,1.2647
foursquare,ooa,19,37,False,0.564,0.018,0.03,0.012,8.0244,False,False,0.2654
foursquare,ooa,19,39,False,0.6612,0.012,0.024,0.012,6.6114,False,False,0.3596
foursquare,ooa,19,25,False,0.0,0.012,0.0,0.012,6.8619,False,False,0.8045
foursquare,ooa,19,29,False,0.0,0.012,0.0,0.012,6.3131,False,False,0.7623
foursquare,ooa,19,86,True,0.3883,0.036,0.048,0.012,7.7986,False,False,0.1304
foursquare,ooa,19,98,True,0.5374,0.02,0.032,0.012,10.6974,False,False,1.3726
foursquare,ooa,19,96,True,0.0,0.012,0.0,0.012,11.3509,False,False,1.0069
foursquare,ooa,19,84,True,0.0,0.988,1.0,0.012,8.1292,False,True,2.3496
foursquare,ooa,20,78,False,0.0372,0.446,0.462,0.016,9.3478,False,False,0.2681
foursquare,ooa,20,31,False,0.0,0.016,0.0,0.016,8.5236,False,False,0.377
foursquare,ooa,20,59,False,0.0,0.016,0.0,0.016,5.3299,False,False,1.7932
foursquare,ooa,20,74,False,0.0,0.016,0.0,0.016,14.5785,False,False,1.6657
foursquare,ooa,20,28,False,0.1789,0.126,0.142,0.016,12.4857,False,False,1.262
foursquare,ooa,20,49,False,0.7216,0.012,0.028,0.016,9.7448,False,False,0.6799
foursquare,ooa,20,6,False,0.5411,0.026,0.042,0.016,11.2329,False,False,1.052
foursquare,ooa,20,70,False,0.1044,0.212,0.228,0.016,6.0471,False,False,1.3908
foursquare,ooa,20,44,False,0.0,0.016,0.0,0.016,6.7635,False,False,1.0429
foursquare,ooa,20,43,False,0.2505,0.086,0.102,0.016,5.7698,False,False,1.2835
foursquare,ooa,20,60,False,0.7216,0.012,0.028,0.016,6.0757,False,False,0.4354
foursquare,ooa,20,22,False,0.7571,0.01,0.026,0.016,7.6912,False,False,0.1208
foursquare,ooa,20,26,False,0.1115,0.2,0.216,0.016,11.5553,False,False,1.0581
foursquare,ooa,20,36,False,0.1362,0.166,0.182,0.016,7.1445,False,False,0.6252
foursquare,ooa,20,25,False,0.358,0.01,0.006,0.016,7.347,False,False,0.4141
foursquare,ooa,20,63,False,0.3553,0.054,0.07,0.016,13.3293,False,False,1.6808
foursquare,ooa,20,88,False,0.6594,0.016,0.032,0.016,8.6086,False,False,0.2722
foursquare,ooa,20,91,False,0.358,0.01,0.006,0.016,7.6784,False,False,0.1222
foursquare,ooa,20,83,False,0.1763,0.128,0.144,0.016,11.2724,False,False,0.8577
foursquare,ooa,20,94,False,0.0009,0.958,0.974,0.016,9.4337,False,False,0.655
foursquare,ooa,21,23,False,0.6067,0.02,0.036,0.016,15.5774,False,True,2.5108
foursquare,ooa,21,29,False,0.0,0.016,0.0,0.016,5.9049,False,False,0.9106
foursquare,ooa,21,50,False,0.5411,0.026,0.042,0.016,8.1092,False,False,0.1357
foursquare,ooa,21,51,False,0.0432,0.408,0.424,0.016,8.0498,False,False,0.2885
foursquare,ooa,21,43,False,0.3151,0.064,0.08,0.016,5.5136,False,False,1.4865
foursquare,ooa,21,33,False,0.0,0.016,0.0,0.016,7.3099,False,False,0.5109
foursquare,ooa,21,36,False,0.1552,0.146,0.162,0.016,6.255,False,False,0.8289
foursquare,ooa,21,47,False,0.7216,0.012,0.028,0.016,8.3312,False,False,0.2698
foursquare,ooa,21,57,False,0.0656,0.308,0.324,0.016,5.8922,False,False,1.1357
foursquare,ooa,21,65,False,0.0021,0.922,0.938,0.016,9.0115,False,False,0.9065
foursquare,ooa,21,31,False,0.0,0.016,0.0,0.016,8.733,False,False,0.3543
foursquare,ooa,21,60,False,0.6594,0.016,0.032,0.016,5.9816,False,False,0.4499
foursquare,ooa,21,28,False,0.1995,0.112,0.128,0.016,12.84,False,False,1.4452
foursquare,ooa,21,64,False,0.0,0.016,0.0,0.016,9.5299,False,False,0.04
foursquare,ooa,21,42,False,0.2604,0.082,0.098,0.016,6.5967,False,False,0.4524
foursquare,ooa,21,27,False,0.0,0.016,0.0,0.016,8.027,False,False,0.6379
foursquare,ooa,21,90,False,0.308,0.066,0.082,0.016,12.7116,False,False,1.6598
foursquare,ooa,21,98,False,0.4303,0.04,0.056,0.016,9.6859,False,False,0.6972
foursquare,ooa,21,88,False,0.5614,0.024,0.04,0.016,8.409,False,False,0.2362
foursquare,ooa,21,83,False,0.1397,0.162,0.178,0.016,11.2961,False,False,1.0473
foursquare,ooa,22,17,False,0.0008,0.96,0.976,0.016,5.8012,False,False,1.5937
foursquare,ooa,22,47,False,0.632,0.018,0.034,0.016,8.3364,False,False,0.2069
foursquare,ooa,22,24,False,0.0,0.984,1.0,0.016,11.4803,False,False,0.048
foursquare,ooa,22,62,False,0.1595,0.142,0.158,0.016,12.3225,False,False,1.2872
foursquare,ooa,22,46,False,0.0439,0.404,0.42,0.016,8.2882,False,False,0.0264
foursquare,ooa,22,52,False,0.0,0.016,0.0,0.016,9.1334,False,False,0.2889
foursquare,ooa,22,33,False,0.0,0.016,0.0,0.016,7.9176,False,False,0.3279
foursquare,ooa,22,58,False,0.5655,0.004,0.012,0.016,10.3224,False,False,0.3957
foursquare,ooa,22,3,False,0.0469,0.388,0.404,0.016,7.687,False,False,0.0875
foursquare,ooa,22,5,False,0.0,0.016,0.0,0.016,5.8034,False,False,1.4709
foursquare,ooa,22,70,False,0.1193,0.188,0.204,0.016,5.0674,False,False,1.2621
foursquare,ooa,22,2,False,0.632,0.018,0.034,0.016,9.7028,False,False,0.6099
foursquare,ooa,22,22,False,0.1948,0.012,0.004,0.016,9.1022,False,False,0.1399
foursquare,ooa,22,19,False,-0.0061,0.294,0.31,0.016,5.0609,False,False,1.6556
foursquare,ooa,22,23,False,0.7216,0.012,0.028,0.016,16.3837,False,True,2.469
foursquare,ooa,22,28,False,0.0902,0.24,0.256,0.016,12.3323,False,False,1.2855
foursquare,ooa,22,87,False,0.0,0.016,0.0,0.016,10.1925,False,False,0.0426
foursquare,ooa,22,85,False,0.0381,0.44,0.456,0.016,8.8037,False,False,0.1214
foursquare,ooa,22,99,False,0.1552,0.146,0.162,0.016,10.056,False,False,0.6625
foursquare,ooa,22,94,False,0.0,0.984,1.0,0.016,8.3318,False,False,0.5557
foursquare,ooa,23,69,False,0.8541,0.006,0.024,0.018,7.5046,False,False,0.0781
foursquare,ooa,23,64,False,0.0,0.018,0.0,0.018,10.4165,False,False,0.1814
foursquare,ooa,23,78,False,0.0383,0.466,0.484,0.018,8.2623,False,False,0.0948
foursquare,ooa,23,79,False,0.8869,0.0,0.018,0.018,14.8521,False,True,2.1487
foursquare,ooa,23,70,False,0.0681,0.324,0.342,0.018,5.2848,False,False,1.2805
foursquare,ooa,23,57,False,0.0935,0.254,0.272,0.018,5.1999,False,False,1.0689
foursquare,ooa,23,14,False,0.241,0.1,0.118,0.018,7.7601,False,False,0.1986
foursquare,ooa,23,47,False,0.7134,0.014,0.032,0.018,8.0287,False,False,0.3503
foursquare,ooa,23,50,False,0.5332,0.03,0.048,0.018,8.274,False,False,0.4341
foursquare,ooa,23,73,False,0.1855,0.134,0.152,0.018,8.7557,False,False,0.5019
foursquare,ooa,23,43,False,0.2728,0.086,0.104,0.018,5.4517,False,False,1.2808
foursquare,ooa,23,67,False,0.5332,0.03,0.048,0.018,9.1766,False,False,0.7866
foursquare,ooa,23,49,False,0.6849,0.016,0.034,0.018,10.0514,False,False,1.0788
foursquare,ooa,23,59,False,0.0,0.018,0.0,0.018,6.1027,False,False,1.6789
foursquare,ooa,23,39,False,0.8541,0.006,0.024,0.018,6.9557,False,False,0.3731
foursquare,ooa,23,17,False,0.0012,0.95,0.968,0.018,6.3108,False,False,1.6862
foursquare,ooa,23,98,False,0.5697,0.026,0.044,0.018,10.0426,False,False,1.0219
foursquare,ooa,23,99,False,0.145,0.172,0.19,0.018,10.392,False,False,1.1953
foursquare,ooa,23,97,False,0.6849,0.016,0.034,0.018,7.2321,False,False,0.0091
foursquare,ooa,23,94,False,0.0028,0.91,0.928,0.018,8.5431,False,False,0.5032
foursquare,ooa,24,45,False,0.0877,0.288,0.308,0.02,7.7594,False,False,0.2114
foursquare,ooa,24,66,False,0.1087,0.242,0.262,0.02,5.54,False,False,1.0215
foursquare,ooa,24,15,False,0.0017,0.94,0.96,0.02,7.9962,False,False,0.752
foursquare,ooa,24,78,False,0.04,0.48,0.5,0.02,7.4572,False,False,0.1417
foursquare,ooa,24,41,False,0.8294,0.008,0.028,0.02,8.1001,False,False,0.3366
foursquare,ooa,24,69,False,0.6813,0.018,0.038,0.02,7.7576,False,False,0.0964
foursquare,ooa,24,33,False,0.0,0.02,0.0,0.02,8.345,False,False,0.4571
foursquare,ooa,24,49,False,0.7634,0.012,0.032,0.02,11.2797,False,False,1.3749
foursquare,ooa,24,26,False,0.4069,0.054,0.074,0.02,11.0227,False,False,1.3449
foursquare,ooa,24,71,False,0.1582,0.172,0.192,0.02,8.315,False,False,0.3227
foursquare,ooa,24,3,False,0.1109,0.238,0.258,0.02,7.7531,False,False,0.1322
foursquare,ooa,24,79,False,0.8206,0.006,0.014,0.02,16.381,False,True,2.7818
foursquare,ooa,24,72,False,0.0379,0.494,0.514,0.02,8.0916,False,False,0.1467
foursquare,ooa,24,8,False,0.0,0.02,0.0,0.02,9.6341,False,False,0.2815
foursquare,ooa,24,36,False,0.1335,0.202,0.222,0.02,6.1603,False,False,0.7119
foursquare,ooa,24,70,False,0.0934,0.274,0.294,0.02,5.0435,False,False,1.4903
foursquare,ooa,24,93,False,0.6575,0.02,0.04,0.02,8.4373,False,False,0.4114
foursquare,ooa,24,80,False,0.0,0.02,0.0,0.02,10.609,False,False,0.1471
foursquare,ooa,24,84,False,0.0,0.98,1.0,0.02,6.6057,False,False,1.8167
foursquare,ooa,24,95,False,0.5267,0.034,0.054,0.02,6.548,False,False,0.3399
foursquare,ooa,25,0,False,0.5212,0.038,0.06,0.022,6.4172,False,False,0.2348
foursquare,ooa,25,20,False,0.7518,0.014,0.036,0.022,11.1652,False,False,1.7527
foursquare,ooa,25,21,False,0.0131,0.752,0.774,0.022,8.1788,False,False,0.104
foursquare,ooa,25,65,False,0.0016,0.944,0.966,0.022,7.3136,False,False,0.5332
foursquare,ooa,25,4,False,0.0,0.978,1.0,0.022,5.1167,False,True,2.1719
foursquare,ooa,25,10,False,0.1954,0.15,0.172,0.022,7.7249,False,False,0.3643
foursquare,ooa,25,11,False,0.7518,0.014,0.036,0.022,7.3321,False,False,0.0527
foursquare,ooa,25,29,False,0.877,0.006,0.028,0.022,7.0243,False,False,0.1102
foursquare,ooa,25,38,False,0.0,0.022,0.0,0.022,7.0311,False,False,0.5702
foursquare,ooa,25,56,False,0.0685,0.366,0.388,0.022,9.1677,False,False,1.0057
foursquare,ooa,25,17,False,0.0026,0.924,0.946,0.022,5.2625,False,False,1.6923
foursquare,ooa,25,2,False,0.8421,0.008,0.03,0.022,10.278,False,False,1.3122
foursquare,ooa,25,15,False,0.0122,0.764,0.786,0.022,7.5405,False,False,0.3965
foursquare,ooa,25,77,False,0.075,0.344,0.366,0.022,5.6219,False,False,0.8479
foursquare,ooa,25,44,False,0.0,0.022,0.0,0.022,7.8765,False,False,0.7731
foursquare,ooa,25,40,True,0.8421,0.008,0.03,0.022,6.9558,False,False,0.1642
foursquare,ooa,25,86,True,0.2976,0.092,0.114,0.022,10.7394,False,False,1.6025
foursquare,ooa,25,83,True,0.0904,0.3,0.322,0.022,8.3288,False,False,0.7038
foursquare,ooa,25,89,True,0.0,0.022,0.0,0.022,10.7241,False,False,0.4759
foursquare,ooa,26,40,False,0.7012,0.01,0.012,0.022,7.8031,False,False,0.4481
foursquare,ooa,26,25,False,0.6782,0.02,0.042,0.022,7.2424,False,False,0.0169
foursquare,ooa,26,76,False,0.7518,0.014,0.036,0.022,11.7297,False,False,1.6931
foursquare,ooa,26,6,False,0.1114,0.254,0.276,0.022,5.8908,False,False,1.1185
foursquare,ooa,26,77,False,0.6348,0.018,0.04,0.022,6.5925,False,False,0.292
foursquare,ooa,26,42,False,0.1771,0.166,0.188,0.022,9.0814,False,False,0.6947
foursquare,ooa,26,67,False,0.0,0.022,0.0,0.022,6.0535,False,False,1.7221
foursquare,ooa,26,5,False,0.6609,0.008,0.014,0.022,8.3023,False,False,0.0236
foursquare,ooa,26,22,False,0.1252,0.23,0.252,0.022,11.1463,False,False,1.311
foursquare,ooa,26,34,False,0.0,0.022,0.0,0.022,7.9634,False,False,0.2779
foursquare,ooa,26,33,False,0.1025,0.272,0.294,0.022,8.3133,False,False,0.257
foursquare,ooa,26,3,False,0.0515,0.438,0.46,0.022,8.0432,False,False,0.118
foursquare,ooa,26,78,False,0.5989,0.028,0.05,0.022,7.7022,False,False,0.3027
foursquare,ooa,26,50,False,0.0388,0.51,0.532,0.022,7.1162,False,False,0.9224
foursquare,ooa,26,18,False,0.0031,0.914,0.936,0.022,6.279,False,False,1.8745
foursquare,ooa,26,17,True,0.7257,0.016,0.038,0.022,13.0627,False,True,2.1559
foursquare,ooa,26,90,True,0.0,0.022,0.0,0.022,10.3785,False,False,0.2597
foursquare,ooa,26,87,True,0.8099,0.01,0.032,0.022,6.9579,False,False,0.1724
foursquare,ooa,26,97,True,0.0593,0.402,0.424,0.022,8.7576,False,False,0.2651
foursquare,ooa,27,78,False,0.0465,0.464,0.486,0.022,7.4382,False,False,0.2504
foursquare,ooa,27,10,False,0.2085,0.14,0.162,0.022,7.6077,False,False,0.0392
foursquare,ooa,27,28,False,0.2261,0.128,0.15,0.022,12.4306,False,False,1.7752
foursquare,ooa,27,25,False,0.7739,0.008,0.014,0.022,8.1537,False,False,0.4558
foursquare,ooa,27,66,False,0.0866,0.31,0.332,0.022,5.6025,False,False,1.1292
foursquare,ooa,27,58,False,0.1636,0.02,0.002,0.022,9.8866,False,False,0.343
foursquare,ooa,27,70,False,0.0726,0.352,0.374,0.022,5.1497,False,False,1.4823
foursquare,ooa,27,15,False,0.0147,0.73,0.752,0.022,8.0234,False,False,0.6458
foursquare,ooa,27,1,False,0.877,0.006,0.028,0.022,9.5319,False,False,0.838
foursquare,ooa,27,50,False,0.3781,0.066,0.088,0.022,8.4387,False,False,0.336
foursquare,ooa,27,63,False,0.411,0.058,0.08,0.022,12.3796,False,False,1.9331
foursquare,ooa,27,45,False,0.1227,0.234,0.256,0.022,7.3332,False,False,0.0214
foursquare,ooa,27,31,False,0.0,0.022,0.0,0.022,9.6448,False,False,0.2135
foursquare,ooa,27,33,False,0.0,0.022,0.0,0.022,8.3016,False,False,0.3069
foursquare,ooa,27,4,False,0.0,0.978,1.0,0.022,5.4657,False,True,2.3196
foursquare,ooa,27,46,False,0.0612,0.394,0.416,0.022,8.2529,False,False,0.0902
foursquare,ooa,27,94,True,0.0034,0.908,0.93,0.022,8.1351,False,False,0.5696
foursquare,ooa,27,82,True,0.8421,0.008,0.03,0.022,9.7796,False,False,0.9547
foursquare,ooa,27,96,True,0.0,0.022,0.0,0.022,12.4415,False,False,1.1188
foursquare,ooa,27,97,True,0.7257,0.016,0.038,0.022,7.4676,False,False,0.0337
foursquare,ooa,28,9,False,0.3559,0.078,0.102,0.024,7.9543,False,False,0.2237
foursquare,ooa,28,67,False,0.2446,0.126,0.15,0.024,10.4002,False,False,1.2969
foursquare,ooa,28,76,False,0.7673,0.014,0.038,0.024,7.4042,False,False,0.1793
foursquare,ooa,28,70,False,0.1321,0.234,0.258,0.024,5.8013,False,False,1.5203
foursquare,ooa,28,2,False,0.8226,0.01,0.034,0.024,9.6052,False,False,1.0329
foursquare,ooa,28,3,False,0.0919,0.314,0.338,0.024,8.3236,False,False,0.2359
foursquare,ooa,28,22,False,0.0,0.024,0.0,0.024,9.1178,False,False,0.5088
foursquare,ooa,28,75,False,0.0072,0.848,0.872,0.024,5.6412,False,True,2.8127
foursquare,ooa,28,49,False,0.8769,0.002,0.026,0.024,9.8226,False,False,1.149
foursquare,ooa,28,40,False,0.0706,0.378,0.402,0.024,6.7299,False,False,0.9078
foursquare,ooa,28,7,False,0.0,0.024,0.0,0.024,6.848,False,False,0.5645
foursquare,ooa,28,33,False,0.0385,0.532,0.556,0.024,7.7175,False,False,1.0104
foursquare,ooa,28,18,False,0.8858,0.006,0.03,0.024,7.7488,False,False,0.2958
foursquare,ooa,28,37,False,0.0765,0.358,0.382,0.024,8.1287,False,False,0.1098
foursquare,ooa,28,51,False,0.0,0.024,0.0,0.024,9.5032,False,False,0.2176
foursquare,ooa,28,64,True,0.0,0.024,0.0,0.024,9.7244,False,False,0.2919
foursquare,ooa,28,87,True,0.0,0.024,0.0,0.024,9.8323,False,False,0.3432
foursquare,ooa,28,80,True,0.4819,0.04,0.064,0.024,6.866,False,False,0.1782
foursquare,ooa,28,95,True,0.7941,0.012,0.036,0.024,10.2091,False,False,1.329
foursquare,ooa,29,65,False,0.0036,0.908,0.932,0.024,7.4148,False,False,0.7738
foursquare,ooa,29,79,False,0.0,0.024,0.0,0.024,20.7857,False,True,2.8881
foursquare,ooa,29,66,False,0.0852,0.332,0.356,0.024,5.0758,False,False,1.0009
foursquare,ooa,29,49,False,0.8097,0.006,0.03,0.024,9.5369,False,False,0.3787
foursquare,ooa,29,54,False,0.4317,0.058,0.082,0.024,9.6021,False,False,0.459
foursquare,ooa,29,4,False,0.0,0.976,1.0,0.024,5.4415,False,False,1.8669
foursquare,ooa,29,58,False,0.0,0.024,0.0,0.024,9.8803,False,False,0.0123
foursquare,ooa,29,78,False,0.0566,0.434,0.458,0.024,6.9898,False,False,0.3163
foursquare,ooa,29,41,False,0.8531,0.008,0.032,0.024,8.4531,False,False,0.1402
foursquare,ooa,29,69,False,0.9146,0.0,0.024,0.024,8.1915,False,False,0.0632
foursquare,ooa,29,67,False,0.2551,0.12,0.144,0.024,9.4362,False,False,0.457
foursquare,ooa,29,36,False,0.1521,0.206,0.23,0.024,6.3854,False,False,0.6911
foursquare,ooa,29,28,False,0.1967,0.16,0.184,0.024,12.4808,False,False,1.2319
foursquare,ooa,29,73,False,0.1475,0.212,0.236,0.024,9.3747,False,False,0.4463
foursquare,ooa,29,61,False,0.0484,0.474,0.498,0.024,5.9539,False,False,0.7827
foursquare,ooa,29,59,False,0.0,0.024,0.0,0.024,6.5287,False,False,1.5245
foursquare,ooa,29,89,True,0.1235,0.248,0.272,0.024,8.7512,False,False,0.2508
foursquare,ooa,29,80,True,0.0,0.024,0.0,0.024,11.2123,False,False,0.038
foursquare,ooa,29,99,True,0.3007,0.098,0.122,0.024,10.9029,False,False,0.8308
foursquare,ooa,29,85,True,0.0473,0.48,0.504,0.024,8.2853,False,False,0.0133
