dataset,attack,round,client_id,is_byzantine,kappa,semantic_shift,p_fraud_client,p_fraud_global,gradient_dist,flagged_kappa,flagged_gradient,z_score
yelp,grad-p,0,30,False,0.1308,0.174,0.502,0.676,7.0793,False,False,0.4583
yelp,grad-p,0,0,False,0.0,0.676,0.0,0.676,6.3118,False,False,0.4593
yelp,grad-p,0,22,False,0.0,0.676,0.0,0.676,4.9765,False,False,0.4609
yelp,grad-p,0,31,False,0.0,0.676,0.0,0.676,6.87,False,False,0.4587
yelp,grad-p,0,18,False,-0.0024,0.252,0.424,0.676,7.8613,False,False,0.4583
yelp,grad-p,0,28,False,0.0,0.676,0.0,0.676,5.8888,False,False,0.4591
yelp,grad-p,0,10,False,0.0533,0.25,0.426,0.676,7.989,False,False,0.4581
yelp,grad-p,0,70,False,0.0,0.676,0.0,0.676,6.9126,False,False,0.4587
yelp,grad-p,0,4,False,0.0,0.676,0.0,0.676,12.7271,False,False,0.4556
yelp,grad-p,0,12,False,0.033,0.248,0.428,0.676,6.961,False,False,0.4602
yelp,grad-p,0,49,False,0.1086,0.196,0.48,0.676,7.7149,False,False,0.4585
yelp,grad-p,0,33,False,-0.0396,0.592,0.084,0.676,5.0705,True,False,0.4596
yelp,grad-p,0,67,False,0.0,0.676,0.0,0.676,7.8202,False,False,0.4584
yelp,grad-p,0,35,False,0.0492,0.626,0.05,0.676,8.1047,False,False,0.4579
yelp,grad-p,0,68,False,0.0586,0.186,0.49,0.676,6.1393,False,False,0.4611
yelp,grad-p,0,45,False,-0.0618,0.292,0.968,0.676,8.6625,True,False,0.4627
yelp,grad-p,0,81,True,0.0091,0.556,0.12,0.676,1415.4886,False,False,0.4213
yelp,grad-p,0,84,True,0.0,0.324,1.0,0.676,5322.2009,False,True,2.8672
yelp,grad-p,0,85,True,-0.0177,0.57,0.106,0.676,3987.6764,True,True,2.0317
yelp,grad-p,0,83,True,0.0,0.676,0.0,0.676,3977.3423,False,True,2.0253
yelp,grad-p,1,23,False,0.0,0.524,1.0,0.476,8.6808,False,False,0.4699
yelp,grad-p,1,39,False,0.3151,0.01,0.486,0.476,5.5153,False,False,0.4677
yelp,grad-p,1,69,False,0.5218,0.112,0.364,0.476,8.6645,False,False,0.466
yelp,grad-p,1,74,False,0.4036,0.122,0.354,0.476,7.2329,False,False,0.4665
yelp,grad-p,1,0,False,0.0,0.476,0.0,0.476,7.0248,False,False,0.4672
yelp,grad-p,1,1,False,0.3192,0.012,0.488,0.476,7.0666,False,False,0.4673
yelp,grad-p,1,38,False,0.2666,0.052,0.424,0.476,6.3758,False,False,0.467
yelp,grad-p,1,45,False,-0.038,0.486,0.962,0.476,8.3419,False,False,0.4697
yelp,grad-p,1,72,False,0.3053,0.316,0.16,0.476,9.2911,False,False,0.4658
yelp,grad-p,1,63,False,0.0,0.476,0.0,0.476,7.4087,False,False,0.4666
yelp,grad-p,1,8,False,0.0,0.476,0.0,0.476,7.5486,False,False,0.4668
yelp,grad-p,1,13,False,0.3795,0.052,0.424,0.476,5.6667,False,False,0.4676
yelp,grad-p,1,15,False,0.0,0.476,0.0,0.476,4.413,False,False,0.4677
yelp,grad-p,1,41,False,0.0,0.476,0.0,0.476,5.3945,False,False,0.4672
yelp,grad-p,1,54,False,0.0,0.476,0.0,0.476,7.499,False,False,0.4668
yelp,grad-p,1,5,False,0.2462,0.054,0.53,0.476,6.4779,False,False,0.4678
yelp,grad-p,1,94,True,-0.0297,0.25,0.726,0.476,3658.0941,False,False,1.2404
yelp,grad-p,1,82,True,-0.1638,0.42,0.896,0.476,4606.2774,True,False,1.6841
yelp,grad-p,1,95,True,0.0759,0.474,0.95,0.476,7880.1716,False,True,3.216
yelp,grad-p,1,96,True,0.02,0.492,0.968,0.476,3864.6959,False,False,1.337
yelp,grad-p,2,49,False,0.029,0.226,0.484,0.258,7.6639,False,False,0.4581
yelp,grad-p,2,43,False,0.0069,0.116,0.374,0.258,6.6477,False,False,0.4581
yelp,grad-p,2,38,False,0.0437,0.138,0.396,0.258,6.3256,False,False,0.4588
yelp,grad-p,2,46,False,0.0,0.258,0.0,0.258,7.6221,False,False,0.4584
yelp,grad-p,2,79,False,0.0101,0.336,0.594,0.258,7.6854,False,False,0.4604
yelp,grad-p,2,24,False,0.0,0.258,0.0,0.258,9.1038,False,False,0.4574
yelp,grad-p,2,19,False,-0.0122,0.054,0.312,0.258,5.7538,False,False,0.4613
yelp,grad-p,2,62,False,0.431,0.152,0.106,0.258,5.6681,False,False,0.4587
yelp,grad-p,2,56,False,0.1036,0.154,0.412,0.258,6.4461,False,False,0.4592
yelp,grad-p,2,73,False,0.1394,0.114,0.144,0.258,8.4382,False,False,0.4574
yelp,grad-p,2,32,False,0.2758,0.152,0.106,0.258,10.3596,False,False,0.4568
yelp,grad-p,2,77,False,-0.044,0.428,0.686,0.258,8.4198,True,False,0.4607
yelp,grad-p,2,39,False,0.0781,0.204,0.462,0.258,5.8838,False,False,0.4596
yelp,grad-p,2,7,False,0.0,0.258,0.0,0.258,13.865,False,False,0.4551
yelp,grad-p,2,63,False,0.0598,0.022,0.28,0.258,8.6137,False,False,0.4576
yelp,grad-p,2,42,False,0.0376,0.218,0.476,0.258,7.6046,False,False,0.4583
yelp,grad-p,2,91,True,-0.002,0.706,0.964,0.258,7278.0812,False,True,3.3542
yelp,grad-p,2,80,True,-0.0824,0.4,0.658,0.258,3500.8712,True,False,1.373
yelp,grad-p,2,87,True,0.0141,0.722,0.98,0.258,2947.8486,False,False,1.083
yelp,grad-p,2,88,True,0.1109,0.238,0.02,0.258,3791.961,False,False,1.5257
yelp,grad-p,3,55,False,0.4213,0.23,0.512,0.742,6.4364,False,False,0.4358
yelp,grad-p,3,25,False,0.2463,0.448,0.294,0.742,4.8008,False,False,0.4367
yelp,grad-p,3,10,False,0.3386,0.296,0.446,0.742,9.0236,False,False,0.4346
yelp,grad-p,3,19,False,0.2826,0.384,0.358,0.742,5.3752,False,False,0.4388
yelp,grad-p,3,45,False,0.0444,0.19,0.932,0.742,7.4032,False,False,0.4391
yelp,grad-p,3,1,False,0.4698,0.23,0.512,0.742,6.4137,False,False,0.4362
yelp,grad-p,3,73,False,0.1312,0.574,0.168,0.742,8.4233,False,False,0.4351
yelp,grad-p,3,21,False,0.0,0.742,0.0,0.742,6.8576,False,False,0.436
yelp,grad-p,3,54,False,0.0,0.742,0.0,0.742,7.2412,False,False,0.4357
yelp,grad-p,3,2,False,0.0,0.258,1.0,0.742,9.8208,False,False,0.4381
yelp,grad-p,3,20,False,0.3464,0.366,0.376,0.742,6.1486,False,False,0.4361
yelp,grad-p,3,33,False,0.2586,0.424,0.318,0.742,4.9524,False,False,0.4365
yelp,grad-p,3,29,False,0.0,0.742,0.0,0.742,7.2028,False,False,0.4357
yelp,grad-p,3,62,False,0.2214,0.472,0.27,0.742,5.0009,False,False,0.4365
yelp,grad-p,3,7,False,0.0434,0.682,0.06,0.742,18.6716,False,False,0.4302
yelp,grad-p,3,77,False,0.3722,0.058,0.684,0.742,7.7221,False,False,0.4384
yelp,grad-p,3,80,True,0.012,0.288,0.454,0.742,3780.0071,False,False,1.6496
yelp,grad-p,3,81,True,-0.2764,0.232,0.51,0.742,1380.3743,True,False,0.3225
yelp,grad-p,3,88,True,0.1545,0.25,0.492,0.742,3709.9504,False,False,1.6108
yelp,grad-p,3,95,True,-0.2642,0.134,0.608,0.742,6938.8542,True,True,3.3964
yelp,grad-p,4,47,False,0.3393,0.336,0.408,0.744,6.902,False,False,0.4931
yelp,grad-p,4,78,False,0.1864,0.514,0.23,0.744,8.9032,False,False,0.4916
yelp,grad-p,4,36,False,0.0,0.744,0.0,0.744,3.5196,False,False,0.4949
yelp,grad-p,4,51,False,0.0,0.744,0.0,0.744,5.7783,False,False,0.4934
yelp,grad-p,4,44,False,0.0,0.744,0.0,0.744,9.1272,False,False,0.4919
yelp,grad-p,4,13,False,0.3267,0.382,0.362,0.744,6.1825,False,False,0.4936
yelp,grad-p,4,10,False,0.3521,0.32,0.424,0.744,9.2359,False,False,0.4915
yelp,grad-p,4,75,False,0.0,0.744,0.0,0.744,5.9262,False,False,0.4931
yelp,grad-p,4,11,False,0.0,0.744,0.0,0.744,5.7936,False,False,0.4934
yelp,grad-p,4,24,False,0.1094,0.6,0.144,0.744,8.588,False,False,0.4918
yelp,grad-p,4,72,False,0.1615,0.5,0.244,0.744,8.2901,False,False,0.4918
yelp,grad-p,4,34,False,0.0,0.744,0.0,0.744,20.3698,False,False,0.4858
yelp,grad-p,4,33,False,0.2739,0.416,0.328,0.744,5.226,False,False,0.4936
yelp,grad-p,4,45,False,0.1265,0.18,0.924,0.744,8.3868,False,False,0.4966
yelp,grad-p,4,21,False,0.0,0.744,0.0,0.744,5.7054,False,False,0.4933
yelp,grad-p,4,66,False,0.1883,0.512,0.232,0.744,5.1359,False,False,0.4938
yelp,grad-p,4,80,True,-0.0198,0.23,0.974,0.744,3515.0863,False,False,1.6538
yelp,grad-p,4,82,True,0.0748,0.218,0.962,0.744,4254.8926,False,True,2.1068
yelp,grad-p,4,90,True,0.1837,0.098,0.646,0.744,3410.9586,False,False,1.59
yelp,grad-p,4,84,True,0.0,0.256,1.0,0.744,4950.1278,False,True,2.5325
yelp,grad-p,5,70,False,0.0,0.694,0.0,0.694,5.767,False,False,0.4882
yelp,grad-p,5,25,False,0.2328,0.464,0.23,0.694,4.7866,False,False,0.4888
yelp,grad-p,5,14,False,0.0,0.694,0.0,0.694,5.5868,False,False,0.4883
yelp,grad-p,5,40,False,0.0,0.694,0.0,0.694,5.1217,False,False,0.4888
yelp,grad-p,5,73,False,0.0018,0.692,0.002,0.694,10.426,False,False,0.486
yelp,grad-p,5,64,False,0.0215,0.67,0.024,0.694,8.6285,False,False,0.4871
yelp,grad-p,5,42,False,0.4506,0.2,0.494,0.694,8.1052,False,False,0.4881
yelp,grad-p,5,38,False,0.4135,0.25,0.444,0.694,6.1554,False,False,0.4886
yelp,grad-p,5,77,False,0.4342,0.026,0.668,0.694,8.8102,False,False,0.4908
yelp,grad-p,5,18,False,0.3965,0.272,0.422,0.694,8.6533,False,False,0.4871
yelp,grad-p,5,29,False,0.0,0.694,0.0,0.694,5.5631,False,False,0.4883
yelp,grad-p,5,36,False,0.0,0.694,0.0,0.694,3.9242,False,False,0.49
yelp,grad-p,5,75,False,0.0,0.694,0.0,0.694,5.5874,False,False,0.4883
yelp,grad-p,5,69,False,0.2715,0.37,0.324,0.694,8.9353,False,False,0.4867
yelp,grad-p,5,5,False,0.3654,0.278,0.416,0.694,6.6823,False,False,0.489
yelp,grad-p,5,74,False,0.1195,0.568,0.126,0.694,7.9493,False,False,0.4875
yelp,grad-p,5,84,True,0.4133,0.014,0.708,0.694,5208.5851,False,True,2.7731
yelp,grad-p,5,92,True,-0.2146,0.204,0.49,0.694,3226.5333,True,False,1.53
yelp,grad-p,5,83,True,0.0862,0.006,0.7,0.694,3571.8392,False,False,1.7465
yelp,grad-p,5,85,True,-0.0001,0.668,0.026,0.694,3596.6229,False,False,1.762
yelp,grad-p,6,9,False,0.0,0.634,0.0,0.634,6.0327,False,False,0.4949
yelp,grad-p,6,40,False,0.0,0.634,0.0,0.634,5.4776,False,False,0.4954
yelp,grad-p,6,60,False,0.3795,0.072,0.706,0.634,6.9373,False,False,0.4983
yelp,grad-p,6,59,False,0.0,0.634,0.0,0.634,6.035,False,False,0.4949
yelp,grad-p,6,38,False,0.407,0.156,0.478,0.634,6.1958,False,False,0.495
yelp,grad-p,6,8,False,0.0,0.634,0.0,0.634,6.0488,False,False,0.4949
yelp,grad-p,6,77,False,0.402,0.022,0.656,0.634,7.9046,False,False,0.4975
yelp,grad-p,6,4,False,0.0,0.634,0.0,0.634,20.1134,False,False,0.4874
yelp,grad-p,6,52,False,0.0,0.634,0.0,0.634,4.4107,False,False,0.4967
yelp,grad-p,6,56,False,0.3269,0.142,0.492,0.634,6.3699,False,False,0.4956
yelp,grad-p,6,5,False,0.4099,0.102,0.532,0.634,6.3889,False,False,0.4957
yelp,grad-p,6,20,False,0.3432,0.234,0.4,0.634,5.6273,False,False,0.4952
yelp,grad-p,6,69,False,0.3023,0.29,0.344,0.634,8.0692,False,False,0.4939
yelp,grad-p,6,35,False,0.0,0.634,0.0,0.634,9.3075,False,False,0.4932
yelp,grad-p,6,10,False,0.2398,0.212,0.422,0.634,7.8126,False,False,0.494
yelp,grad-p,6,23,False,0.0,0.366,1.0,0.634,8.305,False,False,0.4986
yelp,grad-p,6,85,True,0.0012,0.196,0.438,0.634,3553.4688,False,False,1.6724
yelp,grad-p,6,86,True,0.1184,0.208,0.842,0.634,4656.6405,False,True,2.3468
yelp,grad-p,6,88,True,-0.2417,0.504,0.13,0.634,3545.1312,True,False,1.6673
yelp,grad-p,6,98,True,0.2713,0.122,0.512,0.634,4473.1621,False,True,2.2347
yelp,grad-p,7,21,False,0.0,0.544,0.0,0.544,4.5881,False,False,0.4788
yelp,grad-p,7,29,False,0.0,0.544,0.0,0.544,4.5472,False,False,0.4786
yelp,grad-p,7,0,False,0.0,0.544,0.0,0.544,4.3327,False,False,0.4789
yelp,grad-p,7,23,False,0.0,0.456,1.0,0.544,8.5642,False,False,0.482
yelp,grad-p,7,11,False,0.0,0.544,0.0,0.544,4.4093,False,False,0.4788
yelp,grad-p,7,62,False,0.4514,0.286,0.258,0.544,6.9363,False,False,0.4783
yelp,grad-p,7,19,False,0.4709,0.204,0.34,0.544,5.503,False,False,0.4815
yelp,grad-p,7,52,False,0.0,0.544,0.0,0.544,3.6394,False,False,0.4802
yelp,grad-p,7,41,False,0.5003,0.184,0.36,0.544,5.7685,False,False,0.4788
yelp,grad-p,7,63,False,0.2542,0.396,0.148,0.544,9.7108,False,False,0.4767
yelp,grad-p,7,1,False,0.6227,0.024,0.52,0.544,7.0449,False,False,0.4788
yelp,grad-p,7,72,False,0.3187,0.3,0.244,0.544,9.1611,False,False,0.4771
yelp,grad-p,7,56,False,0.527,0.128,0.416,0.544,7.2338,False,False,0.4788
yelp,grad-p,7,22,False,0.0,0.544,0.0,0.544,3.5632,False,False,0.4803
yelp,grad-p,7,38,False,0.4628,0.2,0.344,0.544,6.8692,False,False,0.4786
yelp,grad-p,7,46,False,0.0,0.544,0.0,0.544,4.9129,False,False,0.4785
yelp,grad-p,7,83,True,0.0997,0.446,0.098,0.544,3387.8535,False,False,1.5821
yelp,grad-p,7,92,True,0.0,0.544,0.0,0.544,3169.1497,False,False,1.4488
yelp,grad-p,7,88,True,-0.2087,0.21,0.334,0.544,3438.9113,True,False,1.6134
yelp,grad-p,7,84,True,0.013,0.418,0.126,0.544,5746.5285,False,True,3.0204
yelp,grad-p,8,79,False,0.2831,0.212,0.442,0.23,7.0757,False,False,0.4254
yelp,grad-p,8,17,False,0.3771,0.224,0.454,0.23,6.5667,False,False,0.4238
yelp,grad-p,8,66,False,0.4231,0.198,0.428,0.23,5.6182,False,False,0.4243
yelp,grad-p,8,45,False,0.084,0.642,0.872,0.23,7.5468,False,False,0.4266
yelp,grad-p,8,16,False,0.2969,0.15,0.38,0.23,11.7893,False,False,0.4209
yelp,grad-p,8,44,False,0.0,0.23,0.0,0.23,11.6323,False,False,0.4214
yelp,grad-p,8,64,False,0.0,0.23,0.0,0.23,8.3671,False,False,0.4226
yelp,grad-p,8,8,False,0.0,0.23,0.0,0.23,6.5992,False,False,0.4239
yelp,grad-p,8,36,False,0.0,0.23,0.0,0.23,4.0468,False,False,0.4253
yelp,grad-p,8,18,False,0.4243,0.174,0.404,0.23,9.6401,False,False,0.422
yelp,grad-p,8,58,False,0.1677,0.024,0.206,0.23,9.828,False,False,0.4218
yelp,grad-p,8,55,False,0.2467,0.234,0.464,0.23,7.1616,False,False,0.4233
yelp,grad-p,8,46,False,0.0,0.23,0.0,0.23,6.6777,False,False,0.4239
yelp,grad-p,8,23,False,0.0,0.77,1.0,0.23,8.0254,False,False,0.4269
yelp,grad-p,8,34,False,0.0,0.23,0.0,0.23,22.281,False,False,0.4158
yelp,grad-p,8,72,False,0.0356,0.02,0.25,0.23,10.4927,False,False,0.4215
yelp,grad-p,8,96,True,-0.1897,0.108,0.122,0.23,3409.3407,True,False,1.4405
yelp,grad-p,8,81,True,-0.004,0.228,0.002,0.23,1333.1477,False,False,0.3024
yelp,grad-p,8,93,True,0.0276,0.102,0.332,0.23,3394.5253,False,False,1.4324
yelp,grad-p,8,95,True,-0.107,0.04,0.27,0.23,7338.0574,True,True,3.5941
yelp,grad-p,9,72,False,0.3759,0.046,0.338,0.292,10.1566,False,False,0.4668
yelp,grad-p,9,77,False,0.267,0.39,0.682,0.292,8.3026,False,False,0.472
yelp,grad-p,9,15,False,0.0,0.292,0.0,0.292,5.2467,False,False,0.4702
yelp,grad-p,9,0,False,0.0,0.292,0.0,0.292,5.2213,False,False,0.4699
yelp,grad-p,9,12,False,0.4103,0.18,0.472,0.292,6.6374,False,False,0.4707
yelp,grad-p,9,64,False,0.0,0.292,0.0,0.292,11.4071,False,False,0.466
yelp,grad-p,9,29,False,0.0,0.292,0.0,0.292,5.5268,False,False,0.4695
yelp,grad-p,9,26,False,0.0445,0.596,0.888,0.292,7.6993,False,False,0.4736
yelp,grad-p,9,31,False,0.0,0.292,0.0,0.292,5.4677,False,False,0.4695
yelp,grad-p,9,63,False,-0.0134,0.14,0.152,0.292,10.0286,False,False,0.467
yelp,grad-p,9,79,False,0.3504,0.242,0.534,0.292,7.6462,False,False,0.4715
yelp,grad-p,9,4,False,0.0,0.292,0.0,0.292,18.1102,False,False,0.4614
yelp,grad-p,9,61,False,0.2004,0.086,0.206,0.292,5.063,False,False,0.4719
yelp,grad-p,9,51,False,0.0,0.292,0.0,0.292,5.2621,False,False,0.4698
yelp,grad-p,9,44,False,0.0,0.292,0.0,0.292,13.7445,False,False,0.4646
yelp,grad-p,9,75,False,0.0,0.292,0.0,0.292,5.4488,False,False,0.4695
yelp,grad-p,9,83,True,0.202,0.44,0.732,0.292,3398.0538,False,True,2.0701
yelp,grad-p,9,99,True,-0.1293,0.428,0.72,0.292,4213.7941,True,True,2.6812
yelp,grad-p,9,97,True,-0.1747,0.114,0.178,0.292,1430.468,True,False,0.5959
yelp,grad-p,9,93,True,0.119,0.152,0.444,0.292,3513.7169,False,True,2.1567
yelp,grad-p,10,8,False,0.0,0.326,0.0,0.326,6.492,False,False,0.4562
yelp,grad-p,10,2,False,0.0,0.674,1.0,0.326,9.1526,False,False,0.4578
yelp,grad-p,10,4,False,0.0,0.326,0.0,0.326,20.0713,False,False,0.4502
yelp,grad-p,10,64,False,0.0409,0.316,0.01,0.326,10.8268,False,False,0.4543
yelp,grad-p,10,27,False,0.1915,0.038,0.364,0.326,7.1672,False,False,0.4559
yelp,grad-p,10,47,False,0.2519,0.12,0.446,0.326,7.3305,False,False,0.4558
yelp,grad-p,10,73,False,0.0,0.326,0.0,0.326,9.8743,False,False,0.4546
yelp,grad-p,10,56,False,0.325,0.074,0.4,0.326,6.1043,False,False,0.4566
yelp,grad-p,10,68,False,0.4216,0.188,0.514,0.326,5.2254,False,False,0.4575
yelp,grad-p,10,38,False,0.3996,0.106,0.432,0.326,6.07,False,False,0.4564
yelp,grad-p,10,49,False,0.3726,0.148,0.474,0.326,7.291,False,False,0.4559
yelp,grad-p,10,3,False,0.0,0.326,0.0,0.326,11.5004,False,False,0.4542
yelp,grad-p,10,19,False,0.5021,0.134,0.46,0.326,5.1631,False,False,0.4583
yelp,grad-p,10,52,False,0.0,0.326,0.0,0.326,4.8954,False,False,0.4574
yelp,grad-p,10,41,False,0.1795,0.016,0.31,0.326,6.1318,False,False,0.4561
yelp,grad-p,10,50,False,0.0,0.326,0.0,0.326,6.4461,False,False,0.4562
yelp,grad-p,10,95,True,0.1907,0.406,0.732,0.326,8044.4091,False,True,3.3211
yelp,grad-p,10,90,True,0.0,0.674,1.0,0.326,3113.2155,False,False,1.0033
yelp,grad-p,10,82,True,0.0215,0.652,0.978,0.326,4860.3419,False,False,1.8245
yelp,grad-p,10,88,True,-0.0159,0.318,0.008,0.326,3414.0388,False,False,1.1447
yelp,grad-p,11,20,False,0.4104,0.092,0.35,0.258,5.5126,False,False,0.4973
yelp,grad-p,11,49,False,0.4434,0.226,0.484,0.258,7.5946,False,False,0.4971
yelp,grad-p,11,30,False,0.3879,0.008,0.25,0.258,8.2639,False,False,0.4959
yelp,grad-p,11,17,False,0.4116,0.164,0.422,0.258,6.1042,False,False,0.4972
yelp,grad-p,11,73,False,0.3105,0.036,0.294,0.258,10.2531,False,False,0.495
yelp,grad-p,11,43,False,0.3971,0.1,0.358,0.258,6.682,False,False,0.4968
yelp,grad-p,11,0,False,0.0,0.258,0.0,0.258,6.7257,False,False,0.4976
yelp,grad-p,11,7,False,0.0,0.258,0.0,0.258,17.6104,False,False,0.4913
yelp,grad-p,11,53,False,0.4236,0.062,0.32,0.258,5.9046,False,False,0.4974
yelp,grad-p,11,10,False,0.4001,0.194,0.452,0.258,10.6038,False,False,0.4945
yelp,grad-p,11,54,False,0.0,0.258,0.0,0.258,6.8059,False,False,0.4974
yelp,grad-p,11,46,False,0.0,0.258,0.0,0.258,6.8683,False,False,0.4973
yelp,grad-p,11,41,False,0.1736,0.026,0.232,0.258,5.5259,False,False,0.4972
yelp,grad-p,11,4,False,0.0,0.258,0.0,0.258,18.7388,False,False,0.491
yelp,grad-p,11,76,False,0.5156,0.19,0.448,0.258,7.508,False,False,0.4964
yelp,grad-p,11,65,True,0.0127,0.724,0.982,0.258,3409.7065,False,False,1.4204
yelp,grad-p,11,96,True,0.0299,0.014,0.272,0.258,5901.3728,False,True,2.8252
yelp,grad-p,11,84,True,-0.0847,0.268,0.526,0.258,3146.9989,False,False,1.2723
yelp,grad-p,11,92,True,0.0,0.742,1.0,0.258,4298.5555,False,False,1.9215
yelp,grad-p,12,45,False,0.3332,0.338,0.796,0.458,8.2331,False,False,0.4641
yelp,grad-p,12,72,False,0.5201,0.106,0.352,0.458,12.0786,False,False,0.4591
yelp,grad-p,12,47,False,0.3291,0.126,0.332,0.458,8.4018,False,False,0.4613
yelp,grad-p,12,53,False,0.4052,0.106,0.352,0.458,6.8727,False,False,0.4618
yelp,grad-p,12,40,False,0.0,0.458,0.0,0.458,4.5437,False,False,0.462
yelp,grad-p,12,29,False,0.0,0.458,0.0,0.458,4.9493,False,False,0.4617
yelp,grad-p,12,70,False,0.0,0.458,0.0,0.458,4.8797,False,False,0.4617
yelp,grad-p,12,37,False,0.0,0.458,0.0,0.458,12.5434,False,False,0.459
yelp,grad-p,12,10,False,0.3892,0.102,0.356,0.458,11.3796,False,False,0.4596
yelp,grad-p,12,28,False,0.0,0.458,0.0,0.458,7.6404,False,False,0.461
yelp,grad-p,12,0,False,0.0,0.458,0.0,0.458,4.6984,False,False,0.4619
yelp,grad-p,12,66,False,0.4879,0.052,0.406,0.458,5.9621,False,False,0.462
yelp,grad-p,12,22,False,0.0,0.458,0.0,0.458,4.0797,False,False,0.4631
yelp,grad-p,12,63,False,0.095,0.28,0.178,0.458,10.0377,False,False,0.4602
yelp,grad-p,12,46,False,0.0,0.458,0.0,0.458,5.1208,False,False,0.4617
yelp,grad-p,12,75,False,0.0,0.458,0.0,0.458,4.8529,False,False,0.4616
yelp,grad-p,12,93,True,0.0,0.458,0.0,0.458,3361.8063,False,False,1.1667
yelp,grad-p,12,91,True,0.0095,0.532,0.99,0.458,7624.9127,False,True,3.2368
yelp,grad-p,12,94,True,-0.1145,0.178,0.636,0.458,3198.7733,True,False,1.0876
yelp,grad-p,12,86,True,-0.1586,0.218,0.24,0.458,4851.9129,True,False,1.8903
yelp,grad-p,13,6,False,0.3386,0.238,0.288,0.526,11.1682,False,False,0.4875
yelp,grad-p,13,17,False,0.5322,0.112,0.414,0.526,6.1646,False,False,0.4904
yelp,grad-p,13,69,False,0.5025,0.152,0.374,0.526,9.1547,False,False,0.4884
yelp,grad-p,13,66,False,0.5359,0.106,0.42,0.526,6.1002,False,False,0.4905
yelp,grad-p,13,15,False,0.3827,0.318,0.208,0.526,4.7081,False,False,0.491
yelp,grad-p,13,9,False,0.0,0.526,0.0,0.526,6.4853,False,False,0.4903
yelp,grad-p,13,60,False,0.5689,0.132,0.658,0.526,6.9771,False,False,0.4934
yelp,grad-p,13,36,False,0.237,0.392,0.134,0.526,4.3617,False,False,0.492
yelp,grad-p,13,4,False,0.0,0.526,0.0,0.526,16.8555,False,False,0.4842
yelp,grad-p,13,5,False,0.6038,0.022,0.504,0.526,6.5916,False,False,0.4909
yelp,grad-p,13,59,False,0.0,0.526,0.0,0.526,6.1236,False,False,0.4904
yelp,grad-p,13,47,False,0.5802,0.03,0.496,0.526,7.0555,False,False,0.49
yelp,grad-p,13,20,False,0.5345,0.16,0.366,0.526,5.7963,False,False,0.4905
yelp,grad-p,13,25,False,0.4732,0.266,0.26,0.526,5.0561,False,False,0.4906
yelp,grad-p,13,64,False,0.127,0.456,0.07,0.526,9.873,False,False,0.4882
yelp,grad-p,13,11,False,0.0,0.526,0.0,0.526,5.9388,False,False,0.4906
yelp,grad-p,13,98,True,-0.2354,0.342,0.184,0.526,4603.2019,True,True,2.3451
yelp,grad-p,13,82,True,0.3435,0.216,0.742,0.526,4786.5967,False,True,2.4582
yelp,grad-p,13,88,True,0.267,0.144,0.67,0.526,3371.6309,False,False,1.5851
yelp,grad-p,13,92,True,-0.0591,0.47,0.056,0.526,3154.0141,False,False,1.4508
yelp,grad-p,14,4,False,0.0,0.53,0.0,0.53,19.0505,False,False,0.3902
yelp,grad-p,14,61,False,0.3259,0.35,0.18,0.53,4.9559,False,False,0.3987
yelp,grad-p,14,71,False,0.6873,0.012,0.518,0.53,7.3534,False,False,0.397
yelp,grad-p,14,48,False,0.4951,0.214,0.316,0.53,5.7527,False,False,0.397
yelp,grad-p,14,56,False,0.5979,0.152,0.378,0.53,6.3494,False,False,0.3974
yelp,grad-p,14,59,False,0.0,0.53,0.0,0.53,6.0201,False,False,0.3969
yelp,grad-p,14,39,False,0.7323,0.038,0.492,0.53,5.8044,False,False,0.3979
yelp,grad-p,14,7,False,0.0,0.53,0.0,0.53,14.7104,False,False,0.3924
yelp,grad-p,14,75,False,0.0,0.53,0.0,0.53,6.0205,False,False,0.3969
yelp,grad-p,14,26,False,-0.0319,0.292,0.822,0.53,6.9871,False,False,0.4001
yelp,grad-p,14,40,False,0.0,0.53,0.0,0.53,5.6033,False,False,0.3973
yelp,grad-p,14,23,False,0.0,0.47,1.0,0.53,7.7762,False,False,0.4
yelp,grad-p,14,6,False,0.3902,0.224,0.306,0.53,10.2493,False,False,0.3947
yelp,grad-p,14,50,False,0.0,0.53,0.0,0.53,6.1194,False,False,0.3969
yelp,grad-p,14,35,False,0.4601,0.278,0.252,0.53,11.222,False,False,0.3941
yelp,grad-p,14,65,True,-0.4278,0.288,0.242,0.53,1393.1952,False,False,0.395
yelp,grad-p,14,97,True,0.1874,0.386,0.916,0.53,1222.4043,False,False,0.2974
yelp,grad-p,14,81,True,-0.4136,0.162,0.368,0.53,7287.5118,False,True,3.7653
yelp,grad-p,14,91,True,0.2629,0.344,0.874,0.53,3308.0299,False,False,1.4899
yelp,grad-p,15,73,False,0.3887,0.31,0.202,0.512,9.5975,False,False,0.4055
yelp,grad-p,15,62,False,0.0,0.512,0.0,0.512,5.9207,False,False,0.4071
yelp,grad-p,15,17,False,0.6769,0.07,0.442,0.512,5.6823,False,False,0.4073
yelp,grad-p,15,51,False,0.0,0.512,0.0,0.512,5.9656,False,False,0.4075
yelp,grad-p,15,68,False,0.6875,0.024,0.536,0.512,6.0464,False,False,0.4087
yelp,grad-p,15,47,False,0.5101,0.102,0.41,0.512,6.1653,False,False,0.4072
yelp,grad-p,15,41,False,0.7132,0.096,0.416,0.512,5.9262,False,False,0.4072
yelp,grad-p,15,8,False,0.0,0.512,0.0,0.512,6.2342,False,False,0.4073
yelp,grad-p,15,53,False,0.5387,0.136,0.376,0.512,5.3545,False,False,0.4074
yelp,grad-p,15,57,False,0.5472,0.16,0.352,0.512,5.95,False,False,0.4072
yelp,grad-p,15,3,False,0.0,0.512,0.0,0.512,10.9366,False,False,0.4053
yelp,grad-p,15,71,False,0.7116,0.016,0.528,0.512,7.2298,False,False,0.4074
yelp,grad-p,15,7,False,0.0382,0.492,0.02,0.512,13.76,False,False,0.4037
yelp,grad-p,15,43,False,0.6188,0.164,0.348,0.512,6.4045,False,False,0.407
yelp,grad-p,15,34,False,0.0,0.512,0.0,0.512,19.8834,False,False,0.401
yelp,grad-p,15,36,False,0.0,0.512,0.0,0.512,4.1134,False,False,0.4084
yelp,grad-p,15,80,True,-0.1968,0.142,0.654,0.512,3478.9011,False,False,1.2853
yelp,grad-p,15,97,True,0.0,0.488,1.0,0.512,1397.881,False,False,0.2705
yelp,grad-p,15,95,True,0.0,0.512,0.0,0.512,8584.4315,False,True,3.775
yelp,grad-p,15,83,True,-0.143,0.394,0.118,0.512,3251.43,False,False,1.1744
yelp,grad-p,16,20,False,0.4631,0.016,0.384,0.4,5.7794,False,False,0.4602
yelp,grad-p,16,56,False,0.4215,0.02,0.42,0.4,7.1621,False,False,0.4606
yelp,grad-p,16,36,False,0.0337,0.382,0.018,0.4,4.1322,False,False,0.4616
yelp,grad-p,16,55,False,0.5098,0.048,0.448,0.4,7.3648,False,False,0.4594
yelp,grad-p,16,16,False,0.4394,0.206,0.194,0.4,12.8197,False,False,0.4555
yelp,grad-p,16,28,False,0.0417,0.386,0.014,0.4,6.8514,False,False,0.4591
yelp,grad-p,16,31,False,0.0,0.4,0.0,0.4,6.0058,False,False,0.46
yelp,grad-p,16,10,False,0.3409,0.018,0.382,0.4,9.2273,False,False,0.4577
yelp,grad-p,16,15,False,0.0205,0.256,0.144,0.4,4.1352,False,False,0.4606
yelp,grad-p,16,41,False,0.5604,0.034,0.434,0.4,6.3704,False,False,0.4599
yelp,grad-p,16,75,False,0.0,0.4,0.0,0.4,5.9914,False,False,0.4601
yelp,grad-p,16,54,False,0.0,0.4,0.0,0.4,5.998,False,False,0.46
yelp,grad-p,16,6,False,0.3264,0.084,0.316,0.4,11.0379,False,False,0.4567
yelp,grad-p,16,58,False,0.0039,0.342,0.058,0.4,10.798,False,False,0.4567
yelp,grad-p,16,17,False,0.5365,0.038,0.438,0.4,6.0141,False,False,0.4599
yelp,grad-p,16,7,False,0.1149,0.242,0.158,0.4,16.3433,False,False,0.4537
yelp,grad-p,16,97,True,0.3126,0.364,0.764,0.4,1437.1375,False,False,0.5017
yelp,grad-p,16,92,True,0.0,0.6,1.0,0.4,3009.4138,False,False,1.5599
yelp,grad-p,16,98,True,0.1556,0.292,0.108,0.4,4701.6281,False,True,2.6986
yelp,grad-p,16,82,True,0.1096,0.52,0.92,0.4,4527.5968,False,True,2.5815
yelp,grad-p,17,27,False,0.6184,0.098,0.392,0.49,6.5926,False,False,0.4881
yelp,grad-p,17,36,False,0.1163,0.434,0.056,0.49,4.1952,False,False,0.4899
yelp,grad-p,17,43,False,0.6713,0.044,0.446,0.49,6.0974,False,False,0.4882
yelp,grad-p,17,38,False,0.7638,0.014,0.476,0.49,6.078,False,False,0.4887
yelp,grad-p,17,52,False,0.0,0.49,0.0,0.49,5.0706,False,False,0.49
yelp,grad-p,17,18,False,0.82,0.01,0.5,0.49,8.7879,False,False,0.4866
yelp,grad-p,17,46,False,0.0,0.49,0.0,0.49,6.3266,False,False,0.4885
yelp,grad-p,17,16,False,0.6022,0.102,0.388,0.49,11.5758,False,False,0.4851
yelp,grad-p,17,24,False,0.3186,0.336,0.154,0.49,10.064,False,False,0.4861
yelp,grad-p,17,58,False,0.0083,0.486,0.004,0.49,11.876,False,False,0.4851
yelp,grad-p,17,73,False,0.1039,0.44,0.05,0.49,10.309,False,False,0.4859
yelp,grad-p,17,65,False,0.6755,0.026,0.464,0.49,6.6396,False,False,0.4888
yelp,grad-p,17,1,False,0.7997,0.028,0.462,0.49,5.3319,False,False,0.4911
yelp,grad-p,17,19,False,0.7674,0.052,0.438,0.49,8.1269,False,False,0.4872
yelp,grad-p,17,30,False,0.4752,0.22,0.27,0.49,4.7228,False,False,0.4889
yelp,grad-p,17,15,True,-0.018,0.236,0.254,0.49,3047.2935,False,False,1.3377
yelp,grad-p,17,89,True,-0.075,0.432,0.058,0.49,5920.3289,False,True,3.0639
yelp,grad-p,17,84,True,-0.0487,0.47,0.96,0.49,3236.0255,False,False,1.4511
yelp,grad-p,17,94,True,-0.1009,0.01,0.48,0.49,3259.4628,False,False,1.4653
yelp,grad-p,18,13,False,0.6099,0.092,0.424,0.516,5.722,False,False,0.4998
yelp,grad-p,18,48,False,0.5178,0.204,0.312,0.516,5.3382,False,False,0.4997
yelp,grad-p,18,64,False,0.0,0.516,0.0,0.516,9.8666,False,False,0.4967
yelp,grad-p,18,12,False,0.7724,0.042,0.474,0.516,5.7843,False,False,0.5006
yelp,grad-p,18,52,False,0.0,0.516,0.0,0.516,4.7033,False,False,0.5013
yelp,grad-p,18,3,False,0.0,0.516,0.0,0.516,12.2136,False,False,0.4954
yelp,grad-p,18,74,False,0.5128,0.17,0.346,0.516,7.0365,False,False,0.4983
yelp,grad-p,18,23,False,0.0,0.484,1.0,0.516,7.8033,False,False,0.5032
yelp,grad-p,18,28,False,0.1357,0.444,0.072,0.516,7.0297,False,False,0.4983
yelp,grad-p,18,71,False,0.7637,0.002,0.518,0.516,7.4728,False,False,0.4994
yelp,grad-p,18,69,False,0.5255,0.196,0.32,0.516,8.4019,False,False,0.4973
yelp,grad-p,18,0,False,0.0,0.516,0.0,0.516,5.8473,False,False,0.4998
yelp,grad-p,18,46,False,0.0,0.516,0.0,0.516,5.9966,False,False,0.4995
yelp,grad-p,18,67,False,0.2363,0.35,0.166,0.516,9.1952,False,False,0.497
yelp,grad-p,18,56,False,0.6295,0.078,0.438,0.516,6.9626,False,False,0.4995
yelp,grad-p,18,4,False,0.0,0.516,0.0,0.516,22.0426,False,False,0.4884
yelp,grad-p,18,85,True,-0.2992,0.314,0.202,0.516,3223.8082,True,False,1.8558
yelp,grad-p,18,80,True,-0.0674,0.268,0.784,0.516,3370.1274,False,False,1.9629
yelp,grad-p,18,99,True,-0.0037,0.478,0.994,0.516,3822.6466,False,True,2.2944
yelp,grad-p,18,92,True,-0.1298,0.212,0.304,0.516,3231.1617,False,False,1.8612
yelp,grad-p,19,14,False,0.0,0.546,0.0,0.546,5.9259,False,False,0.4863
yelp,grad-p,19,77,False,0.7043,0.096,0.642,0.546,8.0993,False,False,0.4877
yelp,grad-p,19,31,False,0.0,0.546,0.0,0.546,6.0831,False,False,0.4862
yelp,grad-p,19,1,False,0.6957,0.04,0.506,0.546,6.7425,False,False,0.4865
yelp,grad-p,19,33,False,0.3725,0.258,0.288,0.546,5.6479,False,False,0.4863
yelp,grad-p,19,50,False,0.0,0.546,0.0,0.546,5.8743,False,False,0.4863
yelp,grad-p,19,62,False,0.4135,0.282,0.264,0.546,5.5645,False,False,0.4864
yelp,grad-p,19,35,False,0.152,0.456,0.09,0.546,11.6559,False,False,0.4835
yelp,grad-p,19,76,False,0.5954,0.092,0.454,0.546,7.3338,False,False,0.4856
yelp,grad-p,19,24,False,0.0167,0.536,0.01,0.546,10.5017,False,False,0.4839
yelp,grad-p,19,58,False,0.0067,0.542,0.004,0.546,12.3124,False,False,0.4832
yelp,grad-p,19,6,False,0.4015,0.314,0.232,0.546,11.401,False,False,0.4838
yelp,grad-p,19,37,False,0.0,0.546,0.0,0.546,11.9417,False,False,0.4834
yelp,grad-p,19,39,False,0.7069,0.026,0.52,0.546,5.8849,False,False,0.4871
yelp,grad-p,19,25,False,0.3819,0.274,0.272,0.546,4.8893,False,False,0.4865
yelp,grad-p,19,29,False,0.0,0.546,0.0,0.546,5.8083,False,False,0.4863
yelp,grad-p,19,86,True,-0.0401,0.526,0.02,0.546,5038.7451,False,True,2.0827
yelp,grad-p,19,98,True,0.064,0.464,0.082,0.546,4615.5343,False,False,1.8667
yelp,grad-p,19,96,True,0.0987,0.038,0.508,0.546,3240.3632,False,False,1.1644
yelp,grad-p,19,84,True,-0.0437,0.506,0.04,0.546,6159.5378,False,True,2.6551
yelp,grad-p,20,78,False,0.4833,0.178,0.27,0.448,8.9676,False,False,0.4319
yelp,grad-p,20,31,False,0.0,0.448,0.0,0.448,5.4491,False,False,0.4333
yelp,grad-p,20,59,False,0.0,0.448,0.0,0.448,5.4844,False,False,0.4333
yelp,grad-p,20,74,False,0.618,0.124,0.324,0.448,7.6884,False,False,0.4325
yelp,grad-p,20,28,False,0.0539,0.426,0.022,0.448,8.0024,False,False,0.4323
yelp,grad-p,20,49,False,0.7739,0.008,0.456,0.448,7.7082,False,False,0.4329
yelp,grad-p,20,6,False,0.4921,0.212,0.236,0.448,11.788,False,False,0.4308
yelp,grad-p,20,70,False,0.0,0.448,0.0,0.448,5.7081,False,False,0.4333
yelp,grad-p,20,44,False,0.0,0.448,0.0,0.448,13.9875,False,False,0.4297
yelp,grad-p,20,43,False,0.7044,0.006,0.442,0.448,6.8615,False,False,0.433
yelp,grad-p,20,60,False,0.5157,0.248,0.696,0.448,6.3328,False,False,0.4355
yelp,grad-p,20,22,False,0.0,0.448,0.0,0.448,4.3646,False,False,0.4345
yelp,grad-p,20,26,False,0.2049,0.42,0.868,0.448,6.7395,False,False,0.4357
yelp,grad-p,20,36,False,0.2924,0.326,0.122,0.448,4.0874,False,False,0.4343
yelp,grad-p,20,25,False,0.5213,0.176,0.272,0.448,5.3998,False,False,0.4335
yelp,grad-p,20,63,False,0.3857,0.248,0.2,0.448,9.8188,False,False,0.4316
yelp,grad-p,20,88,True,0.0545,0.492,0.94,0.448,3179.3217,False,False,1.0993
yelp,grad-p,20,91,True,-0.0124,0.506,0.954,0.448,8496.7167,False,True,3.6686
yelp,grad-p,20,83,True,-0.106,0.096,0.352,0.448,3144.4204,False,False,1.0824
yelp,grad-p,20,94,True,0.0,0.448,0.0,0.448,3135.0017,False,False,1.0778
yelp,grad-p,21,23,False,0.0,0.718,1.0,0.282,7.5262,False,False,0.5097
yelp,grad-p,21,29,False,0.0,0.282,0.0,0.282,5.8414,False,False,0.5063
yelp,grad-p,21,50,False,0.0,0.282,0.0,0.282,5.9271,False,False,0.5062
yelp,grad-p,21,51,False,0.0,0.282,0.0,0.282,5.6899,False,False,0.5064
yelp,grad-p,21,43,False,0.3813,0.124,0.406,0.282,7.0245,False,False,0.5054
yelp,grad-p,21,33,False,0.0863,0.01,0.292,0.282,6.1848,False,False,0.5063
yelp,grad-p,21,36,False,-0.1702,0.184,0.098,0.282,3.9975,True,False,0.5078
yelp,grad-p,21,47,False,0.4856,0.186,0.468,0.282,7.2239,False,False,0.5055
yelp,grad-p,21,57,False,0.1805,0.118,0.4,0.282,6.6298,False,False,0.5059
yelp,grad-p,21,65,False,0.0,0.282,0.0,0.282,5.9242,False,False,0.5062
yelp,grad-p,21,31,False,0.2359,0.434,0.716,0.282,6.4349,False,False,0.5094
yelp,grad-p,21,60,False,-0.0692,0.208,0.074,0.282,8.2104,True,False,0.5047
yelp,grad-p,21,28,False,0.0501,0.272,0.01,0.282,9.3297,False,False,0.504
yelp,grad-p,21,64,False,0.3921,0.188,0.47,0.282,8.1401,False,False,0.5054
yelp,grad-p,21,42,False,0.2295,0.0,0.282,0.282,7.4803,False,False,0.5054
yelp,grad-p,21,27,True,0.024,0.688,0.97,0.282,2870.5151,False,False,1.5491
yelp,grad-p,21,90,True,-0.013,0.706,0.988,0.282,4380.9097,False,True,2.6334
yelp,grad-p,21,98,True,0.0159,0.698,0.98,0.282,3092.7479,False,False,1.7087
yelp,grad-p,21,88,True,0.0,0.718,1.0,0.282,3085.0421,False,False,1.7031
yelp,grad-p,22,17,False,0.3643,0.01,0.38,0.37,6.2999,False,False,0.4915
yelp,grad-p,22,47,False,0.5782,0.122,0.492,0.37,7.206,False,False,0.4908
yelp,grad-p,22,24,False,0.3048,0.244,0.126,0.37,10.5234,False,False,0.4882
yelp,grad-p,22,62,False,0.3323,0.088,0.282,0.37,5.9945,False,False,0.4914
yelp,grad-p,22,46,False,0.0,0.37,0.0,0.37,5.7884,False,False,0.4914
yelp,grad-p,22,52,False,0.0,0.37,0.0,0.37,4.3939,False,False,0.4933
yelp,grad-p,22,33,False,0.3028,0.072,0.298,0.37,5.8847,False,False,0.4915
yelp,grad-p,22,58,False,0.0,0.37,0.0,0.37,12.6861,False,False,0.4868
yelp,grad-p,22,3,False,0.0,0.37,0.0,0.37,13.4483,False,False,0.4864
yelp,grad-p,22,5,False,0.4954,0.082,0.452,0.37,6.5548,False,False,0.4917
yelp,grad-p,22,70,False,0.0,0.37,0.0,0.37,5.6494,False,False,0.4915
yelp,grad-p,22,2,False,0.0,0.63,1.0,0.37,8.7676,False,False,0.4937
yelp,grad-p,22,22,False,0.0,0.37,0.0,0.37,4.2837,False,False,0.4934
yelp,grad-p,22,19,False,0.5381,0.072,0.442,0.37,4.8863,False,False,0.4944
yelp,grad-p,22,23,False,0.0,0.63,1.0,0.37,7.1165,False,False,0.495
yelp,grad-p,22,28,False,0.0,0.37,0.0,0.37,7.0553,False,False,0.4904
yelp,grad-p,22,87,True,0.0,0.37,0.0,0.37,2689.3725,False,False,1.5146
yelp,grad-p,22,85,True,0.2669,0.274,0.644,0.37,3106.527,False,False,1.8266
yelp,grad-p,22,99,True,0.1017,0.536,0.906,0.37,4195.1905,False,True,2.641
yelp,grad-p,22,94,True,-0.2145,0.254,0.116,0.37,3176.9394,True,False,1.8793
yelp,grad-p,23,69,False,0.5622,0.19,0.2,0.39,9.8542,False,False,0.457
yelp,grad-p,23,64,False,0.3897,0.256,0.134,0.39,10.4145,False,False,0.4569
yelp,grad-p,23,78,False,0.5167,0.056,0.334,0.39,9.246,False,False,0.4572
yelp,grad-p,23,79,False,0.6749,0.158,0.548,0.39,6.5602,False,False,0.4613
yelp,grad-p,23,70,False,0.0,0.39,0.0,0.39,6.0475,False,False,0.4598
yelp,grad-p,23,57,False,0.5873,0.048,0.342,0.39,6.949,False,False,0.4593
yelp,grad-p,23,14,False,0.0,0.39,0.0,0.39,6.2136,False,False,0.4597
yelp,grad-p,23,47,False,0.6968,0.086,0.476,0.39,7.317,False,False,0.4589
yelp,grad-p,23,50,False,0.0,0.39,0.0,0.39,6.0645,False,False,0.4598
yelp,grad-p,23,73,False,0.301,0.212,0.178,0.39,11.7272,False,False,0.4557
yelp,grad-p,23,43,False,0.7058,0.0,0.39,0.39,6.9696,False,False,0.459
yelp,grad-p,23,67,False,0.6024,0.082,0.308,0.39,9.314,False,False,0.4573
yelp,grad-p,23,49,False,0.7026,0.13,0.52,0.39,7.9376,False,False,0.4588
yelp,grad-p,23,59,False,0.0,0.39,0.0,0.39,6.1322,False,False,0.4598
yelp,grad-p,23,39,False,0.6308,0.004,0.394,0.39,6.0177,False,False,0.4606
yelp,grad-p,23,17,False,0.7315,0.038,0.428,0.39,6.6075,False,False,0.4595
yelp,grad-p,23,98,True,0.402,0.3,0.69,0.39,4766.5332,False,True,2.8383
yelp,grad-p,23,99,True,0.2427,0.058,0.448,0.39,4062.179,False,True,2.3502
yelp,grad-p,23,97,True,0.3762,0.344,0.734,0.39,1347.2706,False,False,0.4688
yelp,grad-p,23,94,True,0.0592,0.514,0.904,0.39,3099.5463,False,False,1.6831
yelp,grad-p,24,45,False,0.2489,0.396,0.858,0.462,6.3257,False,False,0.4588
yelp,grad-p,24,66,False,0.3089,0.258,0.204,0.462,5.6281,False,False,0.457
yelp,grad-p,24,15,False,0.4356,0.2,0.262,0.462,4.502,False,False,0.4571
yelp,grad-p,24,78,False,0.56,0.142,0.32,0.462,10.4346,False,False,0.4548
yelp,grad-p,24,41,False,0.5981,0.124,0.338,0.462,5.7286,False,False,0.4567
yelp,grad-p,24,69,False,0.4529,0.192,0.27,0.462,8.4099,False,False,0.4555
yelp,grad-p,24,33,False,0.4269,0.204,0.258,0.462,5.6333,False,False,0.4567
yelp,grad-p,24,49,False,0.7153,0.022,0.484,0.462,6.9097,False,False,0.4564
yelp,grad-p,24,26,False,0.1744,0.408,0.87,0.462,6.1557,False,False,0.459
yelp,grad-p,24,71,False,0.7566,0.054,0.516,0.462,7.1011,False,False,0.4567
yelp,grad-p,24,3,False,0.0,0.462,0.0,0.462,11.202,False,False,0.4548
yelp,grad-p,24,79,False,0.7115,0.118,0.58,0.462,6.066,False,False,0.4577
yelp,grad-p,24,72,False,0.5935,0.196,0.266,0.462,9.5837,False,False,0.4551
yelp,grad-p,24,8,False,0.0,0.462,0.0,0.462,6.7058,False,False,0.4567
yelp,grad-p,24,36,False,0.2202,0.298,0.164,0.462,4.4115,False,False,0.4577
yelp,grad-p,24,70,False,0.0,0.462,0.0,0.462,6.6655,False,False,0.4567
yelp,grad-p,24,93,True,-0.0834,0.42,0.042,0.462,3188.922,False,False,0.9791
yelp,grad-p,24,80,True,-0.2522,0.016,0.478,0.462,3365.7724,False,False,1.0589
yelp,grad-p,24,84,True,0.0,0.462,0.0,0.462,5548.7842,False,True,2.0441
yelp,grad-p,24,95,True,-0.0478,0.438,0.024,0.462,8166.3649,False,True,3.2255
yelp,grad-p,25,0,False,0.0,0.562,0.0,0.562,4.9261,False,False,0.4995
yelp,grad-p,25,20,False,0.5332,0.176,0.386,0.562,5.5477,False,False,0.4993
yelp,grad-p,25,21,False,0.0,0.562,0.0,0.562,4.8103,False,False,0.4994
yelp,grad-p,25,65,False,0.0,0.562,0.0,0.562,20.6729,False,False,0.4891
yelp,grad-p,25,4,False,0.3552,0.232,0.33,0.562,12.5423,False,False,0.4948
yelp,grad-p,25,10,False,0.0,0.562,0.0,0.562,4.9699,False,False,0.4994
yelp,grad-p,25,11,False,0.0,0.562,0.0,0.562,5.2989,False,False,0.4991
yelp,grad-p,25,29,False,0.5153,0.156,0.406,0.562,6.5127,False,False,0.4991
yelp,grad-p,25,38,False,0.5964,0.146,0.416,0.562,6.2907,False,False,0.4996
yelp,grad-p,25,56,False,0.626,0.084,0.478,0.562,6.1823,False,False,0.499
yelp,grad-p,25,17,False,0.0,0.438,1.0,0.562,9.5931,False,False,0.5013
yelp,grad-p,25,2,False,0.2382,0.37,0.192,0.562,4.7536,False,False,0.4996
yelp,grad-p,25,15,False,0.6816,0.07,0.632,0.562,7.3771,False,False,0.5013
yelp,grad-p,25,77,False,0.0,0.562,0.0,0.562,11.555,False,False,0.4954
yelp,grad-p,25,44,False,0.0,0.562,0.0,0.562,4.7695,False,False,0.4996
yelp,grad-p,25,40,True,0.0,0.438,1.0,0.562,4697.5555,False,True,2.8365
yelp,grad-p,25,86,True,0.1712,0.37,0.932,0.562,3107.8708,False,False,1.7059
yelp,grad-p,25,83,True,-0.2296,0.022,0.584,0.562,2901.8716,True,False,1.5594
yelp,grad-p,25,89,True,-0.0254,0.198,0.364,0.562,2640.6165,False,False,1.3736
yelp,grad-p,26,40,False,0.0,0.55,0.0,0.55,5.6841,False,False,0.4818
yelp,grad-p,26,25,False,0.3667,0.292,0.258,0.55,5.3482,False,False,0.4815
yelp,grad-p,26,76,False,0.546,0.16,0.39,0.55,7.4419,False,False,0.4794
yelp,grad-p,26,6,False,0.3438,0.292,0.258,0.55,12.2689,False,False,0.475
yelp,grad-p,26,77,False,0.6111,0.116,0.666,0.55,7.1813,False,False,0.4841
yelp,grad-p,26,42,False,0.5647,0.058,0.492,0.55,7.7304,False,False,0.48
yelp,grad-p,26,67,False,0.2766,0.386,0.164,0.55,9.9491,False,False,0.4774
yelp,grad-p,26,5,False,0.6097,0.072,0.478,0.55,6.6794,False,False,0.4817
yelp,grad-p,26,22,False,0.0,0.55,0.0,0.55,4.9469,False,False,0.4834
yelp,grad-p,26,34,False,0.0,0.55,0.0,0.55,23.7543,False,False,0.4647
yelp,grad-p,26,33,False,0.3397,0.26,0.29,0.55,5.9,False,False,0.4811
yelp,grad-p,26,3,False,0.0,0.55,0.0,0.55,9.979,False,False,0.4775
yelp,grad-p,26,78,False,0.4088,0.192,0.358,0.55,9.103,False,False,0.4777
yelp,grad-p,26,50,False,0.0,0.55,0.0,0.55,6.1006,False,False,0.4811
yelp,grad-p,26,18,False,0.471,0.154,0.396,0.55,9.4293,False,False,0.4776
yelp,grad-p,26,17,False,0.5112,0.124,0.426,0.55,5.9284,False,False,0.481
yelp,grad-p,26,90,True,-0.5232,0.276,0.274,0.55,2843.8445,True,True,2.2325
yelp,grad-p,26,87,True,0.0,0.55,0.0,0.55,2725.2925,False,True,2.1192
yelp,grad-p,26,97,True,0.1352,0.07,0.62,0.55,1378.6107,False,False,0.8307
yelp,grad-p,26,85,True,0.2251,0.33,0.88,0.55,3105.0538,False,True,2.4825
yelp,grad-p,27,78,False,0.2658,0.148,0.29,0.438,10.3794,False,False,0.4523
yelp,grad-p,27,10,False,0.3894,0.008,0.43,0.438,12.3596,False,False,0.4511
yelp,grad-p,27,28,False,0.0,0.438,0.0,0.438,7.3349,False,False,0.4542
yelp,grad-p,27,25,False,0.2804,0.16,0.278,0.438,5.2443,False,False,0.4556
yelp,grad-p,27,66,False,0.2971,0.23,0.208,0.438,5.7327,False,False,0.4559
yelp,grad-p,27,58,False,0.0282,0.352,0.086,0.438,10.7646,False,False,0.4521
yelp,grad-p,27,70,False,0.0,0.438,0.0,0.438,5.6009,False,False,0.4556
yelp,grad-p,27,15,False,0.3227,0.16,0.278,0.438,4.4624,False,False,0.4563
yelp,grad-p,27,1,False,0.5221,0.08,0.518,0.438,7.473,False,False,0.4555
yelp,grad-p,27,50,False,0.0,0.438,0.0,0.438,5.6273,False,False,0.4556
yelp,grad-p,27,63,False,0.0513,0.264,0.174,0.438,9.554,False,False,0.4531
yelp,grad-p,27,45,False,0.1757,0.452,0.89,0.438,7.5318,False,False,0.4587
yelp,grad-p,27,31,False,0.0,0.438,0.0,0.438,5.6071,False,False,0.4556
yelp,grad-p,27,33,False,0.2742,0.148,0.29,0.438,5.3506,False,False,0.4557
yelp,grad-p,27,4,False,0.0,0.438,0.0,0.438,21.0461,False,False,0.4454
yelp,grad-p,27,46,False,0.0,0.438,0.0,0.438,5.661,False,False,0.4557
yelp,grad-p,27,94,True,-0.0437,0.416,0.022,0.438,3172.9704,False,False,1.8183
yelp,grad-p,27,82,True,0.0239,0.392,0.83,0.438,5046.2227,False,True,3.1638
yelp,grad-p,27,96,True,0.0788,0.512,0.95,0.438,3096.1223,False,False,1.7631
yelp,grad-p,27,97,True,0.0247,0.528,0.966,0.438,1370.5722,False,False,0.5235
yelp,grad-p,28,9,False,0.0,0.312,0.0,0.312,5.0985,False,False,0.4306
yelp,grad-p,28,67,False,0.4591,0.06,0.252,0.312,10.0859,False,False,0.4288
yelp,grad-p,28,76,False,0.4997,0.166,0.478,0.312,8.3528,False,False,0.4298
yelp,grad-p,28,70,False,0.0,0.312,0.0,0.312,4.9658,False,False,0.4307
yelp,grad-p,28,2,False,0.0,0.688,1.0,0.312,9.6555,False,False,0.4319
yelp,grad-p,28,3,False,0.0,0.312,0.0,0.312,12.594,False,False,0.4281
yelp,grad-p,28,22,False,0.0,0.312,0.0,0.312,4.1581,False,False,0.4316
yelp,grad-p,28,75,False,0.0,0.312,0.0,0.312,5.0518,False,False,0.4307
yelp,grad-p,28,49,False,0.56,0.188,0.5,0.312,8.5829,False,False,0.4301
yelp,grad-p,28,40,False,0.0,0.312,0.0,0.312,4.6561,False,False,0.4309
yelp,grad-p,28,7,False,0.2531,0.216,0.096,0.312,16.479,False,False,0.4265
yelp,grad-p,28,33,False,0.2235,0.032,0.28,0.312,6.5031,False,False,0.4306
yelp,grad-p,28,18,False,0.6159,0.146,0.458,0.312,10.7504,False,False,0.4287
yelp,grad-p,28,37,False,0.0,0.312,0.0,0.312,13.7356,False,False,0.4276
yelp,grad-p,28,51,False,0.0,0.312,0.0,0.312,4.7794,False,False,0.4308
yelp,grad-p,28,64,False,0.0,0.312,0.0,0.312,9.821,False,False,0.4291
yelp,grad-p,28,87,True,0.1375,0.548,0.86,0.312,2631.6148,False,False,0.6484
yelp,grad-p,28,80,True,-0.0158,0.304,0.008,0.312,3310.7324,False,False,0.9276
yelp,grad-p,28,95,True,-0.1508,0.222,0.09,0.312,9753.4608,True,True,3.5767
yelp,grad-p,28,82,True,0.1855,0.504,0.816,0.312,5246.7317,False,False,1.7236
yelp,grad-p,29,65,False,0.1212,0.494,0.574,0.08,6.9963,False,False,0.5106
yelp,grad-p,29,79,False,0.0611,0.124,0.204,0.08,5.757,False,False,0.5096
yelp,grad-p,29,66,False,0.1648,0.412,0.492,0.08,8.1606,False,False,0.508
yelp,grad-p,29,49,False,0.0,0.08,0.0,0.08,6.5503,False,False,0.5095
yelp,grad-p,29,54,False,0.0,0.08,0.0,0.08,20.9211,False,False,0.499
yelp,grad-p,29,4,False,0.1867,0.138,0.218,0.08,13.9992,False,False,0.5036
yelp,grad-p,29,58,False,0.0873,0.25,0.33,0.08,8.4845,False,False,0.507
yelp,grad-p,29,78,False,0.1133,0.292,0.372,0.08,6.3099,False,False,0.509
yelp,grad-p,29,41,False,0.1387,0.256,0.336,0.08,10.0029,False,False,0.5062
yelp,grad-p,29,69,False,0.2485,0.3,0.38,0.08,9.0813,False,False,0.5069
yelp,grad-p,29,67,False,0.3703,0.024,0.056,0.08,4.6986,False,False,0.5108
yelp,grad-p,29,36,False,-0.0181,0.07,0.01,0.08,7.8816,False,False,0.5078
yelp,grad-p,29,28,False,0.0,0.08,0.0,0.08,13.1709,False,False,0.5043
yelp,grad-p,29,73,False,0.218,0.114,0.194,0.08,5.7315,False,False,0.5111
yelp,grad-p,29,61,False,0.0,0.08,0.0,0.08,6.6083,False,False,0.5095
yelp,grad-p,29,59,True,-0.0039,0.078,0.002,0.08,2792.0443,False,False,1.4831
yelp,grad-p,29,89,True,0.0575,0.666,0.746,0.08,3430.9342,False,False,1.9403
yelp,grad-p,29,80,True,0.068,0.632,0.712,0.08,4268.5439,False,True,2.5395
yelp,grad-p,29,99,True,0.0187,0.822,0.902,0.08,3025.4862,False,False,1.6501
yelp,spf,0,30,False,0.3151,0.164,0.43,0.266,7.2383,False,False,0.4674
yelp,spf,0,0,False,0.0,0.266,0.0,0.266,5.4118,False,False,0.1607
yelp,spf,0,22,False,0.0,0.266,0.0,0.266,4.4643,False,False,1.0416
yelp,spf,0,31,False,0.0,0.266,0.0,0.266,5.7463,False,False,0.086
yelp,spf,0,18,False,0.3255,0.192,0.458,0.266,8.1909,False,False,0.7638
yelp,spf,0,28,False,0.0,0.266,0.0,0.266,5.3322,False,False,0.0443
yelp,spf,0,10,False,0.3883,0.024,0.242,0.266,8.856,False,False,0.831
yelp,spf,0,70,False,0.0,0.266,0.0,0.266,5.7557,False,False,0.0926
yelp,spf,0,4,False,0.0,0.266,0.0,0.266,12.7312,False,True,2.0251
yelp,spf,0,12,False,0.3281,0.196,0.462,0.266,7.4013,False,False,0.4855
yelp,spf,0,49,False,0.2867,0.22,0.486,0.266,7.6626,False,False,0.1601
yelp,spf,0,33,False,0.4154,0.094,0.36,0.266,5.3627,False,False,0.3839
yelp,spf,0,67,False,0.0,0.266,0.0,0.266,6.8582,False,False,0.2412
yelp,spf,0,35,False,0.3696,0.048,0.218,0.266,7.5842,False,False,0.6211
yelp,spf,0,68,False,0.2752,0.168,0.434,0.266,6.2847,False,False,1.1456
yelp,spf,0,45,False,0.0579,0.658,0.924,0.266,9.0137,False,False,1.9063
yelp,spf,0,81,True,0.0,0.734,1.0,0.266,9.6888,False,True,2.0041
yelp,spf,0,84,True,0.3337,0.07,0.336,0.266,12.947,False,False,1.8606
yelp,spf,0,85,True,0.0,0.266,0.0,0.266,6.1314,False,False,0.0233
yelp,spf,0,83,True,0.0,0.266,0.0,0.266,5.9107,False,False,0.0001
yelp,spf,1,23,False,0.0,0.834,1.0,0.166,9.3924,False,False,1.9172
yelp,spf,1,39,False,0.2116,0.326,0.492,0.166,6.0951,False,False,0.5878
yelp,spf,1,69,False,0.426,0.154,0.32,0.166,7.254,False,False,0.5224
yelp,spf,1,74,False,0.3073,0.156,0.322,0.166,7.2469,False,False,0.407
yelp,spf,1,0,False,0.0,0.166,0.0,0.166,6.0556,False,False,0.1445
yelp,spf,1,1,False,0.2832,0.258,0.424,0.166,6.6293,False,False,0.1608
yelp,spf,1,38,False,0.1618,0.282,0.448,0.166,6.2399,False,False,0.1987
yelp,spf,1,45,False,0.0322,0.758,0.924,0.166,8.8375,False,False,1.7979
yelp,spf,1,72,False,0.0748,0.168,0.334,0.166,7.6261,False,False,0.5524
yelp,spf,1,63,False,0.6907,0.008,0.158,0.166,6.2807,False,False,0.1304
yelp,spf,1,8,False,0.0,0.166,0.0,0.166,6.3588,False,False,0.0825
yelp,spf,1,13,False,0.3541,0.202,0.368,0.166,5.4341,False,False,0.2684
yelp,spf,1,15,False,0.6486,0.014,0.152,0.166,4.0747,False,False,0.5265
yelp,spf,1,41,False,0.262,0.19,0.356,0.166,5.3905,False,False,0.1152
yelp,spf,1,54,False,0.0,0.166,0.0,0.166,6.2284,False,False,0.0703
yelp,spf,1,5,False,0.2457,0.292,0.458,0.166,6.7346,False,False,0.4058
yelp,spf,1,94,True,0.262,0.19,0.356,0.166,7.4795,False,False,0.0009
yelp,spf,1,82,True,0.0,0.166,0.0,0.166,11.0394,False,False,1.1028
yelp,spf,1,95,True,0.0,0.166,0.0,0.166,17.129,False,True,3.1843
yelp,spf,1,96,True,0.0,0.166,0.0,0.166,6.6009,False,False,0.07
yelp,spf,2,49,False,0.2771,0.332,0.474,0.142,7.5411,False,False,0.0919
yelp,spf,2,43,False,0.2757,0.242,0.384,0.142,5.7588,False,False,0.011
yelp,spf,2,38,False,0.1909,0.326,0.468,0.142,5.6266,False,False,0.2139
yelp,spf,2,46,False,0.0,0.142,0.0,0.142,6.9608,False,False,0.0937
yelp,spf,2,79,False,0.2357,0.376,0.518,0.142,8.2219,False,False,0.8855
yelp,spf,2,24,False,0.0,0.142,0.0,0.142,7.4932,False,False,0.2308
yelp,spf,2,19,False,0.1427,0.282,0.424,0.142,5.5697,False,False,1.71
yelp,spf,2,62,False,0.0,0.142,0.0,0.142,4.8252,False,False,0.2543
yelp,spf,2,56,False,0.2512,0.264,0.406,0.142,7.1417,False,False,0.4148
yelp,spf,2,73,False,0.0,0.142,0.0,0.142,7.1135,False,False,0.2895
yelp,spf,2,32,False,0.0,0.142,0.0,0.142,9.3614,False,False,0.6262
yelp,spf,2,77,False,0.1196,0.548,0.69,0.142,8.8826,False,False,1.2623
yelp,spf,2,39,False,0.2653,0.344,0.486,0.142,5.8132,False,False,0.5731
yelp,spf,2,7,False,0.0,0.142,0.0,0.142,12.7285,False,False,1.5969
yelp,spf,2,63,False,0.5696,0.088,0.23,0.142,6.8192,False,False,0.0594
yelp,spf,2,42,False,0.2465,0.364,0.506,0.142,8.2172,False,False,0.1284
yelp,spf,2,91,True,0.0,0.142,0.0,0.142,18.7625,False,True,3.2575
yelp,spf,2,80,True,0.0,0.142,0.0,0.142,8.7484,False,False,0.0353
yelp,spf,2,87,True,0.2672,0.342,0.484,0.142,8.189,False,False,0.5945
yelp,spf,2,88,True,0.0,0.142,0.0,0.142,7.0927,False,False,0.0679
yelp,spf,3,55,False,0.2097,0.392,0.508,0.116,5.7717,False,False,0.2488
yelp,spf,3,25,False,0.5605,0.124,0.24,0.116,4.4478,False,False,0.2867
yelp,spf,3,10,False,0.2886,0.304,0.42,0.116,8.4113,False,False,0.8576
yelp,spf,3,19,False,0.1991,0.302,0.418,0.116,5.5151,False,False,1.4233
yelp,spf,3,45,False,0.0269,0.79,0.906,0.116,8.3382,False,False,1.4893
yelp,spf,3,1,False,0.2021,0.402,0.518,0.116,6.3367,False,False,0.0244
yelp,spf,3,73,False,0.0,0.116,0.0,0.116,7.8993,False,False,0.6249
yelp,spf,3,21,False,0.0,0.116,0.0,0.116,6.5908,False,False,0.0938
yelp,spf,3,54,False,0.0,0.116,0.0,0.116,6.7599,False,False,0.229
yelp,spf,3,2,False,0.0,0.884,1.0,0.116,11.2319,False,False,0.8476
yelp,spf,3,20,False,0.3503,0.25,0.366,0.116,5.363,False,False,0.0195
yelp,spf,3,33,False,0.4592,0.176,0.292,0.116,5.2449,False,False,0.2436
yelp,spf,3,29,False,0.0,0.116,0.0,0.116,6.722,False,False,0.1717
yelp,spf,3,62,False,0.0,0.116,0.0,0.116,4.9928,False,False,0.0009
yelp,spf,3,7,False,0.0,0.116,0.0,0.116,11.214,False,False,1.4073
yelp,spf,3,77,False,0.1234,0.538,0.654,0.116,8.5844,False,False,0.994
yelp,spf,3,80,True,0.0,0.116,0.0,0.116,6.3853,False,False,0.1992
yelp,spf,3,81,True,0.0,0.884,1.0,0.116,9.0167,False,False,1.5804
yelp,spf,3,88,True,0.0,0.116,0.0,0.116,6.6626,False,False,0.1437
yelp,spf,3,95,True,0.0,0.116,0.0,0.116,16.4755,False,True,2.8443
yelp,spf,4,47,False,0.1836,0.42,0.518,0.098,7.2416,False,False,0.2052
yelp,spf,4,78,False,0.2993,0.128,0.226,0.098,6.9874,False,False,0.1136
yelp,spf,4,36,False,0.0,0.098,0.0,0.098,3.7082,False,False,1.1236
yelp,spf,4,51,False,0.0,0.098,0.0,0.098,5.7461,False,False,0.2918
yelp,spf,4,44,False,0.0,0.098,0.0,0.098,8.2201,False,False,0.178
yelp,spf,4,13,False,0.2647,0.318,0.416,0.098,6.4503,False,False,0.5984
yelp,spf,4,10,False,0.2361,0.35,0.448,0.098,8.8281,False,False,0.4974
yelp,spf,4,75,False,0.0,0.098,0.0,0.098,5.9942,False,False,0.1692
yelp,spf,4,11,False,0.0,0.098,0.0,0.098,5.5875,False,False,0.3481
yelp,spf,4,24,False,0.0,0.098,0.0,0.098,7.8364,False,False,0.2523
yelp,spf,4,72,False,0.2507,0.132,0.23,0.098,7.9579,False,False,0.3154
yelp,spf,4,34,False,0.0,0.098,0.0,0.098,17.32,False,True,3.1412
yelp,spf,4,33,False,0.6059,0.102,0.2,0.098,4.6845,False,False,0.5232
yelp,spf,4,45,False,0.0228,0.806,0.904,0.098,8.9181,False,True,2.1036
yelp,spf,4,21,False,0.0,0.098,0.0,0.098,5.5576,False,False,0.3431
yelp,spf,4,66,False,0.3509,0.24,0.338,0.098,5.635,False,False,0.6002
yelp,spf,4,80,True,0.0,0.098,0.0,0.098,9.3545,False,False,0.1923
yelp,spf,4,82,True,0.0,0.098,0.0,0.098,9.9605,False,False,0.6064
yelp,spf,4,90,True,0.0,0.098,0.0,0.098,5.5021,False,False,0.4139
yelp,spf,4,84,True,0.2864,0.296,0.394,0.098,11.9654,False,False,1.4237
yelp,spf,5,70,False,0.0,0.098,0.0,0.098,5.5808,False,False,0.0824
yelp,spf,5,25,False,0.0,0.098,0.0,0.098,4.3392,False,False,0.8183
yelp,spf,5,14,False,0.0,0.098,0.0,0.098,5.2019,False,False,0.0896
yelp,spf,5,40,False,0.0,0.098,0.0,0.098,4.8177,False,False,0.515
yelp,spf,5,73,False,0.0,0.098,0.0,0.098,9.7234,False,False,1.2079
yelp,spf,5,64,False,0.0,0.098,0.0,0.098,8.6627,False,False,0.9629
yelp,spf,5,42,False,0.2137,0.378,0.476,0.098,8.8168,False,False,0.2333
yelp,spf,5,38,False,0.2572,0.326,0.424,0.098,6.438,False,False,0.4225
yelp,spf,5,77,False,0.1042,0.566,0.664,0.098,9.8939,False,True,2.2853
yelp,spf,5,18,False,0.3011,0.282,0.38,0.098,8.7183,False,False,0.794
yelp,spf,5,29,False,0.0,0.098,0.0,0.098,5.2171,False,False,0.0991
yelp,spf,5,36,False,0.0,0.098,0.0,0.098,3.5651,False,False,1.7577
yelp,spf,5,75,False,0.0,0.098,0.0,0.098,5.1024,False,False,0.0728
yelp,spf,5,69,False,0.3483,0.242,0.34,0.098,7.6649,False,False,0.4395
yelp,spf,5,5,False,0.2704,0.312,0.41,0.098,7.3097,False,False,0.755
yelp,spf,5,74,False,0.4471,0.176,0.274,0.098,6.9724,False,False,0.4515
yelp,spf,5,84,True,0.5903,0.108,0.206,0.098,12.3794,False,True,2.5196
yelp,spf,5,92,True,0.0,0.098,0.0,0.098,8.678,False,False,0.3607
yelp,spf,5,83,True,0.0,0.098,0.0,0.098,5.339,False,False,0.123
yelp,spf,5,85,True,0.0,0.098,0.0,0.098,5.3846,False,False,0.1134
yelp,spf,6,9,False,0.0,0.072,0.0,0.072,5.6855,False,False,0.0431
yelp,spf,6,40,False,0.0,0.072,0.0,0.072,5.1156,False,False,0.258
yelp,spf,6,60,False,0.0531,0.668,0.74,0.072,7.668,False,False,1.5396
yelp,spf,6,59,False,0.0,0.072,0.0,0.072,5.7396,False,False,0.0152
yelp,spf,6,38,False,0.1865,0.358,0.43,0.072,6.5793,False,False,0.2179
yelp,spf,6,8,False,0.0,0.072,0.0,0.072,5.7872,False,False,0.0019
yelp,spf,6,77,False,0.0638,0.63,0.702,0.072,9.0792,False,False,1.0895
yelp,spf,6,4,False,0.0,0.072,0.0,0.072,19.4181,False,True,3.1308
yelp,spf,6,52,False,0.0,0.072,0.0,0.072,4.3218,False,False,0.8551
yelp,spf,6,56,False,0.1771,0.372,0.444,0.072,7.6468,False,False,0.3579
yelp,spf,6,5,False,0.1337,0.448,0.52,0.072,7.6828,False,False,0.2883
yelp,spf,6,20,False,0.2853,0.246,0.318,0.072,5.2853,False,False,0.1909
yelp,spf,6,69,False,0.2993,0.234,0.306,0.072,7.6187,False,False,0.3281
yelp,spf,6,35,False,0.0,0.072,0.0,0.072,8.7762,False,False,0.6235
yelp,spf,6,10,False,0.172,0.38,0.452,0.072,8.6135,False,False,0.568
yelp,spf,6,23,False,0.0,0.928,1.0,0.072,9.1411,False,False,1.6375
yelp,spf,6,85,True,0.0,0.072,0.0,0.072,5.6945,False,False,0.0247
yelp,spf,6,86,True,0.1694,0.384,0.456,0.072,13.2964,False,False,1.3044
yelp,spf,6,88,True,0.0,0.072,0.0,0.072,5.7133,False,False,0.0245
yelp,spf,6,98,True,0.1682,0.386,0.458,0.072,10.905,False,False,0.5851
yelp,spf,7,21,False,0.0,0.05,0.0,0.05,4.1509,False,False,0.2546
yelp,spf,7,29,False,0.0,0.05,0.0,0.05,4.3869,False,False,0.4344
yelp,spf,7,0,False,0.0,0.05,0.0,0.05,3.9172,False,False,0.155
yelp,spf,7,23,False,0.0,0.95,1.0,0.05,9.718,False,True,2.3836
yelp,spf,7,11,False,0.0,0.05,0.0,0.05,4.0529,False,False,0.2481
yelp,spf,7,62,False,0.2363,0.232,0.282,0.05,6.0368,False,False,0.0675
yelp,spf,7,19,False,0.0546,0.334,0.384,0.05,5.9537,False,True,2.0485
yelp,spf,7,52,False,0.0,0.05,0.0,0.05,3.2937,False,False,1.041
yelp,spf,7,41,False,0.2045,0.266,0.316,0.05,6.7694,False,False,0.0414
yelp,spf,7,63,False,0.428,0.112,0.162,0.05,8.1258,False,False,0.9419
yelp,spf,7,1,False,0.0899,0.478,0.528,0.05,8.1322,False,False,0.1322
yelp,spf,7,72,False,0.1674,0.156,0.206,0.05,8.8795,False,False,1.2881
yelp,spf,7,56,False,0.1218,0.398,0.448,0.05,8.1994,False,False,0.0522
yelp,spf,7,22,False,0.0,0.05,0.0,0.05,3.2166,False,False,1.07
yelp,spf,7,38,False,0.1104,0.424,0.474,0.05,7.2862,False,False,0.2043
yelp,spf,7,46,False,0.0,0.05,0.0,0.05,4.4168,False,False,0.4561
yelp,spf,7,83,True,0.0,0.05,0.0,0.05,4.5909,False,False,0.4641
yelp,spf,7,92,True,0.0,0.05,0.0,0.05,4.4516,False,False,0.2263
yelp,spf,7,88,True,0.0,0.05,0.0,0.05,4.3977,False,False,0.3079
yelp,spf,7,84,True,0.1569,0.332,0.382,0.05,11.7643,False,True,2.0906
yelp,spf,8,79,False,0.0076,0.606,0.612,0.006,8.4859,False,False,0.7637
yelp,spf,8,17,False,0.0177,0.398,0.404,0.006,6.3553,False,False,0.2282
yelp,spf,8,66,False,0.0165,0.414,0.42,0.006,5.5592,False,False,0.436
yelp,spf,8,45,False,0.0013,0.9,0.906,0.006,8.2746,False,False,1.3491
yelp,spf,8,16,False,0.0209,0.358,0.364,0.006,11.0212,False,False,0.7865
yelp,spf,8,44,False,0.0,0.006,0.0,0.006,10.8745,False,False,0.5335
yelp,spf,8,64,False,0.0,0.006,0.0,0.006,7.1544,False,False,0.0535
yelp,spf,8,8,False,0.0,0.006,0.0,0.006,6.4663,False,False,0.1757
yelp,spf,8,36,False,0.0,0.006,0.0,0.006,3.9713,False,False,0.7887
yelp,spf,8,18,False,0.0175,0.4,0.406,0.006,9.1553,False,False,0.3022
yelp,spf,8,58,False,0.0,0.006,0.0,0.006,9.5066,False,False,0.4445
yelp,spf,8,55,False,0.0131,0.472,0.478,0.006,7.9417,False,False,0.0116
yelp,spf,8,46,False,0.0,0.006,0.0,0.006,6.5104,False,False,0.1489
yelp,spf,8,23,False,0.0,0.994,1.0,0.006,8.7197,False,False,1.4295
yelp,spf,8,34,False,0.0,0.006,0.0,0.006,18.3207,False,True,2.1676
yelp,spf,8,72,False,0.023,0.336,0.342,0.006,8.5884,False,False,0.2921
yelp,spf,8,96,True,0.0,0.006,0.0,0.006,6.6892,False,False,0.1326
yelp,spf,8,81,True,0.0,0.994,1.0,0.006,8.8271,False,False,1.4223
yelp,spf,8,93,True,0.0,0.006,0.0,0.006,6.6628,False,False,0.1544
yelp,spf,8,95,True,0.0,0.006,0.0,0.006,19.9767,False,True,2.5676
yelp,spf,9,72,False,0.028,0.292,0.298,0.006,8.7336,False,False,0.5867
yelp,spf,9,77,False,0.0058,0.668,0.674,0.006,9.2554,False,False,0.9703
yelp,spf,9,15,False,0.0,0.006,0.0,0.006,4.0299,False,False,0.3829
yelp,spf,9,0,False,0.0,0.006,0.0,0.006,4.8428,False,False,0.1046
yelp,spf,9,12,False,0.0122,0.49,0.496,0.006,7.8385,False,False,0.2972
yelp,spf,9,64,False,0.0,0.006,0.0,0.006,8.5411,False,False,0.4972
yelp,spf,9,29,False,0.0,0.006,0.0,0.006,5.4031,False,False,0.073
yelp,spf,9,26,False,0.0002,0.974,0.98,0.006,8.6754,False,False,1.6096
yelp,spf,9,31,False,0.0,0.006,0.0,0.006,5.5585,False,False,0.1146
yelp,spf,9,63,False,0.11,0.088,0.094,0.006,8.2968,False,False,0.4415
yelp,spf,9,79,False,0.0103,0.532,0.538,0.006,9.2989,False,False,0.6223
yelp,spf,9,4,False,0.0,0.006,0.0,0.006,18.5287,False,True,3.071
yelp,spf,9,61,False,0.0455,0.2,0.206,0.006,5.2344,False,False,1.012
yelp,spf,9,51,False,0.0,0.006,0.0,0.006,4.8768,False,False,0.0562
yelp,spf,9,44,False,0.0,0.006,0.0,0.006,11.9805,False,False,1.1809
yelp,spf,9,75,False,0.0,0.006,0.0,0.006,5.1814,False,False,0.0622
yelp,spf,9,83,True,0.0,0.006,0.0,0.006,5.3852,False,False,0.0669
yelp,spf,9,99,True,0.0195,0.374,0.38,0.006,10.4091,False,False,0.607
yelp,spf,9,97,True,0.0008,0.934,0.94,0.006,8.1252,False,False,1.6732
yelp,spf,9,93,True,0.0,0.006,0.0,0.006,5.2217,False,False,0.0272
yelp,spf,10,8,False,1.0,0.0,0.0,0.0,6.2334,False,False,0.157
yelp,spf,10,2,False,0.0,1.0,1.0,0.0,10.9898,False,False,1.0802
yelp,spf,10,4,False,1.0,0.0,0.0,0.0,15.8871,False,True,2.2136
yelp,spf,10,64,False,1.0,0.0,0.0,0.0,8.7793,False,False,0.3739
yelp,spf,10,27,False,0.0,0.4,0.4,0.0,7.0777,False,False,0.0616
yelp,spf,10,47,False,0.0,0.508,0.508,0.0,7.297,False,False,0.1599
yelp,spf,10,73,False,0.0,0.092,0.092,0.0,8.9104,False,False,0.5118
yelp,spf,10,56,False,0.0,0.39,0.39,0.0,7.4589,False,False,0.4742
yelp,spf,10,68,False,0.0,0.548,0.548,0.0,6.4954,False,False,1.0561
yelp,spf,10,38,False,0.0,0.514,0.514,0.0,6.9579,False,False,0.3254
yelp,spf,10,49,False,0.0,0.48,0.48,0.0,7.8506,False,False,0.0066
yelp,spf,10,3,False,1.0,0.0,0.0,0.0,9.8742,False,False,0.4188
yelp,spf,10,19,False,0.0,0.404,0.404,0.0,5.6875,False,False,1.5699
yelp,spf,10,52,False,1.0,0.0,0.0,0.0,4.6061,False,False,1.0123
yelp,spf,10,41,False,1.0,0.0,0.0,0.0,5.526,False,False,0.3569
yelp,spf,10,50,False,1.0,0.0,0.0,0.0,6.2515,False,False,0.1674
yelp,spf,10,95,True,0.0,0.182,0.182,0.0,18.0466,False,True,2.7602
yelp,spf,10,90,True,1.0,0.0,0.0,0.0,5.8749,False,False,0.3742
yelp,spf,10,82,True,1.0,0.0,0.0,0.0,10.3277,False,False,0.6587
yelp,spf,10,88,True,1.0,0.0,0.0,0.0,6.4075,False,False,0.1352
yelp,spf,11,20,False,0.0,0.344,0.344,0.0,5.5541,False,False,0.7813
yelp,spf,11,49,False,0.0,0.522,0.522,0.0,7.7246,False,False,0.5586
yelp,spf,11,30,False,0.0,0.448,0.448,0.0,8.3651,False,False,0.2901
yelp,spf,11,17,False,0.0,0.42,0.42,0.0,6.7617,False,False,0.7381
yelp,spf,11,73,False,0.0,0.116,0.116,0.0,7.8141,False,False,0.0424
yelp,spf,11,43,False,0.0,0.438,0.438,0.0,6.4464,False,False,0.3728
yelp,spf,11,0,False,1.0,0.0,0.0,0.0,6.4543,False,False,0.7836
yelp,spf,11,7,False,1.0,0.0,0.0,0.0,11.7338,False,False,1.2294
yelp,spf,11,53,False,0.0,0.352,0.352,0.0,5.8534,False,False,0.9391
yelp,spf,11,10,False,0.0,0.368,0.368,0.0,8.3053,False,False,0.3164
yelp,spf,11,54,False,1.0,0.0,0.0,0.0,6.8771,False,False,0.5508
yelp,spf,11,46,False,1.0,0.0,0.0,0.0,6.972,False,False,0.5553
yelp,spf,11,41,False,0.0,0.318,0.318,0.0,5.6814,False,False,0.6596
yelp,spf,11,4,False,1.0,0.0,0.0,0.0,16.6002,False,True,2.8904
yelp,spf,11,76,False,0.0,0.426,0.426,0.0,7.6628,False,False,0.075
yelp,spf,11,65,True,1.0,0.0,0.0,0.0,6.9536,False,False,0.5346
yelp,spf,11,96,True,0.0,0.258,0.258,0.0,13.7379,False,False,1.9471
yelp,spf,11,84,True,1.0,0.0,0.0,0.0,7.8836,False,False,0.676
yelp,spf,11,92,True,0.0,0.406,0.406,0.0,10.8236,False,False,0.5092
yelp,spf,12,45,False,0.0,0.898,0.898,0.0,9.0543,True,False,1.9698
yelp,spf,12,72,False,0.0,0.066,0.066,0.0,8.9274,True,False,0.5222
yelp,spf,12,47,False,0.0,0.284,0.284,0.0,8.3616,True,False,0.021
yelp,spf,12,53,False,0.0,0.308,0.308,0.0,6.4502,True,False,0.5239
yelp,spf,12,40,False,1.0,0.0,0.0,0.0,5.0479,False,False,0.4613
yelp,spf,12,29,False,1.0,0.0,0.0,0.0,5.2452,False,False,0.2301
yelp,spf,12,70,False,1.0,0.0,0.0,0.0,5.2059,False,False,0.2082
yelp,spf,12,37,False,1.0,0.0,0.0,0.0,9.8769,False,False,0.7606
yelp,spf,12,10,False,0.0,0.34,0.34,0.0,9.3262,True,False,0.5464
yelp,spf,12,28,False,1.0,0.0,0.0,0.0,6.556,False,False,0.192
yelp,spf,12,0,False,1.0,0.0,0.0,0.0,4.8781,False,False,0.4193
yelp,spf,12,66,False,0.0,0.298,0.298,0.0,5.2031,True,False,0.5487
yelp,spf,12,22,False,1.0,0.0,0.0,0.0,4.1953,False,False,1.22
yelp,spf,12,63,False,0.0,0.148,0.148,0.0,7.6683,True,False,0.121
yelp,spf,12,46,False,1.0,0.0,0.0,0.0,5.3939,False,False,0.1773
yelp,spf,12,75,False,1.0,0.0,0.0,0.0,5.2721,False,False,0.1769
yelp,spf,12,93,True,1.0,0.0,0.0,0.0,5.3872,False,False,0.2678
yelp,spf,12,91,True,1.0,0.0,0.0,0.0,18.7793,False,True,3.2741
yelp,spf,12,94,True,0.0,0.31,0.31,0.0,8.9665,True,False,0.0783
yelp,spf,12,86,True,0.0,0.518,0.518,0.0,12.4889,True,False,1.2285
yelp,spf,13,6,False,0.0,0.294,0.294,0.0,9.1783,False,False,0.9935
yelp,spf,13,17,False,0.0,0.396,0.396,0.0,6.8237,False,False,0.1777
yelp,spf,13,69,False,0.0,0.306,0.306,0.0,8.4667,False,False,0.6574
yelp,spf,13,66,False,0.0,0.48,0.48,0.0,5.7156,False,False,0.6071
yelp,spf,13,15,False,1.0,0.0,0.0,0.0,3.9482,False,False,0.6968
yelp,spf,13,9,False,1.0,0.0,0.0,0.0,6.4985,False,False,0.0883
yelp,spf,13,60,False,0.0,0.718,0.718,0.0,7.4884,False,True,2.1428
yelp,spf,13,36,False,1.0,0.0,0.0,0.0,4.0762,False,False,1.1995
yelp,spf,13,4,False,1.0,0.0,0.0,0.0,15.7731,False,True,2.903
yelp,spf,13,5,False,0.0,0.488,0.488,0.0,7.4075,False,False,0.5191
yelp,spf,13,59,False,1.0,0.0,0.0,0.0,6.4322,False,False,0.1203
yelp,spf,13,47,False,0.0,0.502,0.502,0.0,7.3414,False,False,0.1246
yelp,spf,13,20,False,0.0,0.37,0.37,0.0,5.4674,False,False,0.325
yelp,spf,13,25,False,0.0,0.2,0.2,0.0,4.5107,False,False,0.6596
yelp,spf,13,64,False,1.0,0.0,0.0,0.0,7.0262,False,False,0.1389
yelp,spf,13,11,False,1.0,0.0,0.0,0.0,6.2728,False,False,0.266
yelp,spf,13,98,True,0.0,0.454,0.454,0.0,11.281,False,False,1.2098
yelp,spf,13,82,True,0.0,0.092,0.092,0.0,10.111,False,False,0.8966
yelp,spf,13,88,True,1.0,0.0,0.0,0.0,6.3941,False,False,0.1719
yelp,spf,13,92,True,1.0,0.0,0.0,0.0,8.5949,False,False,0.0501
yelp,spf,14,4,False,1.0,0.0,0.0,0.0,17.7824,False,True,2.265
yelp,spf,14,61,False,0.0,0.238,0.238,0.0,5.177,False,False,0.7542
yelp,spf,14,71,False,0.0,0.488,0.488,0.0,7.5884,False,False,0.1714
yelp,spf,14,48,False,0.0,0.302,0.302,0.0,5.5752,False,False,0.1804
yelp,spf,14,56,False,0.0,0.452,0.452,0.0,6.8512,False,False,0.2458
yelp,spf,14,59,False,1.0,0.0,0.0,0.0,6.5513,False,False,0.0169
yelp,spf,14,39,False,0.0,0.484,0.484,0.0,5.8042,False,False,0.4376
yelp,spf,14,7,False,0.0,0.026,0.026,0.0,13.411,False,False,1.3719
yelp,spf,14,75,False,1.0,0.0,0.0,0.0,6.5359,False,False,0.0072
yelp,spf,14,26,False,0.0,0.968,0.968,0.0,7.4922,False,False,1.2568
yelp,spf,14,40,False,1.0,0.0,0.0,0.0,6.0706,False,False,0.1543
yelp,spf,14,23,False,0.0,1.0,1.0,0.0,7.9177,False,False,1.2384
yelp,spf,14,6,False,0.0,0.328,0.328,0.0,8.9388,False,False,0.5416
yelp,spf,14,50,False,1.0,0.0,0.0,0.0,6.6808,False,False,0.0291
yelp,spf,14,35,False,0.0,0.056,0.056,0.0,10.3265,False,False,0.7605
yelp,spf,14,65,True,0.0,0.878,0.878,0.0,7.0616,False,False,1.2826
yelp,spf,14,97,True,0.0,1.0,1.0,0.0,8.0726,False,False,1.2253
yelp,spf,14,81,True,1.0,0.0,0.0,0.0,16.6601,False,False,1.987
yelp,spf,14,91,True,1.0,0.0,0.0,0.0,6.4787,False,False,0.018
yelp,spf,15,73,False,0.0,0.192,0.192,0.0,8.0298,False,False,0.0869
yelp,spf,15,62,False,0.0,0.198,0.198,0.0,5.7133,False,False,0.3927
yelp,spf,15,17,False,0.0,0.374,0.374,0.0,6.0244,False,False,0.3638
yelp,spf,15,51,False,1.0,0.0,0.0,0.0,6.5963,False,False,0.3575
yelp,spf,15,68,False,0.0,0.528,0.528,0.0,6.0692,False,False,0.9742
yelp,spf,15,47,False,0.0,0.494,0.494,0.0,6.9353,False,False,0.19
yelp,spf,15,41,False,0.0,0.36,0.36,0.0,6.0789,False,False,0.376
yelp,spf,15,8,False,1.0,0.0,0.0,0.0,6.8663,False,False,0.2764
yelp,spf,15,53,False,0.0,0.35,0.35,0.0,5.1694,False,False,0.4787
yelp,spf,15,57,False,0.0,0.34,0.34,0.0,5.727,False,False,0.2632
yelp,spf,15,3,False,1.0,0.0,0.0,0.0,11.8528,False,False,0.5762
yelp,spf,15,71,False,0.0,0.532,0.532,0.0,7.8007,False,False,0.3666
yelp,spf,15,7,False,1.0,0.0,0.0,0.0,15.6712,False,False,1.4132
yelp,spf,15,43,False,0.0,0.394,0.394,0.0,7.1552,False,False,0.2366
yelp,spf,15,34,False,1.0,0.0,0.0,0.0,22.9718,False,True,2.9512
yelp,spf,15,36,False,1.0,0.0,0.0,0.0,4.3094,False,False,0.8827
yelp,spf,15,80,True,1.0,0.0,0.0,0.0,8.4888,False,False,0.1252
yelp,spf,15,97,True,0.0,0.816,0.816,0.0,7.624,False,False,1.452
yelp,spf,15,95,True,0.0,0.25,0.25,0.0,17.8042,False,False,1.9689
yelp,spf,15,83,True,1.0,0.0,0.0,0.0,6.9664,False,False,0.2608
yelp,spf,16,20,False,0.0,0.404,0.404,0.0,5.642,False,False,0.4605
yelp,spf,16,56,False,0.0,0.448,0.448,0.0,7.5797,False,False,0.4912
yelp,spf,16,36,False,1.0,0.0,0.0,0.0,4.5069,False,False,1.2707
yelp,spf,16,55,False,0.0,0.442,0.442,0.0,6.4612,False,False,0.0727
yelp,spf,16,16,False,0.0,0.318,0.318,0.0,10.5799,False,False,1.249
yelp,spf,16,28,False,1.0,0.0,0.0,0.0,5.9487,False,False,0.2195
yelp,spf,16,31,False,1.0,0.0,0.0,0.0,6.8087,False,False,0.23
yelp,spf,16,10,False,0.0,0.404,0.404,0.0,8.9308,False,False,0.7487
yelp,spf,16,15,False,0.0,0.074,0.074,0.0,4.1232,False,False,0.9774
yelp,spf,16,41,False,0.0,0.314,0.314,0.0,6.0194,False,False,0.3473
yelp,spf,16,75,False,1.0,0.0,0.0,0.0,6.7658,False,False,0.3014
yelp,spf,16,54,False,1.0,0.0,0.0,0.0,6.9277,False,False,0.2158
yelp,spf,16,6,False,0.0,0.266,0.266,0.0,10.9236,False,False,1.3326
yelp,spf,16,58,False,1.0,0.0,0.0,0.0,9.3218,False,False,0.6784
yelp,spf,16,17,False,0.0,0.416,0.416,0.0,6.4318,False,False,0.5464
yelp,spf,16,7,False,1.0,0.0,0.0,0.0,13.2834,False,False,1.7299
yelp,spf,16,97,True,0.0,0.884,0.884,0.0,8.0407,False,True,2.2464
yelp,spf,16,92,True,1.0,0.0,0.0,0.0,5.1103,False,False,0.7738
yelp,spf,16,98,True,0.0,0.46,0.46,0.0,10.2254,False,False,0.7573
yelp,spf,16,82,True,0.0,0.218,0.218,0.0,12.9389,False,False,1.6571
yelp,spf,17,27,False,0.0,0.424,0.424,0.0,6.9534,False,False,0.014
yelp,spf,17,36,False,1.0,0.0,0.0,0.0,4.4219,False,False,1.249
yelp,spf,17,43,False,0.0,0.426,0.426,0.0,6.3043,False,False,0.1061
yelp,spf,17,38,False,0.0,0.46,0.46,0.0,7.0504,False,False,0.5027
yelp,spf,17,52,False,1.0,0.0,0.0,0.0,5.1112,False,False,1.3492
yelp,spf,17,18,False,0.0,0.476,0.476,0.0,8.602,False,False,0.7367
yelp,spf,17,46,False,1.0,0.0,0.0,0.0,6.7996,False,False,0.0778
yelp,spf,17,16,False,0.0,0.246,0.246,0.0,9.3891,False,False,1.1565
yelp,spf,17,24,False,0.0,0.13,0.13,0.0,9.3209,False,False,0.9857
yelp,spf,17,58,False,1.0,0.0,0.0,0.0,8.8029,False,False,0.7092
yelp,spf,17,73,False,0.0,0.024,0.024,0.0,8.7459,False,False,0.7038
yelp,spf,17,65,False,0.0,0.516,0.516,0.0,6.9219,False,False,0.4047
yelp,spf,17,1,False,0.0,0.398,0.398,0.0,5.7081,False,True,2.1309
yelp,spf,17,19,False,0.0,0.36,0.36,0.0,8.0643,False,False,0.7399
yelp,spf,17,30,False,0.0,0.128,0.128,0.0,4.292,False,False,0.9202
yelp,spf,17,15,True,1.0,0.0,0.0,0.0,6.1798,False,False,0.5238
yelp,spf,17,89,True,0.0,0.266,0.266,0.0,12.8239,False,True,2.2528
yelp,spf,17,84,True,0.0,0.386,0.386,0.0,8.3378,False,False,0.1417
yelp,spf,17,94,True,1.0,0.0,0.0,0.0,6.6173,False,False,0.1757
yelp,spf,18,13,False,0.0,0.47,0.47,0.0,6.2275,False,False,0.4354
yelp,spf,18,48,False,0.0,0.294,0.294,0.0,5.5572,False,False,0.3625
yelp,spf,18,64,False,1.0,0.0,0.0,0.0,9.5195,False,False,0.706
yelp,spf,18,12,False,0.0,0.472,0.472,0.0,7.329,False,False,0.5854
yelp,spf,18,52,False,1.0,0.0,0.0,0.0,4.8913,False,False,1.1738
yelp,spf,18,3,False,1.0,0.0,0.0,0.0,9.3685,False,False,0.5968
yelp,spf,18,74,False,0.0,0.302,0.302,0.0,7.9288,False,False,0.4689
yelp,spf,18,23,False,0.0,1.0,1.0,0.0,8.178,False,True,2.2003
yelp,spf,18,28,False,0.0,0.14,0.14,0.0,6.1972,False,False,0.1451
yelp,spf,18,71,False,0.0,0.532,0.532,0.0,7.741,False,False,0.3112
yelp,spf,18,69,False,0.0,0.394,0.394,0.0,8.328,False,False,0.5872
yelp,spf,18,0,False,1.0,0.0,0.0,0.0,5.9433,False,False,0.3578
yelp,spf,18,46,False,1.0,0.0,0.0,0.0,6.4614,False,False,0.1027
yelp,spf,18,67,False,0.0,0.14,0.14,0.0,7.6972,False,False,0.3317
yelp,spf,18,56,False,0.0,0.372,0.372,0.0,7.6538,False,False,0.3307
yelp,spf,18,4,False,1.0,0.0,0.0,0.0,16.543,False,True,3.1852
yelp,spf,18,85,True,1.0,0.0,0.0,0.0,6.6274,False,False,0.0484
yelp,spf,18,80,True,0.0,0.19,0.19,0.0,7.2655,False,False,0.0012
yelp,spf,18,99,True,0.0,0.358,0.358,0.0,10.4522,False,False,0.8168
yelp,spf,18,92,True,0.0,0.008,0.008,0.0,5.2687,False,False,0.6381
yelp,spf,19,14,False,1.0,0.0,0.0,0.0,6.7747,False,False,0.4735
yelp,spf,19,77,False,0.0,0.688,0.688,0.0,8.8894,False,False,1.7172
yelp,spf,19,31,False,1.0,0.0,0.0,0.0,6.8227,False,False,0.4307
yelp,spf,19,1,False,0.0,0.524,0.524,0.0,7.9539,False,False,0.546
yelp,spf,19,33,False,0.0,0.298,0.298,0.0,5.5501,False,False,0.8553
yelp,spf,19,50,False,1.0,0.0,0.0,0.0,6.9088,False,False,0.4552
yelp,spf,19,62,False,0.0,0.244,0.244,0.0,5.6345,False,False,0.5993
yelp,spf,19,35,False,0.0,0.23,0.23,0.0,8.7308,False,False,0.4712
yelp,spf,19,76,False,0.0,0.458,0.458,0.0,7.998,False,False,0.0467
yelp,spf,19,24,False,0.0,0.132,0.132,0.0,8.2923,False,False,0.2154
yelp,spf,19,58,False,1.0,0.0,0.0,0.0,7.8662,False,False,0.1653
yelp,spf,19,6,False,0.0,0.16,0.16,0.0,8.6048,False,False,0.5238
yelp,spf,19,37,False,1.0,0.0,0.0,0.0,12.0954,False,False,1.6952
yelp,spf,19,39,False,0.0,0.442,0.442,0.0,6.584,False,False,1.1343
yelp,spf,19,25,False,0.0,0.266,0.266,0.0,4.8924,False,False,0.8941
yelp,spf,19,29,False,1.0,0.0,0.0,0.0,6.9497,False,False,0.3997
yelp,spf,19,86,True,0.0,0.512,0.512,0.0,13.0121,False,False,1.6634
yelp,spf,19,98,True,0.0,0.428,0.428,0.0,11.0017,False,False,0.6693
yelp,spf,19,96,True,1.0,0.0,0.0,0.0,6.966,False,False,0.3916
yelp,spf,19,84,True,0.0,0.178,0.178,0.0,14.4958,False,True,2.4465
yelp,spf,20,78,False,0.0,0.306,0.306,0.0,8.7519,False,False,0.5029
yelp,spf,20,31,False,1.0,0.0,0.0,0.0,5.9064,False,False,0.0993
yelp,spf,20,59,False,1.0,0.0,0.0,0.0,5.9042,False,False,0.0954
yelp,spf,20,74,False,0.0,0.372,0.372,0.0,7.9176,False,False,0.2535
yelp,spf,20,28,False,1.0,0.0,0.0,0.0,6.4325,False,False,0.0097
yelp,spf,20,49,False,0.0,0.51,0.51,0.0,7.8551,False,False,0.0514
yelp,spf,20,6,False,0.0,0.232,0.232,0.0,8.7427,False,False,0.5437
yelp,spf,20,70,False,1.0,0.0,0.0,0.0,5.9101,False,False,0.0968
yelp,spf,20,44,False,1.0,0.0,0.0,0.0,12.2554,False,False,1.1384
yelp,spf,20,43,False,0.0,0.4,0.4,0.0,6.9111,False,False,0.1219
yelp,spf,20,60,False,0.0,0.69,0.69,0.0,7.0329,False,False,1.5579
yelp,spf,20,22,False,1.0,0.0,0.0,0.0,4.4375,False,False,0.9352
yelp,spf,20,26,False,0.0,0.926,0.926,0.0,7.9041,False,False,1.6844
yelp,spf,20,36,False,0.0,0.07,0.07,0.0,4.2349,False,False,0.8701
yelp,spf,20,25,False,0.0,0.208,0.208,0.0,4.4488,False,False,0.4782
yelp,spf,20,63,False,0.0,0.214,0.214,0.0,7.8316,False,False,0.2219
yelp,spf,20,88,True,1.0,0.0,0.0,0.0,6.2507,False,False,0.0431
yelp,spf,20,91,True,1.0,0.0,0.0,0.0,19.3695,False,True,3.291
yelp,spf,20,83,True,1.0,0.0,0.0,0.0,6.0759,False,False,0.0849
yelp,spf,20,94,True,0.0,0.384,0.384,0.0,9.2111,False,False,0.1769
yelp,spf,21,23,False,0.0,1.0,1.0,0.0,8.7354,False,True,2.4832
yelp,spf,21,29,False,1.0,0.0,0.0,0.0,5.4051,False,False,0.2118
yelp,spf,21,50,False,1.0,0.0,0.0,0.0,5.3244,False,False,0.2494
yelp,spf,21,51,False,1.0,0.0,0.0,0.0,4.865,False,False,0.0138
yelp,spf,21,43,False,0.0,0.384,0.384,0.0,7.4166,False,False,0.5683
yelp,spf,21,33,False,0.0,0.268,0.268,0.0,5.9543,False,False,0.2067
yelp,spf,21,36,False,0.0,0.056,0.056,0.0,4.1023,False,False,1.1308
yelp,spf,21,47,False,0.0,0.492,0.492,0.0,8.0816,False,False,0.1557
yelp,spf,21,57,False,0.0,0.27,0.27,0.0,7.0673,False,False,0.2002
yelp,spf,21,65,False,1.0,0.0,0.0,0.0,5.1059,False,False,0.1534
yelp,spf,21,31,False,0.0,0.682,0.682,0.0,7.2708,False,True,2.2783
yelp,spf,21,60,False,1.0,0.0,0.0,0.0,7.645,False,False,0.4921
yelp,spf,21,28,False,0.0,0.038,0.038,0.0,9.7988,False,False,1.2023
yelp,spf,21,64,False,0.0,0.406,0.406,0.0,9.03,False,False,0.4806
yelp,spf,21,42,False,0.0,0.442,0.442,0.0,7.8445,False,False,0.284
yelp,spf,21,27,True,1.0,0.0,0.0,0.0,4.8684,False,False,0.1103
yelp,spf,21,90,True,0.0,0.406,0.406,0.0,11.965,False,False,1.9358
yelp,spf,21,98,True,1.0,0.0,0.0,0.0,5.3098,False,False,0.1833
yelp,spf,21,88,True,1.0,0.0,0.0,0.0,5.1668,False,False,0.1063
yelp,spf,22,17,False,0.0,0.408,0.408,0.0,6.3607,False,False,0.0635
yelp,spf,22,47,False,0.0,0.39,0.39,0.0,7.1449,False,False,0.5301
yelp,spf,22,24,False,0.0,0.11,0.11,0.0,7.9012,False,False,0.862
yelp,spf,22,62,False,0.0,0.196,0.196,0.0,5.5886,False,False,0.0568
yelp,spf,22,46,False,1.0,0.0,0.0,0.0,6.5135,False,False,0.2819
yelp,spf,22,52,False,1.0,0.0,0.0,0.0,4.7395,False,False,1.0642
yelp,spf,22,33,False,0.0,0.296,0.296,0.0,5.8603,False,False,0.1655
yelp,spf,22,58,False,0.0,0.094,0.094,0.0,9.5682,False,False,1.5459
yelp,spf,22,3,False,1.0,0.0,0.0,0.0,9.9061,False,False,1.3278
yelp,spf,22,5,False,0.0,0.482,0.482,0.0,6.6266,False,False,0.1827
yelp,spf,22,70,False,1.0,0.0,0.0,0.0,6.554,False,False,0.2636
yelp,spf,22,2,False,0.0,1.0,1.0,0.0,9.6765,False,False,1.0464
yelp,spf,22,22,False,1.0,0.0,0.0,0.0,4.6321,False,False,1.0931
yelp,spf,22,19,False,0.0,0.398,0.398,0.0,4.9341,False,False,1.8556
yelp,spf,22,23,False,0.0,1.0,1.0,0.0,7.4117,False,True,2.2147
yelp,spf,22,28,False,1.0,0.0,0.0,0.0,7.6392,False,False,0.667
yelp,spf,22,87,True,0.0,0.506,0.506,0.0,7.9196,False,False,0.0802
yelp,spf,22,85,True,1.0,0.0,0.0,0.0,6.4252,False,False,0.1946
yelp,spf,22,99,True,0.0,0.408,0.408,0.0,10.5198,False,False,1.3877
yelp,spf,22,94,True,0.0,0.292,0.292,0.0,8.8725,False,False,0.6485
yelp,spf,23,69,False,0.0,0.324,0.324,0.0,8.5334,False,False,0.9977
yelp,spf,23,64,False,0.0,0.042,0.042,0.0,9.5747,False,False,0.8786
yelp,spf,23,78,False,0.0,0.196,0.196,0.0,8.6057,False,False,0.7412
yelp,spf,23,79,False,0.0,0.556,0.556,0.0,8.2677,False,False,1.0733
yelp,spf,23,70,False,1.0,0.0,0.0,0.0,7.0717,False,False,0.247
yelp,spf,23,57,False,0.0,0.302,0.302,0.0,6.2533,False,False,0.1451
yelp,spf,23,14,False,1.0,0.0,0.0,0.0,7.0943,False,False,0.2656
yelp,spf,23,47,False,0.0,0.448,0.448,0.0,6.8334,False,False,0.1189
yelp,spf,23,50,False,1.0,0.0,0.0,0.0,6.976,False,False,0.3213
yelp,spf,23,73,False,0.0,0.232,0.232,0.0,8.7859,False,False,0.8045
yelp,spf,23,43,False,0.0,0.414,0.414,0.0,6.675,False,False,0.0371
yelp,spf,23,67,False,0.0,0.268,0.268,0.0,8.3735,False,False,0.7185
yelp,spf,23,49,False,0.0,0.46,0.46,0.0,7.3639,False,False,0.1336
yelp,spf,23,59,False,1.0,0.0,0.0,0.0,7.081,False,False,0.2325
yelp,spf,23,39,False,0.0,0.526,0.526,0.0,6.7092,False,False,1.1123
yelp,spf,23,17,False,0.0,0.394,0.394,0.0,6.1232,False,False,0.4975
yelp,spf,23,98,True,0.0,0.36,0.36,0.0,11.871,False,True,2.0076
yelp,spf,23,99,True,0.0,0.38,0.38,0.0,9.5645,False,False,0.5775
yelp,spf,23,97,True,0.0,0.8,0.8,0.0,7.071,False,True,3.0244
yelp,spf,23,94,True,0.0,0.378,0.378,0.0,8.737,False,False,0.1711
yelp,spf,24,45,False,0.0,0.842,0.842,0.0,7.2242,False,False,1.4013
yelp,spf,24,66,False,0.0,0.394,0.394,0.0,6.12,False,False,0.3449
yelp,spf,24,15,False,0.0,0.23,0.23,0.0,4.5622,False,False,0.5929
yelp,spf,24,78,False,0.0,0.302,0.302,0.0,9.1585,False,False,0.5358
yelp,spf,24,41,False,0.0,0.372,0.372,0.0,5.6724,False,False,0.2352
yelp,spf,24,69,False,0.0,0.28,0.28,0.0,7.6354,False,False,0.2919
yelp,spf,24,33,False,0.0,0.292,0.292,0.0,6.9421,False,False,0.2682
yelp,spf,24,49,False,0.0,0.526,0.526,0.0,7.3019,False,False,0.0461
yelp,spf,24,26,False,0.0,0.872,0.872,0.0,7.1271,False,False,1.5253
yelp,spf,24,71,False,0.0,0.502,0.502,0.0,8.3622,False,False,0.1028
yelp,spf,24,3,False,1.0,0.0,0.0,0.0,9.2429,False,False,0.2819
yelp,spf,24,79,False,0.0,0.55,0.55,0.0,7.7917,False,False,0.6745
yelp,spf,24,72,False,0.0,0.298,0.298,0.0,8.4252,False,False,0.4175
yelp,spf,24,8,False,1.0,0.0,0.0,0.0,7.0974,False,False,0.147
yelp,spf,24,36,False,1.0,0.0,0.0,0.0,4.6412,False,False,0.8355
yelp,spf,24,70,False,1.0,0.0,0.0,0.0,7.117,False,False,0.1513
yelp,spf,24,93,True,1.0,0.0,0.0,0.0,7.4202,False,False,0.0955
yelp,spf,24,80,True,1.0,0.0,0.0,0.0,8.4025,False,False,0.1688
yelp,spf,24,84,True,0.0,0.39,0.39,0.0,12.8025,False,False,1.3432
yelp,spf,24,95,True,0.0,0.004,0.004,0.0,21.2553,False,True,3.3814
yelp,spf,25,0,False,1.0,0.0,0.0,0.0,4.8053,False,False,0.4094
yelp,spf,25,20,False,0.0,0.39,0.39,0.0,6.8876,False,False,0.2399
yelp,spf,25,21,False,1.0,0.0,0.0,0.0,5.0646,False,False,0.3277
yelp,spf,25,65,False,1.0,0.0,0.0,0.0,16.3916,False,True,2.9646
yelp,spf,25,4,False,0.0,0.444,0.444,0.0,10.9283,False,False,1.1264
yelp,spf,25,10,False,1.0,0.0,0.0,0.0,4.9922,False,False,0.3189
yelp,spf,25,11,False,1.0,0.0,0.0,0.0,5.2316,False,False,0.1718
yelp,spf,25,29,False,0.0,0.426,0.426,0.0,7.0405,False,False,0.4433
yelp,spf,25,38,False,0.0,0.402,0.402,0.0,7.8616,False,False,0.2683
yelp,spf,25,56,False,0.0,0.432,0.432,0.0,6.5937,False,False,0.4032
yelp,spf,25,17,False,0.0,1.0,1.0,0.0,10.5492,False,False,1.1555
yelp,spf,25,2,False,0.0,0.15,0.15,0.0,4.4256,False,False,0.7376
yelp,spf,25,15,False,0.0,0.698,0.698,0.0,9.1229,False,False,1.1952
yelp,spf,25,77,False,1.0,0.0,0.0,0.0,12.5578,False,False,1.4512
yelp,spf,25,44,False,1.0,0.0,0.0,0.0,5.177,False,False,0.3527
yelp,spf,25,40,True,0.0,0.528,0.528,0.0,12.7674,False,False,1.4709
yelp,spf,25,86,True,1.0,0.0,0.0,0.0,5.4513,False,False,0.2194
yelp,spf,25,83,True,1.0,0.0,0.0,0.0,4.9091,False,False,0.4062
yelp,spf,25,89,True,0.0,0.492,0.492,0.0,8.8089,False,False,0.3639
yelp,spf,26,40,False,1.0,0.0,0.0,0.0,6.3126,False,False,0.3989
yelp,spf,26,25,False,0.0,0.298,0.298,0.0,5.366,False,False,0.5283
yelp,spf,26,76,False,0.0,0.42,0.42,0.0,8.3283,False,False,0.4483
yelp,spf,26,6,False,0.0,0.304,0.304,0.0,9.2641,False,False,0.631
yelp,spf,26,77,False,0.0,0.668,0.668,0.0,8.0994,False,False,1.0453
yelp,spf,26,42,False,0.0,0.5,0.5,0.0,8.2978,False,False,0.1298
yelp,spf,26,67,False,0.0,0.322,0.322,0.0,8.3928,False,False,0.2046
yelp,spf,26,5,False,0.0,0.486,0.486,0.0,7.2445,False,False,0.3651
yelp,spf,26,22,False,1.0,0.0,0.0,0.0,5.0886,False,False,1.0241
yelp,spf,26,34,False,1.0,0.0,0.0,0.0,19.7462,False,True,3.4348
yelp,spf,26,33,False,0.0,0.292,0.292,0.0,6.2354,False,False,0.3781
yelp,spf,26,3,False,1.0,0.0,0.0,0.0,11.3555,False,False,0.8569
yelp,spf,26,78,False,0.0,0.176,0.176,0.0,9.128,False,False,0.6243
yelp,spf,26,50,False,1.0,0.0,0.0,0.0,6.7954,False,False,0.1882
yelp,spf,26,18,False,0.0,0.348,0.348,0.0,8.9235,False,False,0.5057
yelp,spf,26,17,False,0.0,0.378,0.378,0.0,6.1063,False,False,0.2974
yelp,spf,26,90,True,1.0,0.0,0.0,0.0,6.5694,False,False,0.3516
yelp,spf,26,87,True,0.0,0.532,0.532,0.0,8.4368,False,False,0.3929
yelp,spf,26,97,True,0.0,0.832,0.832,0.0,7.1128,False,False,1.6965
yelp,spf,26,85,True,1.0,0.0,0.0,0.0,6.9389,False,False,0.1689
yelp,spf,27,78,False,0.0,0.292,0.292,0.0,7.9601,False,False,0.2411
yelp,spf,27,10,False,0.0,0.474,0.474,0.0,10.4764,False,False,0.755
yelp,spf,27,28,False,1.0,0.0,0.0,0.0,7.7703,False,False,0.0818
yelp,spf,27,25,False,0.0,0.282,0.282,0.0,6.3893,False,False,0.4944
yelp,spf,27,66,False,0.0,0.322,0.322,0.0,6.2277,False,False,0.42
yelp,spf,27,58,False,0.0,0.06,0.06,0.0,8.9013,False,False,0.2565
yelp,spf,27,70,False,1.0,0.0,0.0,0.0,6.8416,False,False,0.2175
yelp,spf,27,15,False,0.0,0.182,0.182,0.0,4.8418,False,False,0.6335
yelp,spf,27,1,False,0.0,0.468,0.468,0.0,7.0707,False,False,0.239
yelp,spf,27,50,False,1.0,0.0,0.0,0.0,6.8064,False,False,0.1978
yelp,spf,27,63,False,0.0,0.15,0.15,0.0,9.1275,False,False,0.386
yelp,spf,27,45,False,0.0,0.826,0.826,0.0,7.4434,False,False,1.4869
yelp,spf,27,31,False,1.0,0.0,0.0,0.0,6.6269,False,False,0.2456
yelp,spf,27,33,False,0.0,0.3,0.3,0.0,6.7378,False,False,0.1917
yelp,spf,27,4,False,1.0,0.0,0.0,0.0,21.2936,False,True,3.5325
yelp,spf,27,46,False,1.0,0.0,0.0,0.0,6.8012,False,False,0.2048
yelp,spf,27,94,True,0.0,0.386,0.386,0.0,8.9685,False,False,0.0089
yelp,spf,27,82,True,1.0,0.0,0.0,0.0,11.3275,False,False,0.8888
yelp,spf,27,96,True,1.0,0.0,0.0,0.0,6.7897,False,False,0.235
yelp,spf,27,97,True,0.0,0.868,0.868,0.0,7.2414,False,False,1.5846
yelp,spf,28,9,False,1.0,0.0,0.0,0.0,6.4759,False,False,0.4966
yelp,spf,28,67,False,0.0,0.292,0.292,0.0,7.5711,True,False,0.2798
yelp,spf,28,76,False,0.0,0.382,0.382,0.0,9.1655,True,False,0.0118
yelp,spf,28,70,False,1.0,0.0,0.0,0.0,6.5668,False,False,0.4812
yelp,spf,28,2,False,0.0,1.0,1.0,0.0,9.9905,True,False,1.1601
yelp,spf,28,3,False,1.0,0.0,0.0,0.0,10.6758,False,False,0.2659
yelp,spf,28,22,False,1.0,0.0,0.0,0.0,5.0531,False,False,1.1848
yelp,spf,28,75,False,1.0,0.0,0.0,0.0,6.4632,False,False,0.502
yelp,spf,28,49,False,0.0,0.462,0.462,0.0,8.6651,True,False,0.2378
yelp,spf,28,40,False,1.0,0.0,0.0,0.0,6.1292,False,False,0.6689
yelp,spf,28,7,False,1.0,0.0,0.0,0.0,16.4454,False,False,1.9278
yelp,spf,28,33,False,0.0,0.298,0.298,0.0,6.8341,True,False,0.6525
yelp,spf,28,18,False,0.0,0.382,0.382,0.0,9.8612,True,False,0.2107
yelp,spf,28,37,False,1.0,0.0,0.0,0.0,10.5625,False,False,0.4368
yelp,spf,28,51,False,1.0,0.0,0.0,0.0,6.3528,False,False,0.5642
yelp,spf,28,64,False,0.0,0.038,0.038,0.0,10.4137,True,False,0.2528
yelp,spf,28,87,True,0.0,0.522,0.522,0.0,9.1041,True,False,0.5388
yelp,spf,28,80,True,1.0,0.0,0.0,0.0,8.1816,False,False,0.1289
yelp,spf,28,95,True,0.0,0.464,0.464,0.0,22.5384,True,True,3.2402
yelp,spf,28,82,True,1.0,0.0,0.0,0.0,11.5847,False,False,0.5497
yelp,spf,29,65,False,0.0,0.508,0.508,0.0,8.2961,False,False,0.9516
yelp,spf,29,79,False,0.0,0.35,0.35,0.0,5.798,False,False,0.6676
yelp,spf,29,66,False,0.0,0.476,0.476,0.0,8.0927,False,False,0.0793
yelp,spf,29,49,False,1.0,0.0,0.0,0.0,6.7769,False,False,0.3162
yelp,spf,29,54,False,1.0,0.0,0.0,0.0,16.2248,False,True,2.9936
yelp,spf,29,4,False,1.0,0.0,0.0,0.0,11.4902,False,False,1.2562
yelp,spf,29,58,False,0.0,0.196,0.196,0.0,8.5822,False,False,0.3686
yelp,spf,29,78,False,0.0,0.378,0.378,0.0,6.5144,False,False,0.4453
yelp,spf,29,41,False,0.0,0.33,0.33,0.0,9.139,False,False,0.6954
yelp,spf,29,69,False,0.0,0.328,0.328,0.0,9.3814,False,False,0.6482
yelp,spf,29,67,False,0.0,0.134,0.134,0.0,4.8402,False,False,1.3138
yelp,spf,29,36,False,1.0,0.0,0.0,0.0,6.809,False,False,0.2431
yelp,spf,29,28,False,1.0,0.0,0.0,0.0,8.771,False,False,0.5499
yelp,spf,29,73,False,0.0,0.174,0.174,0.0,5.7829,False,False,1.4283
yelp,spf,29,61,False,1.0,0.0,0.0,0.0,6.6498,False,False,0.3412
yelp,spf,29,59,True,1.0,0.0,0.0,0.0,6.1997,False,False,0.662
yelp,spf,29,89,True,0.0,0.286,0.286,0.0,7.5871,False,False,0.3166
yelp,spf,29,80,True,0.0,0.488,0.488,0.0,10.88,False,False,0.8159
yelp,spf,29,99,True,1.0,0.0,0.0,0.0,6.1372,False,False,0.5628
yelp,lfp,0,30,False,-0.2045,0.358,0.462,0.104,8.2185,True,False,0.5936
yelp,lfp,0,0,False,0.0,0.104,0.0,0.104,6.6437,False,False,0.0806
yelp,lfp,0,22,False,0.0,0.104,0.0,0.104,5.1734,False,False,0.9981
yelp,lfp,0,31,False,0.0,0.104,0.0,0.104,7.1662,False,False,0.2044
yelp,lfp,0,18,False,-0.2062,0.376,0.48,0.104,7.9394,True,False,0.5728
yelp,lfp,0,28,False,0.0,0.104,0.0,0.104,6.29,False,False,0.0216
yelp,lfp,0,10,False,-0.2031,0.344,0.448,0.104,7.4533,True,False,0.4371
yelp,lfp,0,70,False,0.0,0.104,0.0,0.104,7.1799,False,False,0.2031
yelp,lfp,0,4,False,0.0,0.104,0.0,0.104,13.5673,False,True,2.2186
yelp,lfp,0,12,False,-0.1833,0.454,0.558,0.104,6.8949,True,False,0.7879
yelp,lfp,0,49,False,-0.1998,0.394,0.498,0.104,7.5732,True,False,0.0663
yelp,lfp,0,33,False,-0.1913,0.248,0.352,0.104,6.7337,True,False,0.0561
yelp,lfp,0,67,False,0.0,0.104,0.0,0.104,7.647,False,False,0.4635
yelp,lfp,0,35,False,-0.1707,0.14,0.244,0.104,10.5876,True,False,1.3953
yelp,lfp,0,68,False,-0.1972,0.292,0.396,0.104,5.9162,True,False,1.2093
yelp,lfp,0,45,False,-0.0275,0.878,0.982,0.104,7.8607,False,True,2.0019
yelp,lfp,0,81,True,0.0592,0.688,0.792,0.104,7.5408,False,True,2.077
yelp,lfp,0,84,True,0.0,0.104,0.0,0.104,10.4576,False,False,0.4603
yelp,lfp,0,85,True,0.0,0.104,0.0,0.104,10.9375,False,False,0.5766
yelp,lfp,0,83,True,0.0,0.104,0.0,0.104,9.4222,False,False,0.0411
yelp,lfp,1,23,False,0.0,0.95,1.0,0.05,8.1182,False,True,2.1748
yelp,lfp,1,39,False,-0.0999,0.444,0.494,0.05,5.5781,False,False,0.4722
yelp,lfp,1,69,False,-0.0955,0.29,0.34,0.05,8.3409,False,False,0.9871
yelp,lfp,1,74,False,-0.0938,0.25,0.3,0.05,6.9634,False,False,0.3995
yelp,lfp,1,0,False,0.0,0.05,0.0,0.05,7.0276,False,False,0.0576
yelp,lfp,1,1,False,-0.0999,0.446,0.496,0.05,6.0216,False,False,0.3844
yelp,lfp,1,38,False,-0.0993,0.418,0.468,0.05,5.7731,False,False,0.0164
yelp,lfp,1,45,False,-0.005,0.916,0.966,0.05,7.557,False,True,2.0892
yelp,lfp,1,72,False,-0.0952,0.282,0.332,0.05,8.3151,False,False,0.8352
yelp,lfp,1,63,False,-0.0899,0.186,0.236,0.05,8.0317,False,False,0.7443
yelp,lfp,1,8,False,0.0,0.05,0.0,0.05,7.6324,False,False,0.387
yelp,lfp,1,13,False,-0.0997,0.436,0.486,0.05,6.0458,False,False,0.228
yelp,lfp,1,15,False,-0.089,0.174,0.224,0.05,4.3742,False,False,0.3955
yelp,lfp,1,41,False,-0.0963,0.31,0.36,0.05,5.2618,False,False,0.0471
yelp,lfp,1,54,False,0.0,0.05,0.0,0.05,7.7581,False,False,0.4239
yelp,lfp,1,5,False,-0.0976,0.35,0.4,0.05,6.0738,False,False,0.4906
yelp,lfp,1,94,True,-0.0104,0.662,0.712,0.05,8.8029,False,False,0.3398
yelp,lfp,1,82,True,-0.039,0.02,0.03,0.05,9.9006,False,False,0.3366
yelp,lfp,1,95,True,0.0,0.05,0.0,0.05,14.7221,False,True,2.6617
yelp,lfp,1,96,True,-0.0853,0.134,0.184,0.05,8.4499,False,False,0.2275
yelp,lfp,2,49,False,-0.0481,0.496,0.52,0.024,6.9672,False,False,0.2825
yelp,lfp,2,43,False,-0.0473,0.354,0.378,0.024,6.3971,False,False,0.1395
yelp,lfp,2,38,False,-0.0478,0.442,0.466,0.024,6.2409,False,False,0.2769
yelp,lfp,2,46,False,0.0,0.024,0.0,0.024,8.5944,False,False,0.1831
yelp,lfp,2,79,False,-0.048,0.48,0.504,0.024,7.3018,False,False,1.1442
yelp,lfp,2,24,False,-0.0415,0.094,0.118,0.024,8.8235,False,False,0.6905
yelp,lfp,2,19,False,-0.0479,0.456,0.48,0.024,5.2363,False,True,2.0264
yelp,lfp,2,62,False,-0.0467,0.288,0.312,0.024,6.1025,False,False,0.1534
yelp,lfp,2,56,False,-0.0479,0.46,0.484,0.024,6.507,False,False,0.4064
yelp,lfp,2,73,False,0.0,0.024,0.0,0.024,8.8294,False,False,0.7138
yelp,lfp,2,32,False,0.0,0.024,0.0,0.024,8.944,False,False,0.7269
yelp,lfp,2,77,False,-0.0485,0.628,0.652,0.024,7.6994,False,False,1.4876
yelp,lfp,2,39,False,-0.048,0.486,0.51,0.024,5.1901,False,False,0.8369
yelp,lfp,2,7,False,0.0,0.024,0.0,0.024,12.1821,False,False,1.9837
yelp,lfp,2,63,False,-0.0473,0.358,0.382,0.024,8.9671,False,False,0.7365
yelp,lfp,2,42,False,-0.0481,0.496,0.52,0.024,7.4225,False,False,0.0586
yelp,lfp,2,91,True,0.0,0.024,0.0,0.024,12.2929,False,False,1.4217
yelp,lfp,2,80,True,-0.0463,0.262,0.286,0.024,8.0651,False,False,0.4108
yelp,lfp,2,87,True,-0.0466,0.28,0.304,0.024,6.1992,False,False,1.1993
yelp,lfp,2,88,True,0.0,0.024,0.0,0.024,11.9814,False,False,1.284
yelp,lfp,3,55,False,-0.0279,0.412,0.426,0.014,6.6733,False,False,0.1974
yelp,lfp,3,25,False,-0.0274,0.264,0.278,0.014,5.3543,False,False,0.1485
yelp,lfp,3,10,False,-0.0277,0.364,0.378,0.014,7.9793,False,False,0.6971
yelp,lfp,3,19,False,-0.0279,0.44,0.454,0.014,5.0536,False,False,1.5066
yelp,lfp,3,45,False,0.0016,0.932,0.946,0.014,6.9313,False,False,1.6288
yelp,lfp,3,1,False,-0.028,0.488,0.502,0.014,6.4932,False,False,0.1914
yelp,lfp,3,73,False,0.0,0.014,0.0,0.014,8.2586,False,False,0.6816
yelp,lfp,3,21,False,0.0,0.014,0.0,0.014,7.7677,False,False,0.2052
yelp,lfp,3,54,False,0.0,0.014,0.0,0.014,8.0175,False,False,0.3433
yelp,lfp,3,2,False,0.0,0.986,1.0,0.014,9.3715,False,False,1.0055
yelp,lfp,3,20,False,-0.0277,0.364,0.378,0.014,5.8608,False,False,0.0046
yelp,lfp,3,33,False,-0.0275,0.296,0.31,0.014,6.6719,False,False,0.0704
yelp,lfp,3,29,False,0.0,0.014,0.0,0.014,7.8625,False,False,0.3114
yelp,lfp,3,62,False,-0.0241,0.06,0.074,0.014,5.4316,False,False,0.0074
yelp,lfp,3,7,False,-0.0234,0.048,0.062,0.014,12.4283,False,False,1.849
yelp,lfp,3,77,False,-0.0282,0.62,0.634,0.014,7.4636,False,False,1.1179
yelp,lfp,3,80,True,-0.0278,0.39,0.404,0.014,8.526,False,False,0.1224
yelp,lfp,3,81,True,-0.0236,0.834,0.848,0.014,6.6226,False,False,1.772
yelp,lfp,3,88,True,0.0,0.014,0.0,0.014,12.8185,False,False,1.5555
yelp,lfp,3,95,True,-0.0267,0.172,0.186,0.014,13.142,False,False,1.5852
yelp,lfp,4,47,False,0.0,0.494,0.494,0.0,6.882,False,False,0.1152
yelp,lfp,4,78,False,0.0,0.194,0.194,0.0,8.477,False,False,0.5611
yelp,lfp,4,36,False,1.0,0.0,0.0,0.0,3.6088,False,False,1.2093
yelp,lfp,4,51,False,1.0,0.0,0.0,0.0,6.7305,False,False,0.2224
yelp,lfp,4,44,False,1.0,0.0,0.0,0.0,9.5869,False,False,0.6849
yelp,lfp,4,13,False,0.0,0.476,0.476,0.0,6.1101,False,False,0.3338
yelp,lfp,4,10,False,0.0,0.224,0.224,0.0,8.6244,False,False,0.5889
yelp,lfp,4,75,False,1.0,0.0,0.0,0.0,7.1806,False,False,0.0064
yelp,lfp,4,11,False,1.0,0.0,0.0,0.0,6.7237,False,False,0.174
yelp,lfp,4,24,False,1.0,0.0,0.0,0.0,8.7638,False,False,0.6159
yelp,lfp,4,72,False,0.0,0.242,0.242,0.0,9.5477,False,False,0.8611
yelp,lfp,4,34,False,1.0,0.0,0.0,0.0,16.0851,False,True,2.974
yelp,lfp,4,33,False,0.0,0.286,0.286,0.0,5.7666,False,False,0.4808
yelp,lfp,4,45,False,0.0,0.946,0.946,0.0,7.9688,False,True,2.1434
yelp,lfp,4,21,False,1.0,0.0,0.0,0.0,6.844,False,False,0.1503
yelp,lfp,4,66,False,0.0,0.366,0.366,0.0,5.3284,False,False,0.4911
yelp,lfp,4,80,True,0.0,0.39,0.39,0.0,8.9838,False,False,0.5866
yelp,lfp,4,82,True,1.0,0.0,0.0,0.0,10.5574,False,False,0.0284
yelp,lfp,4,90,True,0.0,0.394,0.394,0.0,7.8015,False,False,1.1285
yelp,lfp,4,84,True,1.0,0.0,0.0,0.0,12.0637,False,False,0.7276
yelp,lfp,5,70,False,1.0,0.0,0.0,0.0,6.9297,False,False,0.2664
yelp,lfp,5,25,False,0.0,0.268,0.268,0.0,4.8772,False,False,0.8387
yelp,lfp,5,14,False,1.0,0.0,0.0,0.0,6.8873,False,False,0.2058
yelp,lfp,5,40,False,1.0,0.0,0.0,0.0,6.4164,False,False,0.263
yelp,lfp,5,73,False,0.0,0.14,0.14,0.0,7.9935,False,False,0.9148
yelp,lfp,5,64,False,1.0,0.0,0.0,0.0,7.764,False,False,0.6741
yelp,lfp,5,42,False,0.0,0.496,0.496,0.0,8.1011,False,False,0.1098
yelp,lfp,5,38,False,0.0,0.416,0.416,0.0,6.2688,False,False,0.29
yelp,lfp,5,77,False,0.0,0.65,0.65,0.0,8.5545,False,True,2.5853
yelp,lfp,5,18,False,0.0,0.442,0.442,0.0,8.6995,False,False,1.2586
yelp,lfp,5,29,False,1.0,0.0,0.0,0.0,6.9598,False,False,0.3066
yelp,lfp,5,36,False,1.0,0.0,0.0,0.0,3.8079,False,False,1.863
yelp,lfp,5,75,False,1.0,0.0,0.0,0.0,7.1122,False,False,0.3141
yelp,lfp,5,69,False,0.0,0.292,0.292,0.0,7.9872,False,False,1.1726
yelp,lfp,5,5,False,0.0,0.52,0.52,0.0,7.0102,False,False,1.173
yelp,lfp,5,74,False,0.0,0.362,0.362,0.0,7.1325,False,False,0.4983
yelp,lfp,5,84,True,0.0,0.078,0.078,0.0,11.3117,False,False,1.0066
yelp,lfp,5,92,True,0.0,0.01,0.01,0.0,8.8796,False,False,0.8856
yelp,lfp,5,83,True,1.0,0.0,0.0,0.0,10.8169,False,False,0.5682
yelp,lfp,5,85,True,1.0,0.0,0.0,0.0,10.9214,False,False,0.8223
yelp,lfp,6,9,False,1.0,0.0,0.0,0.0,7.519,False,False,0.0584
yelp,lfp,6,40,False,1.0,0.0,0.0,0.0,7.0281,False,False,0.1923
yelp,lfp,6,60,False,0.0,0.702,0.702,0.0,6.5349,False,False,1.8294
yelp,lfp,6,59,False,1.0,0.0,0.0,0.0,7.6572,False,False,0.0709
yelp,lfp,6,38,False,0.0,0.416,0.416,0.0,6.2514,False,False,0.2837
yelp,lfp,6,8,False,1.0,0.0,0.0,0.0,7.6286,False,False,0.0926
yelp,lfp,6,77,False,0.0,0.614,0.614,0.0,7.6455,False,False,1.2942
yelp,lfp,6,4,False,1.0,0.0,0.0,0.0,15.4396,False,True,2.4716
yelp,lfp,6,52,False,1.0,0.0,0.0,0.0,5.4694,False,False,0.9193
yelp,lfp,6,56,False,0.0,0.456,0.456,0.0,6.739,False,False,0.3631
yelp,lfp,6,5,False,0.0,0.524,0.524,0.0,6.7595,False,False,0.5122
yelp,lfp,6,20,False,0.0,0.364,0.364,0.0,6.1281,False,False,0.2414
yelp,lfp,6,69,False,0.0,0.304,0.304,0.0,8.897,False,False,0.737
yelp,lfp,6,35,False,0.0,0.196,0.196,0.0,9.0335,False,False,0.6638
yelp,lfp,6,10,False,0.0,0.414,0.414,0.0,9.2714,False,False,0.8521
yelp,lfp,6,23,False,0.0,1.0,1.0,0.0,7.7185,False,False,1.9053
yelp,lfp,6,85,True,1.0,0.0,0.0,0.0,11.3813,False,False,0.6653
yelp,lfp,6,86,True,0.0,0.378,0.378,0.0,10.7397,False,False,0.552
yelp,lfp,6,88,True,0.0,0.134,0.134,0.0,12.3042,False,False,1.1366
yelp,lfp,6,98,True,0.0,0.188,0.188,0.0,9.9739,False,False,0.2407
yelp,lfp,7,21,False,1.0,0.0,0.0,0.0,6.0263,False,False,0.2484
yelp,lfp,7,29,False,1.0,0.0,0.0,0.0,6.2174,False,False,0.4523
yelp,lfp,7,0,False,1.0,0.0,0.0,0.0,5.9079,False,False,0.1601
yelp,lfp,7,23,False,0.0,1.0,1.0,0.0,8.2183,False,True,2.3445
yelp,lfp,7,11,False,1.0,0.0,0.0,0.0,6.0221,False,False,0.2937
yelp,lfp,7,62,False,0.0,0.046,0.046,0.0,5.8272,False,False,0.0853
yelp,lfp,7,19,False,0.0,0.444,0.444,0.0,5.253,False,True,2.0678
yelp,lfp,7,52,False,1.0,0.0,0.0,0.0,4.2751,False,False,0.984
yelp,lfp,7,41,False,0.0,0.372,0.372,0.0,6.3401,False,False,0.1861
yelp,lfp,7,63,False,0.0,0.14,0.14,0.0,8.3079,False,False,0.886
yelp,lfp,7,1,False,0.0,0.524,0.524,0.0,7.5185,False,False,0.0148
yelp,lfp,7,72,False,0.0,0.34,0.34,0.0,8.5656,False,False,1.1645
yelp,lfp,7,56,False,0.0,0.522,0.522,0.0,6.6321,False,False,0.3023
yelp,lfp,7,22,False,1.0,0.0,0.0,0.0,4.3681,False,False,1.0199
yelp,lfp,7,38,False,0.0,0.426,0.426,0.0,6.216,False,False,0.1902
yelp,lfp,7,46,False,1.0,0.0,0.0,0.0,6.3311,False,False,0.481
yelp,lfp,7,83,True,1.0,0.0,0.0,0.0,10.3693,False,False,0.4503
yelp,lfp,7,92,True,0.0,0.082,0.082,0.0,8.9238,False,False,0.3862
yelp,lfp,7,88,True,1.0,0.0,0.0,0.0,13.4,False,True,2.0576
yelp,lfp,7,84,True,1.0,0.0,0.0,0.0,11.1837,False,False,0.8446
yelp,lfp,8,79,False,0.0,0.558,0.558,0.0,7.7362,False,False,0.8145
yelp,lfp,8,17,False,0.0,0.408,0.408,0.0,6.8609,False,False,0.3477
yelp,lfp,8,66,False,0.0,0.406,0.406,0.0,5.2032,False,False,0.4917
yelp,lfp,8,45,False,0.0,0.952,0.952,0.0,6.8896,False,False,1.4759
yelp,lfp,8,16,False,0.0,0.05,0.05,0.0,10.8011,False,False,0.8938
yelp,lfp,8,44,False,1.0,0.0,0.0,0.0,12.995,False,False,1.176
yelp,lfp,8,64,False,0.0,0.116,0.116,0.0,8.0308,False,False,0.1011
yelp,lfp,8,8,False,1.0,0.0,0.0,0.0,8.0155,False,False,0.051
yelp,lfp,8,36,False,1.0,0.0,0.0,0.0,4.3772,False,False,0.8395
yelp,lfp,8,18,False,0.0,0.44,0.44,0.0,8.3186,False,False,0.1996
yelp,lfp,8,58,False,1.0,0.0,0.0,0.0,9.9002,False,False,0.5084
yelp,lfp,8,55,False,0.0,0.47,0.47,0.0,7.2733,False,False,0.1644
yelp,lfp,8,46,False,1.0,0.0,0.0,0.0,8.4003,False,False,0.0201
yelp,lfp,8,23,False,0.0,1.0,1.0,0.0,7.3405,False,False,1.5259
yelp,lfp,8,34,False,1.0,0.0,0.0,0.0,18.2079,False,True,2.4948
yelp,lfp,8,72,False,0.0,0.338,0.338,0.0,9.1378,False,False,0.4703
yelp,lfp,8,96,True,1.0,0.0,0.0,0.0,8.884,False,False,0.2921
yelp,lfp,8,81,True,0.0,0.796,0.796,0.0,6.5144,False,False,1.6326
yelp,lfp,8,93,True,1.0,0.0,0.0,0.0,10.826,False,False,0.3967
yelp,lfp,8,95,True,0.0,0.004,0.004,0.0,14.1991,False,False,1.3744
yelp,lfp,9,72,False,0.0,0.318,0.318,0.0,9.1064,False,False,0.6989
yelp,lfp,9,77,False,0.0,0.612,0.612,0.0,8.0035,False,False,0.9511
yelp,lfp,9,15,False,0.0,0.296,0.296,0.0,4.8869,False,False,0.4338
yelp,lfp,9,0,False,1.0,0.0,0.0,0.0,6.5242,False,False,0.0088
yelp,lfp,9,12,False,0.0,0.46,0.46,0.0,7.2139,False,False,0.4091
yelp,lfp,9,64,False,0.0,0.068,0.068,0.0,7.7665,False,False,0.3481
yelp,lfp,9,29,False,1.0,0.0,0.0,0.0,6.8229,False,False,0.131
yelp,lfp,9,26,False,0.0,0.792,0.792,0.0,6.7802,False,False,1.5731
yelp,lfp,9,31,False,1.0,0.0,0.0,0.0,7.0638,False,False,0.1811
yelp,lfp,9,63,False,0.0,0.202,0.202,0.0,9.0535,False,False,0.6126
yelp,lfp,9,79,False,0.0,0.552,0.552,0.0,7.783,False,False,0.7404
yelp,lfp,9,4,False,1.0,0.0,0.0,0.0,19.019,False,True,3.2749
yelp,lfp,9,61,False,0.0,0.218,0.218,0.0,5.3122,False,False,0.9132
yelp,lfp,9,51,False,1.0,0.0,0.0,0.0,6.4934,False,False,0.0043
yelp,lfp,9,44,False,1.0,0.0,0.0,0.0,8.1041,False,False,0.3316
yelp,lfp,9,75,False,1.0,0.0,0.0,0.0,6.8928,False,False,0.1543
yelp,lfp,9,83,True,1.0,0.0,0.0,0.0,9.9219,False,False,0.1556
yelp,lfp,9,99,True,0.0,0.338,0.338,0.0,9.5623,False,False,0.0447
yelp,lfp,9,97,True,0.0,0.556,0.556,0.0,6.3832,False,False,1.5808
yelp,lfp,9,93,True,1.0,0.0,0.0,0.0,11.7918,False,False,0.6817
yelp,lfp,10,8,False,1.0,0.0,0.0,0.0,7.7451,False,False,0.0707
yelp,lfp,10,2,False,0.0,1.0,1.0,0.0,9.06,False,False,1.3144
yelp,lfp,10,4,False,1.0,0.0,0.0,0.0,12.7518,False,False,1.9385
yelp,lfp,10,64,False,1.0,0.0,0.0,0.0,9.1731,False,False,0.6685
yelp,lfp,10,27,False,0.0,0.472,0.472,0.0,6.5445,False,False,0.1633
yelp,lfp,10,47,False,0.0,0.47,0.47,0.0,7.3525,False,False,0.0646
yelp,lfp,10,73,False,1.0,0.0,0.0,0.0,8.6517,False,False,0.6764
yelp,lfp,10,56,False,0.0,0.442,0.442,0.0,6.274,False,False,0.4783
yelp,lfp,10,68,False,0.0,0.472,0.472,0.0,5.5184,False,False,1.078
yelp,lfp,10,38,False,0.0,0.396,0.396,0.0,5.977,False,False,0.3693
yelp,lfp,10,49,False,0.0,0.476,0.476,0.0,7.3023,False,False,0.0203
yelp,lfp,10,3,False,1.0,0.0,0.0,0.0,9.5912,False,False,0.6496
yelp,lfp,10,19,False,0.0,0.446,0.446,0.0,4.7725,False,False,1.8787
yelp,lfp,10,52,False,1.0,0.0,0.0,0.0,5.6332,False,False,1.0182
yelp,lfp,10,41,False,0.0,0.316,0.316,0.0,6.3244,False,False,0.2047
yelp,lfp,10,50,False,1.0,0.0,0.0,0.0,7.8627,False,False,0.0601
yelp,lfp,10,95,True,1.0,0.0,0.0,0.0,13.7033,False,False,1.8147
yelp,lfp,10,90,True,0.0,0.04,0.04,0.0,7.162,False,False,1.1415
yelp,lfp,10,82,True,1.0,0.0,0.0,0.0,9.7377,False,False,0.1342
yelp,lfp,10,88,True,1.0,0.0,0.0,0.0,13.3163,False,False,1.5488
yelp,lfp,11,20,False,0.0,0.396,0.396,0.0,5.7935,False,False,0.7281
yelp,lfp,11,49,False,0.0,0.49,0.49,0.0,6.7434,False,False,0.1833
yelp,lfp,11,30,False,0.0,0.474,0.474,0.0,8.3906,False,False,0.5725
yelp,lfp,11,17,False,0.0,0.424,0.424,0.0,5.709,False,False,0.5699
yelp,lfp,11,73,False,1.0,0.0,0.0,0.0,8.883,False,False,0.5706
yelp,lfp,11,43,False,0.0,0.4,0.4,0.0,6.5071,False,False,0.6352
yelp,lfp,11,0,False,1.0,0.0,0.0,0.0,7.8242,False,False,0.6167
yelp,lfp,11,7,False,1.0,0.0,0.0,0.0,12.2524,False,True,2.1717
yelp,lfp,11,53,False,0.0,0.346,0.346,0.0,6.1494,False,False,1.0111
yelp,lfp,11,10,False,0.0,0.35,0.35,0.0,7.7762,False,False,0.2831
yelp,lfp,11,54,False,1.0,0.0,0.0,0.0,8.4438,False,False,0.2021
yelp,lfp,11,46,False,1.0,0.0,0.0,0.0,8.2435,False,False,0.2848
yelp,lfp,11,41,False,0.0,0.344,0.344,0.0,5.5972,False,False,0.7176
yelp,lfp,11,4,False,1.0,0.0,0.0,0.0,13.7215,False,True,2.9879
yelp,lfp,11,76,False,0.0,0.468,0.468,0.0,6.997,False,False,0.0725
yelp,lfp,11,65,True,0.0,0.22,0.22,0.0,9.2056,False,False,0.7121
yelp,lfp,11,96,True,1.0,0.0,0.0,0.0,10.7889,False,False,0.1609
yelp,lfp,11,84,True,1.0,0.0,0.0,0.0,9.2874,False,False,0.8523
yelp,lfp,11,92,True,1.0,0.0,0.0,0.0,9.8817,False,False,0.1611
yelp,lfp,12,45,False,0.0,0.938,0.938,0.0,8.0253,True,True,2.587
yelp,lfp,12,72,False,0.0,0.108,0.108,0.0,8.5282,True,False,0.7221
yelp,lfp,12,47,False,0.0,0.368,0.368,0.0,6.9249,True,False,0.1584
yelp,lfp,12,53,False,0.0,0.33,0.33,0.0,6.6942,True,False,0.4385
yelp,lfp,12,40,False,1.0,0.0,0.0,0.0,5.7815,False,False,0.3804
yelp,lfp,12,29,False,1.0,0.0,0.0,0.0,6.3774,False,False,0.0386
yelp,lfp,12,70,False,1.0,0.0,0.0,0.0,6.6282,False,False,0.0024
yelp,lfp,12,37,False,1.0,0.0,0.0,0.0,9.4167,False,False,0.9023
yelp,lfp,12,10,False,0.0,0.304,0.304,0.0,10.6241,True,False,1.564
yelp,lfp,12,28,False,1.0,0.0,0.0,0.0,6.2579,False,False,0.1593
yelp,lfp,12,0,False,1.0,0.0,0.0,0.0,6.1078,False,False,0.2742
yelp,lfp,12,66,False,0.0,0.398,0.398,0.0,5.2723,True,False,0.6523
yelp,lfp,12,22,False,1.0,0.0,0.0,0.0,4.6012,False,False,1.4478
yelp,lfp,12,63,False,0.0,0.128,0.128,0.0,8.2535,True,False,0.2531
yelp,lfp,12,46,False,1.0,0.0,0.0,0.0,6.3446,False,False,0.0254
yelp,lfp,12,75,False,1.0,0.0,0.0,0.0,6.4265,False,False,0.034
yelp,lfp,12,93,True,1.0,0.0,0.0,0.0,13.6067,False,False,1.5152
yelp,lfp,12,91,True,1.0,0.0,0.0,0.0,13.7631,False,False,1.7524
yelp,lfp,12,94,True,0.0,0.256,0.256,0.0,9.2064,True,False,0.9557
yelp,lfp,12,86,True,0.0,0.306,0.306,0.0,11.4224,True,False,0.4401
yelp,lfp,13,6,False,0.0,0.324,0.324,0.0,9.4878,False,False,0.7594
yelp,lfp,13,17,False,0.0,0.432,0.432,0.0,5.7963,False,False,0.1549
yelp,lfp,13,69,False,0.0,0.376,0.376,0.0,7.8745,False,False,0.309
yelp,lfp,13,66,False,0.0,0.392,0.392,0.0,5.1325,False,False,0.4885
yelp,lfp,13,15,False,0.0,0.206,0.206,0.0,4.4001,False,False,0.6262
yelp,lfp,13,9,False,1.0,0.0,0.0,0.0,7.6261,False,False,0.0118
yelp,lfp,13,60,False,0.0,0.678,0.678,0.0,6.7512,False,False,1.7351
yelp,lfp,13,36,False,1.0,0.0,0.0,0.0,4.2072,False,False,0.9914
yelp,lfp,13,4,False,1.0,0.0,0.0,0.0,19.7192,False,True,3.5399
yelp,lfp,13,5,False,0.0,0.426,0.426,0.0,6.957,False,False,0.468
yelp,lfp,13,59,False,1.0,0.0,0.0,0.0,7.6767,False,False,0.0118
yelp,lfp,13,47,False,0.0,0.384,0.384,0.0,6.92,False,False,0.0621
yelp,lfp,13,20,False,0.0,0.402,0.402,0.0,5.823,False,False,0.2715
yelp,lfp,13,25,False,0.0,0.22,0.22,0.0,4.5951,False,False,0.517
yelp,lfp,13,64,False,1.0,0.0,0.0,0.0,8.2683,False,False,0.2323
yelp,lfp,13,11,False,1.0,0.0,0.0,0.0,7.2865,False,False,0.1633
yelp,lfp,13,98,True,1.0,0.0,0.0,0.0,10.1964,False,False,0.0463
yelp,lfp,13,82,True,0.0,0.024,0.024,0.0,10.3384,False,False,0.0506
yelp,lfp,13,88,True,1.0,0.0,0.0,0.0,13.175,False,False,1.1321
yelp,lfp,13,92,True,0.0,0.004,0.004,0.0,8.728,False,False,0.4668
yelp,lfp,14,4,False,1.0,0.0,0.0,0.0,13.717,False,False,1.986
yelp,lfp,14,61,False,0.0,0.184,0.184,0.0,4.7306,False,False,0.7572
yelp,lfp,14,71,False,0.0,0.54,0.54,0.0,7.0401,False,False,0.1363
yelp,lfp,14,48,False,0.0,0.292,0.292,0.0,6.0206,False,False,0.0416
yelp,lfp,14,56,False,0.0,0.426,0.426,0.0,6.7262,False,False,0.0732
yelp,lfp,14,59,False,1.0,0.0,0.0,0.0,7.6222,False,False,0.2355
yelp,lfp,14,39,False,0.0,0.486,0.486,0.0,5.0598,False,False,0.5074
yelp,lfp,14,7,False,1.0,0.0,0.0,0.0,13.8693,False,False,1.8805
yelp,lfp,14,75,False,1.0,0.0,0.0,0.0,7.7323,False,False,0.2879
yelp,lfp,14,26,False,0.0,0.792,0.792,0.0,5.8805,False,False,1.4102
yelp,lfp,14,40,False,1.0,0.0,0.0,0.0,6.8591,False,False,0.0026
yelp,lfp,14,23,False,0.0,1.0,1.0,0.0,6.8417,False,False,1.402
yelp,lfp,14,6,False,0.0,0.376,0.376,0.0,9.1175,False,False,0.7759
yelp,lfp,14,50,False,1.0,0.0,0.0,0.0,7.509,False,False,0.2519
yelp,lfp,14,35,False,0.0,0.236,0.236,0.0,8.9809,False,False,0.7263
yelp,lfp,14,65,True,0.0,0.376,0.376,0.0,5.2617,False,False,1.4409
yelp,lfp,14,97,True,0.0,0.846,0.846,0.0,6.1988,False,False,1.4759
yelp,lfp,14,81,True,1.0,0.0,0.0,0.0,12.3692,False,False,1.0587
yelp,lfp,14,91,True,0.0,0.028,0.028,0.0,9.1924,False,False,0.0448
yelp,lfp,15,73,False,0.0,0.09,0.09,0.0,8.9542,False,False,0.5825
yelp,lfp,15,62,False,0.0,0.262,0.262,0.0,5.7194,False,False,0.3914
yelp,lfp,15,17,False,0.0,0.408,0.408,0.0,6.5829,False,False,0.2814
yelp,lfp,15,51,False,1.0,0.0,0.0,0.0,7.5219,False,False,0.2357
yelp,lfp,15,68,False,0.0,0.422,0.422,0.0,5.7045,False,False,1.0952
yelp,lfp,15,47,False,0.0,0.384,0.384,0.0,6.996,False,False,0.1908
yelp,lfp,15,41,False,0.0,0.372,0.372,0.0,5.9478,False,False,0.3703
yelp,lfp,15,8,False,1.0,0.0,0.0,0.0,7.6732,False,False,0.1151
yelp,lfp,15,53,False,0.0,0.34,0.34,0.0,5.9707,False,False,0.4741
yelp,lfp,15,57,False,0.0,0.328,0.328,0.0,5.7289,False,False,0.3302
yelp,lfp,15,3,False,1.0,0.0,0.0,0.0,10.6319,False,False,0.6831
yelp,lfp,15,71,False,0.0,0.526,0.526,0.0,7.2922,False,False,0.3354
yelp,lfp,15,7,False,1.0,0.0,0.0,0.0,15.4475,False,True,2.1551
yelp,lfp,15,43,False,0.0,0.474,0.474,0.0,6.3177,False,False,0.2261
yelp,lfp,15,34,False,1.0,0.0,0.0,0.0,14.8593,False,True,2.2246
yelp,lfp,15,36,False,1.0,0.0,0.0,0.0,4.2982,False,False,1.0003
yelp,lfp,15,80,True,0.0,0.154,0.154,0.0,8.72,False,False,0.445
yelp,lfp,15,97,True,0.0,0.686,0.686,0.0,6.435,False,False,1.8313
yelp,lfp,15,95,True,0.0,0.244,0.244,0.0,15.1564,False,False,1.6962
yelp,lfp,15,83,True,0.0,0.036,0.036,0.0,10.3527,False,False,0.019
yelp,lfp,16,20,False,0.0,0.368,0.368,0.0,6.0775,False,False,0.579
yelp,lfp,16,56,False,0.0,0.44,0.44,0.0,6.8706,False,False,0.6458
yelp,lfp,16,36,False,0.0,0.1,0.1,0.0,4.5258,False,False,1.3203
yelp,lfp,16,55,False,0.0,0.52,0.52,0.0,6.3636,False,False,0.2606
yelp,lfp,16,16,False,0.0,0.29,0.29,0.0,10.7064,False,False,1.4533
yelp,lfp,16,28,False,1.0,0.0,0.0,0.0,7.0301,False,False,0.0114
yelp,lfp,16,31,False,1.0,0.0,0.0,0.0,7.8248,False,False,0.0044
yelp,lfp,16,10,False,0.0,0.356,0.356,0.0,7.9261,False,False,0.5493
yelp,lfp,16,15,False,0.0,0.18,0.18,0.0,4.6707,False,False,0.9467
yelp,lfp,16,41,False,0.0,0.36,0.36,0.0,6.3769,False,False,0.2122
yelp,lfp,16,75,False,1.0,0.0,0.0,0.0,7.841,False,False,0.0346
yelp,lfp,16,54,False,1.0,0.0,0.0,0.0,7.7281,False,False,0.0091
yelp,lfp,16,6,False,0.0,0.388,0.388,0.0,9.9002,False,False,1.146
yelp,lfp,16,58,False,1.0,0.0,0.0,0.0,9.9849,False,False,1.1914
yelp,lfp,16,17,False,0.0,0.416,0.416,0.0,5.8226,False,False,0.3531
yelp,lfp,16,7,False,1.0,0.0,0.0,0.0,13.2591,False,True,2.3201
yelp,lfp,16,97,True,0.0,1.0,1.0,0.0,7.8879,False,True,2.3251
yelp,lfp,16,92,True,0.0,0.026,0.026,0.0,9.0978,False,False,0.5185
yelp,lfp,16,98,True,0.0,0.144,0.144,0.0,10.1676,False,False,0.2186
yelp,lfp,16,82,True,1.0,0.0,0.0,0.0,10.8704,False,False,0.3421
yelp,lfp,17,27,False,0.0,0.398,0.398,0.0,7.2375,False,False,0.0536
yelp,lfp,17,36,False,0.0,0.066,0.066,0.0,4.368,False,False,1.3467
yelp,lfp,17,43,False,0.0,0.426,0.426,0.0,6.4191,False,False,0.055
yelp,lfp,17,38,False,0.0,0.448,0.448,0.0,6.0712,False,False,0.4198
yelp,lfp,17,52,False,1.0,0.0,0.0,0.0,6.1317,False,False,1.1889
yelp,lfp,17,18,False,0.0,0.438,0.438,0.0,8.3693,False,False,0.6822
yelp,lfp,17,46,False,1.0,0.0,0.0,0.0,8.0316,False,False,0.0257
yelp,lfp,17,16,False,0.0,0.43,0.43,0.0,11.2508,False,False,1.839
yelp,lfp,17,24,False,0.0,0.004,0.004,0.0,7.9184,False,False,0.4866
yelp,lfp,17,58,False,0.0,0.206,0.206,0.0,9.8323,False,False,1.0593
yelp,lfp,17,73,False,0.0,0.072,0.072,0.0,9.9637,False,False,1.2704
yelp,lfp,17,65,False,0.0,0.518,0.518,0.0,6.9018,False,False,0.4117
yelp,lfp,17,1,False,0.0,0.454,0.454,0.0,5.4655,False,True,2.0703
yelp,lfp,17,19,False,0.0,0.478,0.478,0.0,7.6538,False,False,0.5215
yelp,lfp,17,30,False,0.0,0.264,0.264,0.0,4.652,False,False,0.9025
yelp,lfp,17,15,True,0.0,0.146,0.146,0.0,7.6811,False,False,1.0137
yelp,lfp,17,89,True,0.0,0.294,0.294,0.0,11.4846,False,False,0.9843
yelp,lfp,17,84,True,0.0,0.438,0.438,0.0,8.3206,False,False,0.5736
yelp,lfp,17,94,True,1.0,0.0,0.0,0.0,11.3164,False,False,0.9497
yelp,lfp,18,13,False,0.0,0.436,0.436,0.0,6.6181,False,False,0.292
yelp,lfp,18,48,False,0.0,0.352,0.352,0.0,6.0529,False,False,0.3545
yelp,lfp,18,64,False,0.0,0.022,0.022,0.0,8.0059,False,False,0.2575
yelp,lfp,18,12,False,0.0,0.49,0.49,0.0,7.0458,False,False,0.5737
yelp,lfp,18,52,False,1.0,0.0,0.0,0.0,5.7593,False,False,0.9941
yelp,lfp,18,3,False,1.0,0.0,0.0,0.0,10.1381,False,False,0.7509
yelp,lfp,18,74,False,0.0,0.314,0.314,0.0,6.9781,False,False,0.0061
yelp,lfp,18,23,False,0.0,1.0,1.0,0.0,7.1023,False,True,2.0183
yelp,lfp,18,28,False,0.0,0.076,0.076,0.0,6.6853,False,False,0.0636
yelp,lfp,18,71,False,0.0,0.532,0.532,0.0,7.5512,False,False,0.3049
yelp,lfp,18,69,False,0.0,0.306,0.306,0.0,7.7683,False,False,0.4126
yelp,lfp,18,0,False,1.0,0.0,0.0,0.0,7.3254,False,False,0.2061
yelp,lfp,18,46,False,1.0,0.0,0.0,0.0,7.8425,False,False,0.0406
yelp,lfp,18,67,False,0.0,0.244,0.244,0.0,7.6796,False,False,0.2887
yelp,lfp,18,56,False,0.0,0.442,0.442,0.0,7.1673,False,False,0.3483
yelp,lfp,18,4,False,1.0,0.0,0.0,0.0,17.2457,False,True,3.4586
yelp,lfp,18,85,True,1.0,0.0,0.0,0.0,11.6903,False,False,0.9338
yelp,lfp,18,80,True,1.0,0.0,0.0,0.0,8.4999,False,False,0.4263
yelp,lfp,18,99,True,0.0,0.326,0.326,0.0,9.1155,False,False,0.0895
yelp,lfp,18,92,True,1.0,0.0,0.0,0.0,8.0543,False,False,0.4775
yelp,lfp,19,14,False,1.0,0.0,0.0,0.0,7.8128,False,False,0.0819
yelp,lfp,19,77,False,0.0,0.632,0.632,0.0,7.9394,False,True,2.0448
yelp,lfp,19,31,False,1.0,0.0,0.0,0.0,7.5069,False,False,0.154
yelp,lfp,19,1,False,0.0,0.508,0.508,0.0,6.5591,False,False,1.0125
yelp,lfp,19,33,False,0.0,0.366,0.366,0.0,4.9175,False,False,0.9274
yelp,lfp,19,50,False,1.0,0.0,0.0,0.0,7.8925,False,False,0.0528
yelp,lfp,19,62,False,0.0,0.264,0.264,0.0,5.2659,False,False,0.8041
yelp,lfp,19,35,False,0.0,0.136,0.136,0.0,9.6164,False,False,1.3308
yelp,lfp,19,76,False,0.0,0.444,0.444,0.0,7.8261,False,False,0.1063
yelp,lfp,19,24,False,0.0,0.058,0.058,0.0,9.152,False,False,0.8697
yelp,lfp,19,58,False,1.0,0.0,0.0,0.0,10.5941,False,False,1.7336
yelp,lfp,19,6,False,0.0,0.312,0.312,0.0,8.9181,False,False,1.1617
yelp,lfp,19,37,False,1.0,0.0,0.0,0.0,8.5943,False,False,0.9489
yelp,lfp,19,39,False,0.0,0.47,0.47,0.0,6.3725,False,False,1.3694
yelp,lfp,19,25,False,0.0,0.256,0.256,0.0,4.6746,False,False,1.1024
yelp,lfp,19,29,False,1.0,0.0,0.0,0.0,7.6524,False,False,0.1408
yelp,lfp,19,86,True,0.0,0.444,0.444,0.0,11.0446,False,False,0.7497
yelp,lfp,19,98,True,1.0,0.0,0.0,0.0,10.3268,False,False,0.3185
yelp,lfp,19,96,True,0.0,0.026,0.026,0.0,9.2987,False,False,0.6521
yelp,lfp,19,84,True,1.0,0.0,0.0,0.0,11.2604,False,False,1.1229
yelp,lfp,20,78,False,0.0,0.242,0.242,0.0,8.6698,False,False,0.6772
yelp,lfp,20,31,False,1.0,0.0,0.0,0.0,7.6244,False,False,0.0699
yelp,lfp,20,59,False,1.0,0.0,0.0,0.0,7.7367,False,False,0.1118
yelp,lfp,20,74,False,0.0,0.342,0.342,0.0,7.9966,False,False,0.4976
yelp,lfp,20,28,False,1.0,0.0,0.0,0.0,7.649,False,False,0.1654
yelp,lfp,20,49,False,0.0,0.482,0.482,0.0,7.8528,False,False,0.0837
yelp,lfp,20,6,False,0.0,0.348,0.348,0.0,9.205,False,False,0.746
yelp,lfp,20,70,False,1.0,0.0,0.0,0.0,7.5897,False,False,0.0566
yelp,lfp,20,44,False,1.0,0.0,0.0,0.0,11.9438,False,False,1.6331
yelp,lfp,20,43,False,0.0,0.376,0.376,0.0,7.1079,False,False,0.0283
yelp,lfp,20,60,False,0.0,0.68,0.68,0.0,5.9836,False,False,1.9801
yelp,lfp,20,22,False,1.0,0.0,0.0,0.0,5.4526,False,False,1.0913
yelp,lfp,20,26,False,0.0,0.776,0.776,0.0,6.2894,False,True,2.1161
yelp,lfp,20,36,False,0.0,0.154,0.154,0.0,4.4217,False,False,1.1484
yelp,lfp,20,25,False,0.0,0.228,0.228,0.0,5.028,False,False,0.5354
yelp,lfp,20,63,False,0.0,0.17,0.17,0.0,7.9152,False,False,0.2151
yelp,lfp,20,88,True,1.0,0.0,0.0,0.0,12.9404,False,False,1.4663
yelp,lfp,20,91,True,0.0,0.288,0.288,0.0,13.079,False,False,1.5106
yelp,lfp,20,83,True,1.0,0.0,0.0,0.0,10.0593,False,False,0.1692
yelp,lfp,20,94,True,0.0,0.356,0.356,0.0,8.3092,False,False,0.5592
yelp,lfp,21,23,False,0.0,1.0,1.0,0.0,7.0214,False,True,2.2457
yelp,lfp,21,29,False,1.0,0.0,0.0,0.0,7.5678,False,False,0.4301
yelp,lfp,21,50,False,1.0,0.0,0.0,0.0,7.4736,False,False,0.3354
yelp,lfp,21,51,False,1.0,0.0,0.0,0.0,7.0863,False,False,0.1631
yelp,lfp,21,43,False,0.0,0.37,0.37,0.0,6.2285,False,False,0.0816
yelp,lfp,21,33,False,0.0,0.43,0.43,0.0,6.0816,False,False,0.1444
yelp,lfp,21,36,False,1.0,0.0,0.0,0.0,4.2748,False,False,0.9749
yelp,lfp,21,47,False,0.0,0.462,0.462,0.0,6.873,False,False,0.2054
yelp,lfp,21,57,False,0.0,0.34,0.34,0.0,6.6291,False,False,0.0508
yelp,lfp,21,65,False,1.0,0.0,0.0,0.0,7.3267,False,False,0.3209
yelp,lfp,21,31,False,0.0,0.678,0.678,0.0,5.6837,False,True,2.1121
yelp,lfp,21,60,False,1.0,0.0,0.0,0.0,6.6182,False,False,0.0246
yelp,lfp,21,28,False,0.0,0.146,0.146,0.0,9.5971,False,False,0.9765
yelp,lfp,21,64,False,0.0,0.462,0.462,0.0,6.9746,False,False,0.1387
yelp,lfp,21,42,False,0.0,0.392,0.392,0.0,6.6768,False,False,0.1226
yelp,lfp,21,27,True,0.0,0.06,0.06,0.0,7.8724,False,False,0.7656
yelp,lfp,21,90,True,0.0,0.182,0.182,0.0,9.7198,False,False,0.3828
yelp,lfp,21,98,True,1.0,0.0,0.0,0.0,13.9293,False,True,2.4523
yelp,lfp,21,88,True,1.0,0.0,0.0,0.0,10.2482,False,False,0.5581
yelp,lfp,22,17,False,0.0,0.434,0.434,0.0,5.8578,False,False,0.1045
yelp,lfp,22,47,False,0.0,0.486,0.486,0.0,7.1204,False,False,0.394
yelp,lfp,22,24,False,0.0,0.14,0.14,0.0,8.8325,False,False,1.3142
yelp,lfp,22,62,False,0.0,0.268,0.268,0.0,6.0627,False,False,0.2122
yelp,lfp,22,46,False,1.0,0.0,0.0,0.0,7.6768,False,False,0.6473
yelp,lfp,22,52,False,1.0,0.0,0.0,0.0,5.3375,False,False,0.8369
yelp,lfp,22,33,False,0.0,0.286,0.286,0.0,6.3122,False,False,0.1661
yelp,lfp,22,58,False,0.0,0.104,0.104,0.0,8.8912,False,False,1.1915
yelp,lfp,22,3,False,1.0,0.0,0.0,0.0,9.0501,False,False,1.036
yelp,lfp,22,5,False,0.0,0.446,0.446,0.0,6.2419,False,False,0.1899
yelp,lfp,22,70,False,1.0,0.0,0.0,0.0,7.7025,False,False,0.5968
yelp,lfp,22,2,False,0.0,1.0,1.0,0.0,8.1685,False,False,1.0775
yelp,lfp,22,22,False,1.0,0.0,0.0,0.0,5.4158,False,False,0.8907
yelp,lfp,22,19,False,0.0,0.456,0.456,0.0,4.6207,False,False,1.7979
yelp,lfp,22,23,False,0.0,1.0,1.0,0.0,6.2305,False,True,2.2162
yelp,lfp,22,28,False,1.0,0.0,0.0,0.0,6.3177,False,False,0.0826
yelp,lfp,22,87,True,0.0,0.508,0.508,0.0,7.1378,False,False,0.7932
yelp,lfp,22,85,True,1.0,0.0,0.0,0.0,11.4937,False,False,1.6463
yelp,lfp,22,99,True,0.0,0.28,0.28,0.0,9.5814,False,False,0.7531
yelp,lfp,22,94,True,0.0,0.244,0.244,0.0,8.3255,False,False,0.1334
yelp,lfp,23,69,False,0.0,0.344,0.344,0.0,8.6002,False,False,1.1716
yelp,lfp,23,64,False,0.0,0.052,0.052,0.0,8.5589,False,False,0.6346
yelp,lfp,23,78,False,0.0,0.114,0.114,0.0,8.3587,False,False,1.0828
yelp,lfp,23,79,False,0.0,0.562,0.562,0.0,7.2993,False,False,1.3565
yelp,lfp,23,70,False,1.0,0.0,0.0,0.0,7.7672,False,False,0.1061
yelp,lfp,23,57,False,0.0,0.354,0.354,0.0,5.6314,False,False,0.3107
yelp,lfp,23,14,False,1.0,0.0,0.0,0.0,7.6938,False,False,0.0962
yelp,lfp,23,47,False,0.0,0.342,0.342,0.0,6.748,False,False,0.3793
yelp,lfp,23,50,False,1.0,0.0,0.0,0.0,7.9721,False,False,0.2599
yelp,lfp,23,73,False,0.0,0.192,0.192,0.0,9.6264,False,False,1.6093
yelp,lfp,23,43,False,0.0,0.436,0.436,0.0,6.6004,False,False,0.3008
yelp,lfp,23,67,False,0.0,0.21,0.21,0.0,7.2067,False,False,0.4355
yelp,lfp,23,49,False,0.0,0.472,0.472,0.0,7.2231,False,False,0.2194
yelp,lfp,23,59,False,1.0,0.0,0.0,0.0,7.7674,False,False,0.1441
yelp,lfp,23,39,False,0.0,0.452,0.452,0.0,5.5219,False,False,1.2273
yelp,lfp,23,17,False,0.0,0.41,0.41,0.0,5.7408,False,False,0.1797
yelp,lfp,23,98,True,0.0,0.064,0.064,0.0,10.0533,False,False,0.249
yelp,lfp,23,99,True,0.0,0.308,0.308,0.0,10.2754,False,False,0.3261
yelp,lfp,23,97,True,0.0,0.33,0.33,0.0,5.8242,False,True,3.0825
yelp,lfp,23,94,True,0.0,0.55,0.55,0.0,8.4809,False,False,0.8581
yelp,lfp,24,45,False,0.0,0.914,0.914,0.0,6.1048,False,False,1.8
yelp,lfp,24,66,False,0.0,0.426,0.426,0.0,5.819,False,False,0.409
yelp,lfp,24,15,False,0.0,0.138,0.138,0.0,4.5744,False,False,0.7448
yelp,lfp,24,78,False,0.0,0.156,0.156,0.0,9.3163,False,False,0.821
yelp,lfp,24,41,False,0.0,0.358,0.358,0.0,6.0667,False,False,0.1597
yelp,lfp,24,69,False,0.0,0.274,0.274,0.0,8.9169,False,False,0.7926
yelp,lfp,24,33,False,0.0,0.298,0.298,0.0,6.3696,False,False,0.4558
yelp,lfp,24,49,False,0.0,0.484,0.484,0.0,7.3713,False,False,0.0605
yelp,lfp,24,26,False,0.0,0.762,0.762,0.0,5.5243,False,False,1.9426
yelp,lfp,24,71,False,0.0,0.524,0.524,0.0,7.3726,False,False,0.1728
yelp,lfp,24,3,False,1.0,0.0,0.0,0.0,10.017,False,False,0.6929
yelp,lfp,24,79,False,0.0,0.564,0.564,0.0,6.8011,False,False,0.8835
yelp,lfp,24,72,False,0.0,0.214,0.214,0.0,9.4839,False,False,0.8646
yelp,lfp,24,8,False,1.0,0.0,0.0,0.0,8.3087,False,False,0.0768
yelp,lfp,24,36,False,1.0,0.0,0.0,0.0,4.5058,False,False,1.0052
yelp,lfp,24,70,False,1.0,0.0,0.0,0.0,8.4661,False,False,0.1337
yelp,lfp,24,93,True,1.0,0.0,0.0,0.0,10.835,False,False,0.8173
yelp,lfp,24,80,True,0.0,0.126,0.126,0.0,8.4934,False,False,0.2597
yelp,lfp,24,84,True,1.0,0.0,0.0,0.0,11.9955,False,False,1.2713
yelp,lfp,24,95,True,1.0,0.0,0.0,0.0,14.8876,False,True,2.3025
yelp,lfp,25,0,False,1.0,0.0,0.0,0.0,7.184,False,False,0.1029
yelp,lfp,25,20,False,0.0,0.418,0.418,0.0,5.2464,False,False,0.3565
yelp,lfp,25,21,False,1.0,0.0,0.0,0.0,7.2425,False,False,0.0115
yelp,lfp,25,65,False,1.0,0.0,0.0,0.0,14.2005,False,True,3.0217
yelp,lfp,25,4,False,0.0,0.432,0.432,0.0,8.2187,False,False,0.8705
yelp,lfp,25,10,False,1.0,0.0,0.0,0.0,7.3502,False,False,0.0115
yelp,lfp,25,11,False,1.0,0.0,0.0,0.0,7.4518,False,False,0.1513
yelp,lfp,25,29,False,0.0,0.44,0.44,0.0,6.1112,False,False,0.1704
yelp,lfp,25,38,False,0.0,0.378,0.378,0.0,6.7745,False,False,0.314
yelp,lfp,25,56,False,0.0,0.436,0.436,0.0,6.1047,False,False,0.2479
yelp,lfp,25,17,False,0.0,1.0,1.0,0.0,8.8708,False,False,1.2555
yelp,lfp,25,2,False,0.0,0.2,0.2,0.0,5.3081,False,False,0.6997
yelp,lfp,25,15,False,0.0,0.652,0.652,0.0,7.4461,False,False,1.2342
yelp,lfp,25,77,False,1.0,0.0,0.0,0.0,9.8304,False,False,1.0684
yelp,lfp,25,44,False,1.0,0.0,0.0,0.0,7.1037,False,False,0.1227
yelp,lfp,25,40,True,0.0,0.338,0.338,0.0,11.0335,False,False,1.101
yelp,lfp,25,86,True,1.0,0.0,0.0,0.0,10.3583,False,False,0.5335
yelp,lfp,25,83,True,0.0,0.046,0.046,0.0,7.2263,False,False,1.166
yelp,lfp,25,89,True,0.0,0.314,0.314,0.0,7.5743,False,False,1.0766
yelp,lfp,26,40,False,1.0,0.0,0.0,0.0,7.2772,False,False,0.2271
yelp,lfp,26,25,False,0.0,0.278,0.278,0.0,5.7448,False,False,0.4742
yelp,lfp,26,76,False,0.0,0.44,0.44,0.0,6.8858,False,False,0.0445
yelp,lfp,26,6,False,0.0,0.29,0.29,0.0,9.4716,False,False,0.5591
yelp,lfp,26,77,False,0.0,0.65,0.65,0.0,7.1072,False,False,0.82
yelp,lfp,26,42,False,0.0,0.444,0.444,0.0,7.4669,False,False,0.0246
yelp,lfp,26,67,False,0.0,0.24,0.24,0.0,8.0272,False,False,0.1245
yelp,lfp,26,5,False,0.0,0.408,0.408,0.0,6.2317,False,False,0.4139
yelp,lfp,26,22,False,1.0,0.0,0.0,0.0,5.6761,False,False,0.7837
yelp,lfp,26,34,False,1.0,0.0,0.0,0.0,23.2369,False,True,3.7403
yelp,lfp,26,33,False,0.0,0.312,0.312,0.0,5.5464,False,False,0.4325
yelp,lfp,26,3,False,1.0,0.0,0.0,0.0,9.6488,False,False,0.2924
yelp,lfp,26,78,False,0.0,0.378,0.378,0.0,9.2182,False,False,0.4592
yelp,lfp,26,50,False,1.0,0.0,0.0,0.0,7.9791,False,False,0.0331
yelp,lfp,26,18,False,0.0,0.444,0.444,0.0,8.6289,False,False,0.3823
yelp,lfp,26,17,False,0.0,0.374,0.374,0.0,6.3421,False,False,0.1365
yelp,lfp,26,90,True,0.0,0.052,0.052,0.0,7.4697,False,False,0.6869
yelp,lfp,26,87,True,0.0,0.56,0.56,0.0,7.5424,False,False,0.6855
yelp,lfp,26,97,True,0.0,0.548,0.548,0.0,5.136,False,False,1.4071
yelp,lfp,26,85,True,1.0,0.0,0.0,0.0,11.6289,False,False,0.6118
yelp,lfp,27,78,False,0.0,0.282,0.282,0.0,8.1576,False,False,0.4829
yelp,lfp,27,10,False,0.0,0.37,0.37,0.0,9.8095,False,False,0.9182
yelp,lfp,27,28,False,1.0,0.0,0.0,0.0,6.4137,False,False,0.1237
yelp,lfp,27,25,False,0.0,0.266,0.266,0.0,4.9193,False,False,0.5314
yelp,lfp,27,66,False,0.0,0.38,0.38,0.0,6.1605,False,False,0.3748
yelp,lfp,27,58,False,0.0,0.116,0.116,0.0,11.4363,False,False,1.3877
yelp,lfp,27,70,False,1.0,0.0,0.0,0.0,7.3057,False,False,0.0443
yelp,lfp,27,15,False,0.0,0.234,0.234,0.0,4.2244,False,False,0.695
yelp,lfp,27,1,False,0.0,0.518,0.518,0.0,6.8932,False,False,0.3132
yelp,lfp,27,50,False,1.0,0.0,0.0,0.0,7.3761,False,False,0.0464
yelp,lfp,27,63,False,0.0,0.162,0.162,0.0,7.7713,False,False,0.2831
yelp,lfp,27,45,False,0.0,0.908,0.908,0.0,6.9457,False,False,1.6685
yelp,lfp,27,31,False,1.0,0.0,0.0,0.0,7.3526,False,False,0.008
yelp,lfp,27,33,False,0.0,0.282,0.282,0.0,5.3763,False,False,0.4618
yelp,lfp,27,4,False,1.0,0.0,0.0,0.0,16.6316,False,True,3.0448
yelp,lfp,27,46,False,1.0,0.0,0.0,0.0,7.3799,False,False,0.0395
yelp,lfp,27,94,True,0.0,0.448,0.448,0.0,9.0115,False,False,0.3111
yelp,lfp,27,82,True,0.0,0.262,0.262,0.0,10.6588,False,False,0.2663
yelp,lfp,27,96,True,0.0,0.048,0.048,0.0,9.3621,False,False,0.1924
yelp,lfp,27,97,True,0.0,0.854,0.854,0.0,6.7484,False,False,1.8493
yelp,lfp,28,9,False,1.0,0.0,0.0,0.0,6.913,False,False,0.3382
yelp,lfp,28,67,False,0.0,0.24,0.24,0.0,8.3799,False,False,0.1052
yelp,lfp,28,76,False,0.0,0.41,0.41,0.0,7.6557,False,False,0.2121
yelp,lfp,28,70,False,1.0,0.0,0.0,0.0,6.7697,False,False,0.3644
yelp,lfp,28,2,False,0.0,1.0,1.0,0.0,9.1804,False,False,1.5073
yelp,lfp,28,3,False,1.0,0.0,0.0,0.0,10.6094,False,False,0.7323
yelp,lfp,28,22,False,1.0,0.0,0.0,0.0,4.9757,False,False,1.4186
yelp,lfp,28,75,False,1.0,0.0,0.0,0.0,7.0587,False,False,0.2751
yelp,lfp,28,49,False,0.0,0.454,0.454,0.0,8.203,False,False,0.1505
yelp,lfp,28,40,False,1.0,0.0,0.0,0.0,6.3023,False,False,0.5963
yelp,lfp,28,7,False,0.0,0.256,0.256,0.0,13.6951,False,True,2.1792
yelp,lfp,28,33,False,0.0,0.286,0.286,0.0,5.8436,False,False,0.7383
yelp,lfp,28,18,False,0.0,0.452,0.452,0.0,9.4344,False,False,0.6325
yelp,lfp,28,37,False,1.0,0.0,0.0,0.0,12.3942,False,False,1.6734
yelp,lfp,28,51,False,1.0,0.0,0.0,0.0,6.6409,False,False,0.4495
yelp,lfp,28,64,False,0.0,0.074,0.074,0.0,8.6007,False,False,0.1691
yelp,lfp,28,87,True,0.0,0.518,0.518,0.0,8.0794,False,False,1.1958
yelp,lfp,28,80,True,0.0,0.056,0.056,0.0,9.879,False,False,0.4031
yelp,lfp,28,95,True,1.0,0.0,0.0,0.0,15.3795,False,True,2.0214
yelp,lfp,28,82,True,1.0,0.0,0.0,0.0,10.9859,False,False,0.136
yelp,lfp,29,65,False,0.0,0.504,0.504,0.0,7.3466,False,False,0.8131
yelp,lfp,29,79,False,0.0,0.406,0.406,0.0,5.388,False,False,0.6809
yelp,lfp,29,66,False,0.0,0.482,0.482,0.0,7.936,False,False,0.0784
yelp,lfp,29,49,False,1.0,0.0,0.0,0.0,8.0329,False,False,0.1449
yelp,lfp,29,54,False,1.0,0.0,0.0,0.0,19.5679,False,True,3.5575
yelp,lfp,29,4,False,0.0,0.004,0.004,0.0,8.621,False,False,0.3328
yelp,lfp,29,58,False,0.0,0.208,0.208,0.0,9.7286,False,False,0.5838
yelp,lfp,29,78,False,0.0,0.372,0.372,0.0,6.4343,False,False,0.3126
yelp,lfp,29,41,False,0.0,0.266,0.266,0.0,8.031,False,False,0.2111
yelp,lfp,29,69,False,0.0,0.224,0.224,0.0,8.8537,False,False,0.4245
yelp,lfp,29,67,False,0.0,0.132,0.132,0.0,4.3349,False,False,1.1987
yelp,lfp,29,36,False,1.0,0.0,0.0,0.0,7.7771,False,False,0.0784
yelp,lfp,29,28,False,0.0,0.13,0.13,0.0,9.7645,False,False,0.7266
yelp,lfp,29,73,False,0.0,0.194,0.194,0.0,5.6313,False,False,1.2049
yelp,lfp,29,61,False,1.0,0.0,0.0,0.0,8.0957,False,False,0.1666
yelp,lfp,29,59,True,0.0,0.406,0.406,0.0,8.0924,False,False,0.8127
yelp,lfp,29,89,True,0.0,0.348,0.348,0.0,8.8163,False,False,0.4672
yelp,lfp,29,80,True,0.0,0.522,0.522,0.0,9.3953,False,False,0.1403
yelp,lfp,29,99,True,0.0,0.012,0.012,0.0,10.5702,False,False,0.2625
yelp,ooa,0,30,False,0.0184,0.49,0.45,0.94,7.5695,False,False,0.49
yelp,ooa,0,0,False,0.0,0.94,0.0,0.94,5.431,False,False,0.1169
yelp,ooa,0,22,False,0.0,0.94,0.0,0.94,4.4605,False,False,0.9885
yelp,ooa,0,31,False,0.0,0.94,0.0,0.94,5.938,False,False,0.1102
yelp,ooa,0,18,False,0.035,0.536,0.404,0.94,7.5311,False,False,0.5314
yelp,ooa,0,28,False,0.0,0.94,0.0,0.94,5.0062,False,False,0.0358
yelp,ooa,0,10,False,0.046,0.496,0.444,0.94,7.3475,False,False,0.501
yelp,ooa,0,70,False,0.0,0.94,0.0,0.94,5.9126,False,False,0.1212
yelp,ooa,0,4,False,0.0,0.94,0.0,0.94,15.4114,False,True,2.6323
yelp,ooa,0,12,False,0.0103,0.462,0.478,0.94,6.6386,False,False,0.5396
yelp,ooa,0,49,False,0.0268,0.458,0.482,0.94,6.9719,False,False,0.0381
yelp,ooa,0,33,False,0.0499,0.654,0.286,0.94,4.7549,False,False,0.1702
yelp,ooa,0,67,False,0.0547,0.634,0.306,0.94,6.1254,False,False,0.2011
yelp,ooa,0,35,False,0.016,0.828,0.112,0.94,7.0874,False,False,0.5056
yelp,ooa,0,68,False,0.0093,0.466,0.474,0.94,6.1675,False,False,1.0852
yelp,ooa,0,45,False,-0.0638,0.0,0.94,0.94,9.2394,True,False,1.9282
yelp,ooa,0,81,False,0.0,0.06,1.0,0.94,10.074,False,False,1.9227
yelp,ooa,0,84,False,0.0029,0.918,0.022,0.94,10.5885,False,False,1.4287
yelp,ooa,0,85,False,0.0,0.94,0.0,0.94,5.8983,False,False,0.1377
yelp,ooa,0,83,False,0.0,0.94,0.0,0.94,5.8294,False,False,0.0898
yelp,ooa,1,23,False,0.0,0.118,1.0,0.882,9.6204,False,True,2.0546
yelp,ooa,1,39,False,0.0487,0.388,0.494,0.882,5.6261,False,False,0.6771
yelp,ooa,1,69,False,0.1258,0.548,0.334,0.882,6.6583,False,False,0.4882
yelp,ooa,1,74,False,0.0901,0.582,0.3,0.882,6.298,False,False,0.4296
yelp,ooa,1,0,False,0.0,0.882,0.0,0.882,6.1932,False,False,0.0156
yelp,ooa,1,1,False,0.0657,0.386,0.496,0.882,6.6969,False,False,0.1847
yelp,ooa,1,38,False,0.0412,0.492,0.39,0.882,5.9242,False,False,0.0978
yelp,ooa,1,45,False,-0.0289,0.046,0.928,0.882,8.9342,False,False,1.9712
yelp,ooa,1,72,False,0.0247,0.514,0.368,0.882,6.8539,False,False,0.4272
yelp,ooa,1,63,False,0.0497,0.722,0.16,0.882,6.5528,False,False,0.4361
yelp,ooa,1,8,False,0.0,0.882,0.0,0.882,6.5085,False,False,0.2232
yelp,ooa,1,13,False,0.0874,0.482,0.4,0.882,5.1463,False,False,0.102
yelp,ooa,1,15,False,0.0128,0.836,0.046,0.882,3.9793,False,False,0.5029
yelp,ooa,1,41,False,0.098,0.604,0.278,0.882,4.497,False,False,0.0718
yelp,ooa,1,54,False,0.0,0.882,0.0,0.882,6.5223,False,False,0.253
yelp,ooa,1,5,False,0.0285,0.412,0.47,0.882,6.8565,False,False,0.4658
yelp,ooa,1,94,False,0.1117,0.538,0.344,0.882,5.6589,False,False,0.1391
yelp,ooa,1,82,False,0.0727,0.662,0.22,0.882,7.6018,False,False,0.7424
yelp,ooa,1,95,False,0.0632,0.686,0.196,0.882,15.3177,False,True,3.0621
yelp,ooa,1,96,False,0.0,0.882,0.0,0.882,6.4508,False,False,0.2209
yelp,ooa,2,49,False,0.1068,0.344,0.484,0.828,6.8787,False,False,0.0974
yelp,ooa,2,43,False,0.1454,0.554,0.274,0.828,5.7965,False,False,0.1613
yelp,ooa,2,38,False,0.0387,0.438,0.39,0.828,5.5121,False,False,0.1661
yelp,ooa,2,46,False,0.0,0.828,0.0,0.828,6.9382,False,False,0.2247
yelp,ooa,2,79,False,0.0737,0.336,0.492,0.828,8.0476,False,False,1.2372
yelp,ooa,2,24,False,0.0,0.828,0.0,0.828,6.9671,False,False,0.5272
yelp,ooa,2,19,False,-0.0265,0.442,0.386,0.828,5.6389,False,True,2.0895
yelp,ooa,2,62,False,0.0551,0.708,0.12,0.828,4.5021,False,False,0.2077
yelp,ooa,2,56,False,0.0996,0.392,0.436,0.828,6.7197,False,False,0.308
yelp,ooa,2,73,False,0.0675,0.684,0.144,0.828,7.7977,False,False,0.7164
yelp,ooa,2,32,False,0.0,0.828,0.0,0.828,8.3843,False,False,0.9322
yelp,ooa,2,77,False,-0.0467,0.16,0.668,0.828,8.7987,False,False,1.6145
yelp,ooa,2,39,False,0.1319,0.342,0.486,0.828,5.1086,False,False,0.7264
yelp,ooa,2,7,False,0.0805,0.66,0.168,0.828,11.7716,False,True,2.0286
yelp,ooa,2,63,False,0.1347,0.57,0.258,0.828,6.8919,False,False,0.388
yelp,ooa,2,42,False,0.1183,0.33,0.498,0.828,6.9484,False,False,0.1435
yelp,ooa,2,91,False,0.0,0.828,0.0,0.828,11.4885,False,True,2.0302
yelp,ooa,2,80,False,0.1134,0.594,0.234,0.828,5.1414,False,False,0.0791
yelp,ooa,2,87,False,0.0892,0.406,0.422,0.828,6.1897,False,False,0.7673
yelp,ooa,2,88,False,0.0,0.828,0.0,0.828,6.9317,False,False,0.2334
yelp,ooa,3,55,False,0.3282,0.288,0.432,0.72,6.1337,False,False,0.1309
yelp,ooa,3,25,False,0.0654,0.64,0.08,0.72,4.4984,False,False,0.0855
yelp,ooa,3,10,False,0.1833,0.514,0.206,0.72,7.8294,False,False,0.7328
yelp,ooa,3,19,False,0.0355,0.342,0.378,0.72,5.6215,False,False,1.3509
yelp,ooa,3,45,False,0.0046,0.204,0.924,0.72,8.3394,False,False,1.5093
yelp,ooa,3,1,False,0.2121,0.272,0.448,0.72,6.9076,False,False,0.132
yelp,ooa,3,73,False,0.0971,0.604,0.116,0.72,7.2884,False,False,0.5611
yelp,ooa,3,21,False,0.0,0.72,0.0,0.72,6.153,False,False,0.1178
yelp,ooa,3,54,False,0.0,0.72,0.0,0.72,6.5886,False,False,0.2886
yelp,ooa,3,2,False,0.0,0.28,1.0,0.72,10.8424,False,False,0.9533
yelp,ooa,3,20,False,0.2102,0.298,0.422,0.72,5.2343,False,False,0.0225
yelp,ooa,3,33,False,0.2904,0.416,0.304,0.72,4.6172,False,False,0.0151
yelp,ooa,3,29,False,0.0,0.72,0.0,0.72,6.5739,False,False,0.2716
yelp,ooa,3,62,False,0.062,0.644,0.076,0.72,4.6819,False,False,0.0949
yelp,ooa,3,7,False,0.0484,0.66,0.06,0.72,11.831,False,False,1.567
yelp,ooa,3,77,False,0.0693,0.08,0.64,0.72,8.3471,False,False,1.0701
yelp,ooa,3,80,False,0.317,0.388,0.332,0.72,5.161,False,False,0.0198
yelp,ooa,3,81,False,0.0,0.28,1.0,0.72,9.2213,False,False,1.5152
yelp,ooa,3,88,False,0.0,0.72,0.0,0.72,6.4941,False,False,0.248
yelp,ooa,3,95,False,0.2843,0.392,0.328,0.72,15.8362,False,True,2.8206
yelp,ooa,4,47,False,0.2437,0.132,0.51,0.642,6.808,False,False,0.1495
yelp,ooa,4,78,False,0.3886,0.282,0.36,0.642,7.4523,False,False,0.4685
yelp,ooa,4,36,False,0.0,0.642,0.0,0.642,3.526,False,False,1.264
yelp,ooa,4,51,False,0.0,0.642,0.0,0.642,5.8125,False,False,0.2068
yelp,ooa,4,44,False,0.0,0.642,0.0,0.642,8.1111,False,False,0.3292
yelp,ooa,4,13,False,0.2554,0.15,0.492,0.642,5.6877,False,False,0.5361
yelp,ooa,4,10,False,0.3393,0.236,0.406,0.642,7.8556,False,False,0.5672
yelp,ooa,4,75,False,0.0,0.642,0.0,0.642,6.2742,False,False,0.0026
yelp,ooa,4,11,False,0.0,0.642,0.0,0.642,5.8607,False,False,0.2273
yelp,ooa,4,24,False,0.0,0.642,0.0,0.642,7.2686,False,False,0.3439
yelp,ooa,4,72,False,0.0,0.642,0.0,0.642,7.6374,False,False,0.6325
yelp,ooa,4,34,False,0.0,0.642,0.0,0.642,14.4026,False,True,2.8675
yelp,ooa,4,33,False,0.2981,0.338,0.304,0.642,5.1511,False,False,0.4215
yelp,ooa,4,45,False,0.0358,0.282,0.924,0.642,9.0344,False,True,2.5409
yelp,ooa,4,21,False,0.0,0.642,0.0,0.642,5.9786,False,False,0.1998
yelp,ooa,4,66,False,0.3522,0.262,0.38,0.642,5.3579,False,False,0.5501
yelp,ooa,4,80,False,0.2257,0.446,0.196,0.642,4.8766,False,False,0.3117
yelp,ooa,4,82,False,0.0293,0.616,0.026,0.642,6.8196,False,False,0.3747
yelp,ooa,4,90,False,0.0,0.642,0.0,0.642,5.6487,False,False,0.3118
yelp,ooa,4,84,False,0.3477,0.314,0.328,0.642,9.4379,False,False,1.1387
yelp,ooa,5,70,False,0.0,0.414,0.0,0.414,5.4619,False,False,0.145
yelp,ooa,5,25,False,0.4401,0.204,0.21,0.414,4.5908,False,False,0.7602
yelp,ooa,5,14,False,0.0,0.414,0.0,0.414,5.5492,False,False,0.1772
yelp,ooa,5,40,False,0.0,0.414,0.0,0.414,5.253,False,False,0.3259
yelp,ooa,5,73,False,0.3144,0.294,0.12,0.414,9.1618,False,False,1.6477
yelp,ooa,5,64,False,0.0,0.414,0.0,0.414,7.8956,False,False,0.4861
yelp,ooa,5,42,False,0.2402,0.102,0.516,0.414,8.1638,False,False,0.2014
yelp,ooa,5,38,False,0.273,0.022,0.392,0.414,6.1692,False,False,0.4867
yelp,ooa,5,77,False,0.0591,0.244,0.658,0.414,9.4981,False,True,2.5478
yelp,ooa,5,18,False,0.3687,0.034,0.448,0.414,7.5249,False,False,0.8442
yelp,ooa,5,29,False,0.0,0.414,0.0,0.414,5.5793,False,False,0.1896
yelp,ooa,5,36,False,0.0,0.414,0.0,0.414,3.4663,False,False,1.7705
yelp,ooa,5,75,False,0.0,0.414,0.0,0.414,5.4033,False,False,0.117
yelp,ooa,5,69,False,0.402,0.118,0.296,0.414,7.8137,False,False,0.9839
yelp,ooa,5,5,False,0.2629,0.066,0.48,0.414,6.9528,False,False,0.8736
yelp,ooa,5,74,False,0.2673,0.028,0.386,0.414,6.8834,False,False,0.3991
yelp,ooa,5,84,True,0.4037,0.208,0.206,0.414,9.1911,False,False,1.8305
yelp,ooa,5,92,True,0.0,0.414,0.0,0.414,4.489,False,False,0.5904
yelp,ooa,5,83,True,0.0,0.414,0.0,0.414,5.5409,False,False,0.192
yelp,ooa,5,85,True,0.0,0.414,0.0,0.414,5.4605,False,False,0.1413
yelp,ooa,6,9,False,0.0,0.29,0.0,0.29,5.9272,False,False,0.2235
yelp,ooa,6,40,False,0.0,0.29,0.0,0.29,5.3693,False,False,0.0796
yelp,ooa,6,60,False,0.1103,0.47,0.76,0.29,7.7495,False,False,1.9236
yelp,ooa,6,59,False,0.0,0.29,0.0,0.29,5.9308,False,False,0.2394
yelp,ooa,6,38,False,0.272,0.138,0.428,0.29,6.2356,False,False,0.1502
yelp,ooa,6,8,False,0.0,0.29,0.0,0.29,5.9526,False,False,0.2437
yelp,ooa,6,77,False,0.1901,0.366,0.656,0.29,8.7957,False,False,1.3197
yelp,ooa,6,4,False,0.0,0.29,0.0,0.29,14.0847,False,True,2.4915
yelp,ooa,6,52,False,0.0,0.29,0.0,0.29,4.4167,False,False,0.8759
yelp,ooa,6,56,False,0.3329,0.176,0.466,0.29,6.9838,False,False,0.4007
yelp,ooa,6,5,False,0.3041,0.258,0.548,0.29,6.8258,False,False,0.4927
yelp,ooa,6,20,False,0.3469,0.084,0.374,0.29,5.4074,False,False,0.1629
yelp,ooa,6,69,False,0.5092,0.048,0.338,0.29,7.7226,False,False,0.5885
yelp,ooa,6,35,False,0.5026,0.004,0.286,0.29,7.6123,False,False,0.6358
yelp,ooa,6,10,False,0.3827,0.192,0.482,0.29,8.9707,False,False,0.9165
yelp,ooa,6,23,False,0.0,0.71,1.0,0.29,9.0528,False,False,1.9959
yelp,ooa,6,85,True,0.0,0.29,0.0,0.29,5.9177,False,False,0.2374
yelp,ooa,6,86,True,0.3661,0.214,0.504,0.29,8.6034,False,False,0.8881
yelp,ooa,6,88,True,0.0,0.29,0.0,0.29,6.0042,False,False,0.245
yelp,ooa,6,98,True,0.3781,0.168,0.458,0.29,7.9769,False,False,0.6919
yelp,ooa,7,21,False,0.0,0.24,0.0,0.24,4.2632,False,False,0.2102
yelp,ooa,7,29,False,0.0,0.24,0.0,0.24,4.3849,False,False,0.3565
yelp,ooa,7,0,False,0.0,0.24,0.0,0.24,4.1992,False,False,0.0836
yelp,ooa,7,23,False,0.0,0.76,1.0,0.24,9.6201,False,True,2.3359
yelp,ooa,7,11,False,0.0,0.24,0.0,0.24,4.1436,False,False,0.1566
yelp,ooa,7,62,False,0.4757,0.032,0.272,0.24,6.2751,False,False,0.1098
yelp,ooa,7,19,False,0.3845,0.142,0.382,0.24,6.0355,False,False,1.9631
yelp,ooa,7,52,False,0.0,0.24,0.0,0.24,3.3938,False,False,0.9401
yelp,ooa,7,41,False,0.5065,0.07,0.31,0.24,6.3123,False,False,0.1704
yelp,ooa,7,63,False,0.6512,0.04,0.2,0.24,8.3341,False,False,0.8224
yelp,ooa,7,1,False,0.3392,0.288,0.528,0.24,7.5696,False,False,0.2065
yelp,ooa,7,72,False,0.3431,0.042,0.282,0.24,9.9032,False,False,1.3868
yelp,ooa,7,56,False,0.3773,0.194,0.434,0.24,7.7775,False,False,0.2374
yelp,ooa,7,22,False,0.0,0.24,0.0,0.24,3.341,False,False,1.0632
yelp,ooa,7,38,False,0.279,0.216,0.456,0.24,6.7878,False,False,0.1345
yelp,ooa,7,46,False,0.0,0.24,0.0,0.24,4.5956,False,False,0.3667
yelp,ooa,7,83,True,0.0,0.24,0.0,0.24,4.5445,False,False,0.3935
yelp,ooa,7,92,True,0.0,0.24,0.0,0.24,3.9016,False,False,0.1599
yelp,ooa,7,88,True,0.0,0.24,0.0,0.24,4.5226,False,False,0.4319
yelp,ooa,7,84,True,0.437,0.032,0.208,0.24,11.7071,False,True,2.2834
yelp,ooa,8,79,False,0.2993,0.346,0.536,0.19,7.7607,False,False,0.8878
yelp,ooa,8,17,False,0.4085,0.218,0.408,0.19,6.2977,False,False,0.0081
yelp,ooa,8,66,False,0.4597,0.22,0.41,0.19,5.3633,False,False,0.4017
yelp,ooa,8,45,False,0.0453,0.72,0.91,0.19,8.0815,False,False,1.5152
yelp,ooa,8,16,False,0.0091,0.07,0.12,0.19,9.9393,False,False,0.8342
yelp,ooa,8,44,False,0.0,0.19,0.0,0.19,9.2467,False,False,0.4085
yelp,ooa,8,64,False,0.0,0.19,0.0,0.19,6.9669,False,False,0.1137
yelp,ooa,8,8,False,0.0,0.19,0.0,0.19,6.8727,False,False,0.0232
yelp,ooa,8,36,False,0.0,0.19,0.0,0.19,3.6658,False,False,0.8222
yelp,ooa,8,18,False,0.3743,0.282,0.472,0.19,8.6043,False,False,0.4809
yelp,ooa,8,58,False,0.6031,0.082,0.108,0.19,8.0681,False,False,0.2657
yelp,ooa,8,55,False,0.3294,0.278,0.468,0.19,7.0193,False,False,0.1724
yelp,ooa,8,46,False,0.0,0.19,0.0,0.19,6.6578,False,False,0.064
yelp,ooa,8,23,False,0.0,0.81,1.0,0.19,8.6531,False,False,1.5808
yelp,ooa,8,34,False,0.0,0.19,0.0,0.19,18.1575,False,True,2.7596
yelp,ooa,8,72,False,0.2236,0.106,0.296,0.19,7.5791,False,False,0.3435
yelp,ooa,8,96,True,0.0,0.19,0.0,0.19,6.7725,False,False,0.0033
yelp,ooa,8,81,True,0.0,0.81,1.0,0.19,8.9225,False,False,1.5261
yelp,ooa,8,93,True,0.0,0.19,0.0,0.19,6.6541,False,False,0.063
yelp,ooa,8,95,True,0.3222,0.13,0.06,0.19,12.7137,False,False,1.517
yelp,ooa,9,72,False,0.5213,0.07,0.256,0.186,8.4217,False,False,0.825
yelp,ooa,9,77,False,0.1842,0.482,0.668,0.186,9.0917,False,False,1.0722
yelp,ooa,9,15,False,0.824,0.048,0.138,0.186,4.5464,False,False,0.3282
yelp,ooa,9,0,False,0.0,0.186,0.0,0.186,5.2426,False,False,0.0149
yelp,ooa,9,12,False,0.4311,0.212,0.398,0.186,6.5092,False,False,0.4893
yelp,ooa,9,64,False,0.0,0.186,0.0,0.186,6.9085,False,False,0.436
yelp,ooa,9,29,False,0.0,0.186,0.0,0.186,5.5964,False,False,0.2557
yelp,ooa,9,26,False,0.0421,0.728,0.914,0.186,8.3847,False,False,1.7989
yelp,ooa,9,31,False,0.0,0.186,0.0,0.186,5.5368,False,False,0.2433
yelp,ooa,9,63,False,0.7737,0.06,0.126,0.186,8.0149,False,False,0.5339
yelp,ooa,9,79,False,0.2841,0.372,0.558,0.186,8.5204,False,False,0.8117
yelp,ooa,9,4,False,0.0,0.186,0.0,0.186,15.038,False,True,2.7507
yelp,ooa,9,61,False,0.8198,0.048,0.234,0.186,4.9852,False,False,1.1826
yelp,ooa,9,51,False,0.0,0.186,0.0,0.186,5.3161,False,False,0.1061
yelp,ooa,9,44,False,0.0,0.186,0.0,0.186,9.9362,False,False,1.0657
yelp,ooa,9,75,False,0.0,0.186,0.0,0.186,5.4791,False,False,0.2123
yelp,ooa,9,83,True,0.0,0.186,0.0,0.186,5.5413,False,False,0.229
yelp,ooa,9,99,True,0.5116,0.196,0.382,0.186,7.627,False,False,0.437
yelp,ooa,9,97,True,0.0845,0.624,0.81,0.186,8.0278,False,False,1.6904
yelp,ooa,9,93,True,0.0,0.186,0.0,0.186,5.7293,False,False,0.2639
yelp,ooa,10,8,False,0.0,0.146,0.0,0.146,6.61,False,False,0.0009
yelp,ooa,10,2,False,0.0,0.854,1.0,0.146,10.5803,False,False,1.1703
yelp,ooa,10,4,False,0.0,0.146,0.0,0.146,16.2996,False,True,2.6036
yelp,ooa,10,64,False,0.0,0.146,0.0,0.146,8.5571,False,False,0.4403
yelp,ooa,10,27,False,0.3765,0.264,0.41,0.146,6.8129,False,False,0.0618
yelp,ooa,10,47,False,0.1997,0.322,0.468,0.146,6.0112,False,False,0.1828
yelp,ooa,10,73,False,0.0,0.146,0.0,0.146,8.8192,False,False,0.6383
yelp,ooa,10,56,False,0.3065,0.324,0.47,0.146,6.6726,False,False,0.4868
yelp,ooa,10,68,False,0.2664,0.364,0.51,0.146,5.5362,False,False,1.1259
yelp,ooa,10,38,False,0.3307,0.302,0.448,0.146,6.1018,False,False,0.2579
yelp,ooa,10,49,False,0.2839,0.346,0.492,0.146,7.2753,False,False,0.0313
yelp,ooa,10,3,False,0.0,0.146,0.0,0.146,7.5266,False,False,0.0378
yelp,ooa,10,19,False,0.3949,0.25,0.396,0.146,5.349,False,False,1.6218
yelp,ooa,10,52,False,0.0,0.146,0.0,0.146,4.8246,False,False,0.9543
yelp,ooa,10,41,False,0.3976,0.248,0.394,0.146,5.9241,False,False,0.2878
yelp,ooa,10,50,False,0.0,0.146,0.0,0.146,6.4766,False,False,0.0212
yelp,ooa,10,95,False,0.049,0.028,0.174,0.146,15.1398,False,True,2.4052
yelp,ooa,10,90,False,0.0,0.146,0.0,0.146,6.0466,False,False,0.2419
yelp,ooa,10,82,False,0.4066,0.2,0.346,0.146,8.0602,False,False,0.4057
yelp,ooa,10,88,False,0.0,0.146,0.0,0.146,6.1847,False,False,0.0863
yelp,ooa,11,20,False,0.4196,0.228,0.356,0.128,5.529,False,False,0.7981
yelp,ooa,11,49,False,0.1952,0.388,0.516,0.128,7.5698,False,False,0.7709
yelp,ooa,11,30,False,0.2582,0.316,0.444,0.128,8.4113,False,False,0.33
yelp,ooa,11,17,False,0.3114,0.266,0.394,0.128,6.0624,False,False,0.8155
yelp,ooa,11,73,False,0.0,0.128,0.0,0.128,8.4685,False,False,0.6076
yelp,ooa,11,43,False,0.2449,0.266,0.394,0.128,6.5957,False,False,0.1799
yelp,ooa,11,0,False,0.0,0.128,0.0,0.128,6.7964,False,False,0.7585
yelp,ooa,11,7,False,0.5977,0.014,0.142,0.128,11.3027,False,True,2.2647
yelp,ooa,11,53,False,0.4689,0.196,0.324,0.128,5.4213,False,False,1.2148
yelp,ooa,11,10,False,0.2742,0.3,0.428,0.128,8.1438,False,False,0.8584
yelp,ooa,11,54,False,0.0,0.128,0.0,0.128,7.195,False,False,0.3454
yelp,ooa,11,46,False,0.0,0.128,0.0,0.128,7.0725,False,False,0.389
yelp,ooa,11,41,False,0.4497,0.208,0.336,0.128,5.0127,False,False,0.926
yelp,ooa,11,4,False,0.0,0.128,0.0,0.128,10.7194,False,False,1.8982
yelp,ooa,11,76,False,0.3371,0.292,0.42,0.128,7.2406,False,False,0.0816
yelp,ooa,11,65,False,0.0,0.128,0.0,0.128,7.074,False,False,0.3841
yelp,ooa,11,96,False,0.5434,0.118,0.246,0.128,9.4891,False,False,1.3654
yelp,ooa,11,84,False,0.0,0.128,0.0,0.128,4.9904,False,False,1.3027
yelp,ooa,11,92,False,0.3512,0.28,0.408,0.128,7.4927,False,False,0.4789
yelp,ooa,12,45,False,0.0224,0.806,0.916,0.11,8.9487,False,True,2.2583
yelp,ooa,12,72,False,0.251,0.218,0.328,0.11,7.9605,False,False,0.4612
yelp,ooa,12,47,False,0.2424,0.304,0.414,0.11,8.0332,False,False,0.0146
yelp,ooa,12,53,False,0.4444,0.192,0.302,0.11,6.7011,False,False,0.5734
yelp,ooa,12,40,False,0.0,0.11,0.0,0.11,5.0542,False,False,0.3541
yelp,ooa,12,29,False,0.0,0.11,0.0,0.11,5.4993,False,False,0.1061
yelp,ooa,12,70,False,0.0,0.11,0.0,0.11,5.3628,False,False,0.1121
yelp,ooa,12,37,False,0.0,0.11,0.0,0.11,11.3458,False,False,1.4294
yelp,ooa,12,10,False,0.2588,0.344,0.454,0.11,9.2515,False,False,0.9027
yelp,ooa,12,28,False,0.0,0.11,0.0,0.11,5.3997,False,False,0.3733
yelp,ooa,12,0,False,0.0,0.11,0.0,0.11,5.0662,False,False,0.3863
yelp,ooa,12,66,False,0.2916,0.31,0.42,0.11,6.0848,False,False,0.5651
yelp,ooa,12,22,False,0.0,0.11,0.0,0.11,4.2124,False,False,1.3135
yelp,ooa,12,63,False,0.3333,0.222,0.332,0.11,8.47,False,False,0.4241
yelp,ooa,12,46,False,0.0,0.11,0.0,0.11,5.3325,False,False,0.1203
yelp,ooa,12,75,False,0.0,0.11,0.0,0.11,5.2231,False,False,0.1422
yelp,ooa,12,93,False,0.0,0.11,0.0,0.11,5.26,False,False,0.1436
yelp,ooa,12,91,False,0.0,0.11,0.0,0.11,14.5846,False,True,2.8389
yelp,ooa,12,94,False,0.315,0.288,0.398,0.11,6.1249,False,False,0.3824
yelp,ooa,12,86,False,0.2093,0.404,0.514,0.11,9.7662,False,False,0.7598
yelp,ooa,13,6,False,-0.0067,0.134,0.206,0.072,9.1801,False,False,1.1255
yelp,ooa,13,17,False,0.1907,0.352,0.424,0.072,5.6412,False,False,0.4212
yelp,ooa,13,69,False,0.1921,0.35,0.422,0.072,8.4586,False,False,0.7426
yelp,ooa,13,66,False,0.2264,0.306,0.378,0.072,5.7658,False,False,0.4578
yelp,ooa,13,15,False,0.4021,0.008,0.08,0.072,3.7235,False,False,0.6697
yelp,ooa,13,9,False,0.0,0.072,0.0,0.072,6.5108,False,False,0.0175
yelp,ooa,13,60,False,0.0558,0.658,0.73,0.072,7.3929,False,True,2.2051
yelp,ooa,13,36,False,0.2081,0.044,0.028,0.072,4.1016,False,False,1.0706
yelp,ooa,13,4,False,0.0,0.072,0.0,0.072,14.7744,False,True,2.979
yelp,ooa,13,5,False,0.1621,0.396,0.468,0.072,6.8826,False,False,0.7084
yelp,ooa,13,59,False,0.0,0.072,0.0,0.072,6.5064,False,False,0.0264
yelp,ooa,13,47,False,0.1771,0.372,0.444,0.072,6.7698,False,False,0.0244
yelp,ooa,13,20,False,0.2336,0.228,0.3,0.072,6.1151,False,False,0.1505
yelp,ooa,13,25,False,0.368,0.184,0.256,0.072,4.8229,False,False,0.5454
yelp,ooa,13,64,False,-0.0179,0.062,0.01,0.072,8.1726,False,False,0.5913
yelp,ooa,13,11,False,0.0,0.072,0.0,0.072,6.1697,False,False,0.1503
yelp,ooa,13,98,False,0.1682,0.386,0.458,0.072,8.2931,False,False,0.6579
yelp,ooa,13,82,False,0.4967,0.076,0.148,0.072,7.7457,False,False,0.7095
yelp,ooa,13,88,False,0.0,0.072,0.0,0.072,6.7264,False,False,0.1172
yelp,ooa,13,92,False,0.0,0.072,0.0,0.072,4.5646,False,False,0.5636
yelp,ooa,14,4,False,0.0,0.048,0.0,0.048,13.6435,False,False,1.7375
yelp,ooa,14,61,False,0.3221,0.16,0.208,0.048,4.9298,False,False,0.8237
yelp,ooa,14,71,False,0.1013,0.438,0.486,0.048,7.0596,False,False,0.144
yelp,ooa,14,48,False,0.1827,0.286,0.334,0.048,5.5034,False,False,0.2053
yelp,ooa,14,56,False,0.1606,0.318,0.366,0.048,6.5957,False,False,0.177
yelp,ooa,14,59,False,0.0,0.048,0.0,0.048,6.6992,False,False,0.1582
yelp,ooa,14,39,False,0.1292,0.374,0.422,0.048,5.3068,False,False,0.5405
yelp,ooa,14,7,False,0.0,0.048,0.0,0.048,11.0626,False,False,1.1357
yelp,ooa,14,75,False,0.0,0.048,0.0,0.048,6.5182,False,False,0.122
yelp,ooa,14,26,False,0.0116,0.848,0.896,0.048,7.2716,False,False,1.3493
yelp,ooa,14,40,False,0.0,0.048,0.0,0.048,6.1202,False,False,0.0475
yelp,ooa,14,23,False,0.0,0.952,1.0,0.048,7.7954,False,False,1.3503
yelp,ooa,14,6,False,0.0269,0.174,0.222,0.048,8.649,False,False,0.6663
yelp,ooa,14,50,False,0.0,0.048,0.0,0.048,6.5949,False,False,0.1357
yelp,ooa,14,35,False,0.2533,0.21,0.258,0.048,8.8696,False,False,0.6993
yelp,ooa,14,65,False,0.0284,0.73,0.778,0.048,6.85,False,False,1.2641
yelp,ooa,14,97,False,0.0,0.952,1.0,0.048,8.0561,False,False,1.2891
yelp,ooa,14,81,False,0.0,0.048,0.0,0.048,15.8181,False,True,2.3891
yelp,ooa,14,91,False,0.0,0.048,0.0,0.048,6.6645,False,False,0.1468
yelp,ooa,15,73,False,0.0,0.04,0.0,0.04,10.6224,False,False,0.5998
yelp,ooa,15,62,False,0.1025,0.166,0.206,0.04,5.4224,False,False,0.3359
yelp,ooa,15,17,False,0.1097,0.378,0.418,0.04,5.8887,False,False,0.2747
yelp,ooa,15,51,False,0.0,0.04,0.0,0.04,6.6751,False,False,0.3149
yelp,ooa,15,68,False,0.0735,0.482,0.522,0.04,6.0129,False,False,0.9765
yelp,ooa,15,47,False,0.1031,0.394,0.434,0.04,6.7001,False,False,0.3193
yelp,ooa,15,41,False,0.1586,0.286,0.326,0.04,5.7235,False,False,0.44
yelp,ooa,15,8,False,0.0,0.04,0.0,0.04,7.0882,False,False,0.2136
yelp,ooa,15,53,False,0.1484,0.302,0.342,0.04,5.8414,False,False,0.595
yelp,ooa,15,57,False,0.1712,0.268,0.308,0.04,5.2442,False,False,0.263
yelp,ooa,15,3,False,0.0,0.04,0.0,0.04,9.1152,False,False,0.1325
yelp,ooa,15,71,False,0.0696,0.496,0.536,0.04,7.8164,False,False,0.4314
yelp,ooa,15,7,False,0.3155,0.142,0.182,0.04,13.9072,False,False,1.3487
yelp,ooa,15,43,False,0.1195,0.356,0.396,0.04,6.7439,False,False,0.0797
yelp,ooa,15,34,False,0.0,0.04,0.0,0.04,20.3918,False,True,2.7161
yelp,ooa,15,36,False,0.0,0.04,0.0,0.04,3.9448,False,False,0.8766
yelp,ooa,15,80,True,0.2101,0.222,0.262,0.04,5.9543,False,False,0.2907
yelp,ooa,15,97,True,0.0235,0.738,0.778,0.04,7.454,False,False,1.4462
yelp,ooa,15,95,True,0.2007,0.232,0.272,0.04,18.0208,False,True,2.2875
yelp,ooa,15,83,True,0.0,0.04,0.0,0.04,6.8969,False,False,0.2271
yelp,ooa,16,20,False,0.1233,0.348,0.388,0.04,5.2133,False,False,0.3691
yelp,ooa,16,56,False,0.1176,0.36,0.4,0.04,7.2282,False,False,0.5627
yelp,ooa,16,36,False,-0.0188,0.028,0.012,0.04,4.4901,False,False,1.1555
yelp,ooa,16,55,False,0.1167,0.362,0.402,0.04,7.3583,False,False,0.3012
yelp,ooa,16,16,False,0.1314,0.332,0.372,0.04,11.2934,False,False,1.8741
yelp,ooa,16,28,False,0.0,0.04,0.0,0.04,6.2571,False,False,0.1761
yelp,ooa,16,31,False,0.0,0.04,0.0,0.04,7.1394,False,False,0.0963
yelp,ooa,16,10,False,0.0877,0.436,0.476,0.04,8.0379,False,False,0.4584
yelp,ooa,16,15,False,0.413,0.098,0.138,0.04,4.5223,False,False,0.8696
yelp,ooa,16,41,False,0.1953,0.238,0.278,0.04,5.7591,False,False,0.4525
yelp,ooa,16,75,False,0.0,0.04,0.0,0.04,7.1243,False,False,0.133
yelp,ooa,16,54,False,0.0,0.04,0.0,0.04,7.1594,False,False,0.111
yelp,ooa,16,6,False,0.0619,0.234,0.274,0.04,8.9232,False,False,0.9567
yelp,ooa,16,58,False,0.0,0.04,0.0,0.04,9.1137,False,False,0.9559
yelp,ooa,16,17,False,0.114,0.368,0.408,0.04,5.6559,False,False,0.672
yelp,ooa,16,7,False,0.0,0.04,0.0,0.04,12.9364,False,True,2.2983
yelp,ooa,16,97,True,0.0238,0.736,0.776,0.04,7.5328,False,True,2.2683
yelp,ooa,16,92,True,0.0,0.04,0.0,0.04,4.8399,False,False,0.6518
yelp,ooa,16,98,True,0.0864,0.44,0.48,0.04,7.7287,False,False,0.2736
yelp,ooa,16,82,True,0.3902,0.03,0.01,0.04,7.5906,False,False,0.3997
yelp,ooa,17,27,False,0.0815,0.36,0.386,0.026,6.3396,False,False,0.3021
yelp,ooa,17,36,False,0.0,0.026,0.0,0.026,3.7409,False,False,1.3864
yelp,ooa,17,43,False,0.0673,0.408,0.434,0.026,6.5349,False,False,0.2034
yelp,ooa,17,38,False,0.0584,0.444,0.47,0.026,6.2748,False,False,0.3212
yelp,ooa,17,52,False,0.0,0.026,0.0,0.026,5.103,False,False,1.2799
yelp,ooa,17,18,False,0.0722,0.39,0.416,0.026,7.7922,False,False,0.6812
yelp,ooa,17,46,False,0.0,0.026,0.0,0.026,6.9714,False,False,0.0557
yelp,ooa,17,16,False,-0.0488,0.194,0.22,0.026,11.0154,False,True,2.0167
yelp,ooa,17,24,False,-0.0459,0.114,0.14,0.026,7.0762,False,False,0.3091
yelp,ooa,17,58,False,0.0,0.026,0.0,0.026,7.9805,False,False,0.5873
yelp,ooa,17,73,False,-0.0406,0.052,0.078,0.026,9.0914,False,False,1.043
yelp,ooa,17,65,False,0.0504,0.482,0.508,0.026,6.7147,False,False,0.6271
yelp,ooa,17,1,False,0.0711,0.394,0.42,0.026,5.6023,False,True,2.195
yelp,ooa,17,19,False,0.0953,0.322,0.348,0.026,7.4606,False,False,0.7154
yelp,ooa,17,30,False,0.2335,0.142,0.168,0.026,4.3982,False,False,0.7816
yelp,ooa,17,15,True,0.0,0.026,0.0,0.026,6.3447,False,False,0.2961
yelp,ooa,17,89,True,0.1805,0.186,0.212,0.026,10.084,False,False,1.6425
yelp,ooa,17,84,True,0.1074,0.294,0.32,0.026,6.3137,False,False,0.1328
yelp,ooa,17,94,True,0.0,0.026,0.0,0.026,6.7897,False,False,0.068
yelp,ooa,18,13,False,0.0589,0.442,0.468,0.026,5.8722,False,False,0.3477
yelp,ooa,18,48,False,0.1385,0.238,0.264,0.026,5.4768,False,False,0.149
yelp,ooa,18,64,False,-0.0364,0.028,0.054,0.026,6.581,False,False,0.2829
yelp,ooa,18,12,False,0.0567,0.452,0.478,0.026,6.7348,False,False,0.6822
yelp,ooa,18,52,False,0.0,0.026,0.0,0.026,5.0908,False,False,1.1181
yelp,ooa,18,3,False,0.0,0.026,0.0,0.026,8.6482,False,False,0.7566
yelp,ooa,18,74,False,0.0994,0.312,0.338,0.026,6.93,False,False,0.6074
yelp,ooa,18,23,False,0.0,0.974,1.0,0.026,8.178,False,True,2.4314
yelp,ooa,18,28,False,-0.0311,0.01,0.036,0.026,5.3285,False,False,0.1748
yelp,ooa,18,71,False,0.0459,0.506,0.532,0.026,7.5856,False,False,0.2193
yelp,ooa,18,69,False,0.0862,0.346,0.372,0.026,8.2613,False,False,0.8544
yelp,ooa,18,0,False,0.0,0.026,0.0,0.026,6.3216,False,False,0.1368
yelp,ooa,18,46,False,0.0,0.026,0.0,0.026,6.7272,False,False,0.1518
yelp,ooa,18,67,False,0.2628,0.124,0.15,0.026,6.5343,False,False,0.2329
yelp,ooa,18,56,False,0.0722,0.39,0.416,0.026,6.6983,False,False,0.4554
yelp,ooa,18,4,False,0.0,0.026,0.0,0.026,13.6844,False,True,3.1043
yelp,ooa,18,85,True,0.0,0.026,0.0,0.026,6.67,False,False,0.1563
yelp,ooa,18,80,True,0.1297,0.252,0.278,0.026,5.3436,False,False,0.2566
yelp,ooa,18,99,True,0.0835,0.354,0.38,0.026,7.5443,False,False,0.3333
yelp,ooa,18,92,True,0.0,0.026,0.0,0.026,4.5311,False,False,0.5085
yelp,ooa,19,14,False,0.0,0.02,0.0,0.02,7.0264,False,False,0.3022
yelp,ooa,19,77,False,0.0165,0.69,0.71,0.02,8.7593,False,True,2.0701
yelp,ooa,19,31,False,0.0,0.02,0.0,0.02,6.9701,False,False,0.2562
yelp,ooa,19,1,False,0.045,0.45,0.47,0.02,7.026,False,False,0.9253
yelp,ooa,19,33,False,0.0988,0.262,0.282,0.02,4.8255,False,False,0.7422
yelp,ooa,19,50,False,0.0,0.02,0.0,0.02,7.0829,False,False,0.2326
yelp,ooa,19,62,False,-0.037,0.146,0.166,0.02,5.8263,False,False,0.7191
yelp,ooa,19,35,False,-0.0323,0.052,0.072,0.02,8.3061,False,False,1.0627
yelp,ooa,19,76,False,0.0589,0.382,0.402,0.02,7.2844,False,False,0.318
yelp,ooa,19,24,False,-0.037,0.146,0.166,0.02,6.7146,False,False,0.0964
yelp,ooa,19,58,False,0.0,0.02,0.0,0.02,6.8334,False,False,0.2668
yelp,ooa,19,6,False,-0.0386,0.244,0.264,0.02,8.5875,False,False,1.0121
yelp,ooa,19,37,False,0.0,0.02,0.0,0.02,9.0625,False,False,1.1514
yelp,ooa,19,39,False,0.0406,0.476,0.496,0.02,5.9967,False,False,1.5404
yelp,ooa,19,25,False,0.0893,0.284,0.304,0.02,5.2184,False,False,0.9196
yelp,ooa,19,29,False,0.0,0.02,0.0,0.02,7.1063,False,False,0.2719
yelp,ooa,19,86,True,0.0514,0.416,0.436,0.02,10.261,False,False,1.5422
yelp,ooa,19,98,True,0.0712,0.336,0.356,0.02,7.7335,False,False,0.6952
yelp,ooa,19,96,True,0.0,0.02,0.0,0.02,7.2633,False,False,0.1028
yelp,ooa,19,84,True,-0.0335,0.066,0.086,0.02,10.3546,False,False,1.9375
yelp,ooa,20,78,False,0.0,0.282,0.282,0.0,8.9827,False,False,0.7922
yelp,ooa,20,31,False,1.0,0.0,0.0,0.0,6.3968,False,False,0.0673
yelp,ooa,20,59,False,1.0,0.0,0.0,0.0,6.4962,False,False,0.0758
yelp,ooa,20,74,False,0.0,0.258,0.258,0.0,7.3053,False,False,0.4518
yelp,ooa,20,28,False,1.0,0.0,0.0,0.0,5.785,False,False,0.0386
yelp,ooa,20,49,False,0.0,0.51,0.51,0.0,8.2955,False,False,0.2144
yelp,ooa,20,6,False,0.0,0.246,0.246,0.0,9.5586,False,False,1.231
yelp,ooa,20,70,False,1.0,0.0,0.0,0.0,6.5539,False,False,0.0687
yelp,ooa,20,44,False,1.0,0.0,0.0,0.0,11.4033,False,False,1.6704
yelp,ooa,20,43,False,0.0,0.392,0.392,0.0,6.3518,False,False,0.0079
yelp,ooa,20,60,False,0.0,0.698,0.698,0.0,6.8568,False,False,1.9926
yelp,ooa,20,22,False,1.0,0.0,0.0,0.0,4.7422,False,False,1.1064
yelp,ooa,20,26,False,0.0,0.876,0.876,0.0,7.7206,False,True,2.1009
yelp,ooa,20,36,False,1.0,0.0,0.0,0.0,3.9375,False,False,0.9396
yelp,ooa,20,25,False,0.0,0.256,0.256,0.0,4.5056,False,False,0.4255
yelp,ooa,20,63,False,0.0,0.15,0.15,0.0,7.2625,False,False,0.2353
yelp,ooa,20,88,False,1.0,0.0,0.0,0.0,6.4958,False,False,0.067
yelp,ooa,20,91,False,1.0,0.0,0.0,0.0,11.7888,False,False,1.9836
yelp,ooa,20,83,False,1.0,0.0,0.0,0.0,6.4274,False,False,0.0911
yelp,ooa,20,94,False,0.0,0.386,0.386,0.0,6.3373,False,False,0.3529
yelp,ooa,21,23,False,0.0,1.0,1.0,0.0,8.5714,False,True,2.7331
yelp,ooa,21,29,False,1.0,0.0,0.0,0.0,5.4165,False,False,0.4188
yelp,ooa,21,50,False,1.0,0.0,0.0,0.0,5.4532,False,False,0.5181
yelp,ooa,21,51,False,1.0,0.0,0.0,0.0,5.3593,False,False,0.2189
yelp,ooa,21,43,False,0.0,0.414,0.414,0.0,7.3301,False,False,0.6534
yelp,ooa,21,33,False,0.0,0.306,0.306,0.0,6.2499,False,False,0.0013
yelp,ooa,21,36,False,0.0,0.114,0.114,0.0,3.7333,False,False,1.1121
yelp,ooa,21,47,False,0.0,0.494,0.494,0.0,7.2247,False,False,0.1092
yelp,ooa,21,57,False,0.0,0.336,0.336,0.0,6.1471,False,False,0.2587
yelp,ooa,21,65,False,1.0,0.0,0.0,0.0,5.5219,False,False,0.4507
yelp,ooa,21,31,False,0.0,0.688,0.688,0.0,7.0579,False,True,2.5727
yelp,ooa,21,60,False,1.0,0.0,0.0,0.0,6.3074,False,False,0.3046
yelp,ooa,21,28,False,1.0,0.0,0.0,0.0,7.9566,False,False,0.9054
yelp,ooa,21,64,False,0.0,0.468,0.468,0.0,7.9623,False,False,0.3838
yelp,ooa,21,42,False,0.0,0.408,0.408,0.0,7.1244,False,False,0.3132
yelp,ooa,21,27,False,1.0,0.0,0.0,0.0,5.1911,False,False,0.1299
yelp,ooa,21,90,False,0.0,0.448,0.448,0.0,8.3271,False,False,1.0103
yelp,ooa,21,98,False,1.0,0.0,0.0,0.0,5.3487,False,False,0.3477
yelp,ooa,21,88,False,1.0,0.0,0.0,0.0,5.4661,False,False,0.3966
yelp,ooa,22,17,False,0.0,0.416,0.416,0.0,5.9073,False,False,0.4018
yelp,ooa,22,47,False,0.0,0.492,0.492,0.0,7.0825,False,False,0.7541
yelp,ooa,22,24,False,0.0,0.144,0.144,0.0,8.2054,False,False,1.2527
yelp,ooa,22,62,False,0.0,0.278,0.278,0.0,5.8961,False,False,0.399
yelp,ooa,22,46,False,1.0,0.0,0.0,0.0,6.8608,False,False,0.5077
yelp,ooa,22,52,False,1.0,0.0,0.0,0.0,5.1319,False,False,0.905
yelp,ooa,22,33,False,0.0,0.29,0.29,0.0,5.9988,False,False,0.181
yelp,ooa,22,58,False,0.0,0.016,0.016,0.0,8.4819,False,False,1.4271
yelp,ooa,22,3,False,1.0,0.0,0.0,0.0,7.8631,False,False,0.7333
yelp,ooa,22,5,False,0.0,0.536,0.536,0.0,6.3383,False,False,0.2328
yelp,ooa,22,70,False,1.0,0.0,0.0,0.0,7.0779,False,False,0.6164
yelp,ooa,22,2,False,0.0,1.0,1.0,0.0,9.3589,False,False,1.1294
yelp,ooa,22,22,False,1.0,0.0,0.0,0.0,4.9891,False,False,1.0481
yelp,ooa,22,19,False,0.0,0.41,0.41,0.0,4.8523,False,False,1.9185
yelp,ooa,22,23,False,0.0,1.0,1.0,0.0,7.3272,False,True,2.3887
yelp,ooa,22,28,False,1.0,0.0,0.0,0.0,6.3391,False,False,0.4284
yelp,ooa,22,87,False,0.0,0.532,0.532,0.0,5.8551,False,False,0.6385
yelp,ooa,22,85,False,1.0,0.0,0.0,0.0,6.9223,False,False,0.5722
yelp,ooa,22,99,False,0.0,0.384,0.384,0.0,7.2633,False,False,0.8521
yelp,ooa,22,94,False,0.0,0.408,0.408,0.0,5.5009,False,False,0.1351
yelp,ooa,23,69,False,0.0,0.348,0.348,0.0,7.3695,False,False,0.8101
yelp,ooa,23,64,False,1.0,0.0,0.0,0.0,8.7459,False,False,1.0991
yelp,ooa,23,78,False,0.0,0.26,0.26,0.0,8.2689,False,False,1.3154
yelp,ooa,23,79,False,0.0,0.548,0.548,0.0,7.4205,False,False,1.3826
yelp,ooa,23,70,False,1.0,0.0,0.0,0.0,7.3182,False,False,0.0005
yelp,ooa,23,57,False,0.0,0.31,0.31,0.0,5.4293,False,False,0.3494
yelp,ooa,23,14,False,1.0,0.0,0.0,0.0,7.2839,False,False,0.0216
yelp,ooa,23,47,False,0.0,0.51,0.51,0.0,7.1332,False,False,0.1964
yelp,ooa,23,50,False,1.0,0.0,0.0,0.0,7.5713,False,False,0.1119
yelp,ooa,23,73,False,0.0,0.064,0.064,0.0,8.3164,False,False,1.0641
yelp,ooa,23,43,False,0.0,0.442,0.442,0.0,6.7585,False,False,0.3753
yelp,ooa,23,67,False,0.0,0.248,0.248,0.0,7.4402,False,False,0.3663
yelp,ooa,23,49,False,0.0,0.504,0.504,0.0,6.8963,False,False,0.1686
yelp,ooa,23,59,False,1.0,0.0,0.0,0.0,7.4143,False,False,0.0746
yelp,ooa,23,39,False,0.0,0.378,0.378,0.0,5.0877,False,False,1.129
yelp,ooa,23,17,False,0.0,0.406,0.406,0.0,5.4848,False,False,0.5627
yelp,ooa,23,98,False,0.0,0.432,0.432,0.0,7.8916,False,False,1.0936
yelp,ooa,23,99,False,0.0,0.412,0.412,0.0,7.2113,False,False,0.3315
yelp,ooa,23,97,False,0.0,0.748,0.748,0.0,6.6791,False,True,3.1222
yelp,ooa,23,94,False,0.0,0.392,0.392,0.0,5.7053,False,False,0.4829
yelp,ooa,24,45,False,0.0,0.876,0.876,0.0,6.9151,False,False,1.7298
yelp,ooa,24,66,False,0.0,0.304,0.304,0.0,6.0277,False,False,0.2965
yelp,ooa,24,15,False,0.0,0.126,0.126,0.0,4.7801,False,False,0.4823
yelp,ooa,24,78,False,0.0,0.026,0.026,0.0,8.596,False,False,0.6906
yelp,ooa,24,41,False,0.0,0.364,0.364,0.0,5.584,False,False,0.3364
yelp,ooa,24,69,False,0.0,0.33,0.33,0.0,8.156,False,False,0.64
yelp,ooa,24,33,False,0.0,0.292,0.292,0.0,6.0931,False,False,0.1845
yelp,ooa,24,49,False,0.0,0.482,0.482,0.0,7.0831,False,False,0.0203
yelp,ooa,24,26,False,0.0,0.858,0.858,0.0,6.6017,False,False,1.8729
yelp,ooa,24,71,False,0.0,0.524,0.524,0.0,6.9103,False,False,0.2134
yelp,ooa,24,3,False,1.0,0.0,0.0,0.0,11.0634,False,False,0.9437
yelp,ooa,24,79,False,0.0,0.508,0.508,0.0,6.8904,False,False,0.8062
yelp,ooa,24,72,False,0.0,0.248,0.248,0.0,10.0588,False,False,1.0775
yelp,ooa,24,8,False,1.0,0.0,0.0,0.0,7.6261,False,False,0.0046
yelp,ooa,24,36,False,0.0,0.224,0.224,0.0,4.3739,False,False,1.0895
yelp,ooa,24,70,False,1.0,0.0,0.0,0.0,7.5389,False,False,0.0498
yelp,ooa,24,93,False,1.0,0.0,0.0,0.0,7.6078,False,False,0.0076
yelp,ooa,24,80,False,0.0,0.338,0.338,0.0,6.4192,False,False,0.1613
yelp,ooa,24,84,False,0.0,0.29,0.29,0.0,10.4964,False,False,1.3305
yelp,ooa,24,95,False,0.0,0.05,0.05,0.0,14.3105,False,True,2.5323
yelp,ooa,25,0,False,1.0,0.0,0.0,0.0,5.4542,False,False,0.2522
yelp,ooa,25,20,False,0.0,0.4,0.4,0.0,5.844,False,False,0.3582
yelp,ooa,25,21,False,1.0,0.0,0.0,0.0,5.6057,False,False,0.2083
yelp,ooa,25,65,False,1.0,0.0,0.0,0.0,21.3187,False,True,3.6319
yelp,ooa,25,4,False,0.0,0.474,0.474,0.0,9.5186,False,False,0.6333
yelp,ooa,25,10,False,1.0,0.0,0.0,0.0,5.6067,False,False,0.2163
yelp,ooa,25,11,False,1.0,0.0,0.0,0.0,5.8427,False,False,0.1065
yelp,ooa,25,29,False,0.0,0.424,0.424,0.0,6.5248,False,False,0.2989
yelp,ooa,25,38,False,0.0,0.414,0.414,0.0,6.8145,False,False,0.3766
yelp,ooa,25,56,False,0.0,0.436,0.436,0.0,5.7419,False,False,0.4741
yelp,ooa,25,17,False,0.0,1.0,1.0,0.0,10.0507,False,False,0.9486
yelp,ooa,25,2,False,0.0,0.182,0.182,0.0,4.9945,False,False,0.6183
yelp,ooa,25,15,False,0.0,0.714,0.714,0.0,8.4652,False,False,0.9927
yelp,ooa,25,77,False,1.0,0.0,0.0,0.0,13.2735,False,False,1.2654
yelp,ooa,25,44,False,1.0,0.0,0.0,0.0,5.5253,False,False,0.2714
yelp,ooa,25,40,True,0.0,0.512,0.512,0.0,9.1803,False,False,0.531
yelp,ooa,25,86,True,1.0,0.0,0.0,0.0,5.9982,False,False,0.0792
yelp,ooa,25,83,True,1.0,0.0,0.0,0.0,5.4005,False,False,0.2596
yelp,ooa,25,89,True,0.0,0.51,0.51,0.0,6.135,False,False,0.6008
yelp,ooa,26,40,False,1.0,0.0,0.0,0.0,6.6019,False,False,0.2429
yelp,ooa,26,25,False,0.0,0.268,0.268,0.0,4.4604,False,False,0.4738
yelp,ooa,26,76,False,0.0,0.436,0.436,0.0,7.3762,False,False,0.329
yelp,ooa,26,6,False,0.0,0.222,0.222,0.0,9.0178,False,False,0.6982
yelp,ooa,26,77,False,0.0,0.692,0.692,0.0,7.7804,False,False,1.0549
yelp,ooa,26,42,False,0.0,0.492,0.492,0.0,7.0541,False,False,0.1339
yelp,ooa,26,67,False,0.0,0.276,0.276,0.0,7.0462,False,False,0.17
yelp,ooa,26,5,False,0.0,0.434,0.434,0.0,6.2782,False,False,0.5051
yelp,ooa,26,22,False,1.0,0.0,0.0,0.0,5.3298,False,False,0.9296
yelp,ooa,26,34,False,1.0,0.0,0.0,0.0,19.0359,False,True,3.5683
yelp,ooa,26,33,False,0.0,0.29,0.29,0.0,5.4499,False,False,0.2528
yelp,ooa,26,3,False,1.0,0.0,0.0,0.0,9.865,False,False,0.7062
yelp,ooa,26,78,False,0.0,0.294,0.294,0.0,7.7506,False,False,0.4286
yelp,ooa,26,50,False,1.0,0.0,0.0,0.0,6.9598,False,False,0.0751
yelp,ooa,26,18,False,0.0,0.466,0.466,0.0,8.2735,False,False,0.5327
yelp,ooa,26,17,False,0.0,0.452,0.452,0.0,5.9168,False,False,0.3373
yelp,ooa,26,90,True,1.0,0.0,0.0,0.0,6.5925,False,False,0.2257
yelp,ooa,26,87,True,0.0,0.536,0.536,0.0,6.1707,False,False,0.6148
yelp,ooa,26,97,True,0.0,0.732,0.732,0.0,6.4097,False,False,1.5908
yelp,ooa,26,85,True,1.0,0.0,0.0,0.0,7.1681,False,False,0.0035
yelp,ooa,27,78,False,0.0,0.2,0.2,0.0,7.2315,False,False,0.2932
yelp,ooa,27,10,False,0.0,0.43,0.43,0.0,8.9339,False,False,0.6082
yelp,ooa,27,28,False,1.0,0.0,0.0,0.0,5.8113,False,False,0.0759
yelp,ooa,27,25,False,0.0,0.272,0.272,0.0,5.3938,False,False,0.5429
yelp,ooa,27,66,False,0.0,0.372,0.372,0.0,6.0173,False,False,0.3794
yelp,ooa,27,58,False,1.0,0.0,0.0,0.0,8.6651,False,False,0.4725
yelp,ooa,27,70,False,1.0,0.0,0.0,0.0,6.8283,False,False,0.0334
yelp,ooa,27,15,False,0.0,0.178,0.178,0.0,4.2997,False,False,0.6149
yelp,ooa,27,1,False,0.0,0.506,0.506,0.0,6.8545,False,False,0.4112
yelp,ooa,27,50,False,1.0,0.0,0.0,0.0,6.878,False,False,0.0269
yelp,ooa,27,63,False,0.0,0.196,0.196,0.0,8.5989,False,False,0.4125
yelp,ooa,27,45,False,0.0,0.866,0.866,0.0,7.5065,False,False,1.5594
yelp,ooa,27,31,False,1.0,0.0,0.0,0.0,6.9358,False,False,0.0685
yelp,ooa,27,33,False,0.0,0.324,0.324,0.0,5.5953,False,False,0.328
yelp,ooa,27,4,False,1.0,0.0,0.0,0.0,20.1621,False,True,3.597
yelp,ooa,27,46,False,1.0,0.0,0.0,0.0,6.7514,False,False,0.0565
yelp,ooa,27,94,True,0.0,0.364,0.364,0.0,5.6718,False,False,0.1449
yelp,ooa,27,82,True,0.0,0.044,0.044,0.0,8.0545,False,False,0.493
yelp,ooa,27,96,True,1.0,0.0,0.0,0.0,6.752,False,False,0.0854
yelp,ooa,27,97,True,0.0,0.732,0.732,0.0,6.7459,False,False,1.5492
yelp,ooa,28,9,False,1.0,0.0,0.0,0.0,6.5152,False,False,0.3253
yelp,ooa,28,67,False,0.0,0.242,0.242,0.0,8.3214,False,False,0.1338
yelp,ooa,28,76,False,0.0,0.504,0.504,0.0,7.5027,False,False,0.215
yelp,ooa,28,70,False,1.0,0.0,0.0,0.0,6.652,False,False,0.2869
yelp,ooa,28,2,False,0.0,1.0,1.0,0.0,9.9001,False,False,1.0794
yelp,ooa,28,3,False,1.0,0.0,0.0,0.0,9.4181,False,False,0.0734
yelp,ooa,28,22,False,1.0,0.0,0.0,0.0,4.9733,False,False,1.0225
yelp,ooa,28,75,False,1.0,0.0,0.0,0.0,6.4375,False,False,0.3298
yelp,ooa,28,49,False,0.0,0.494,0.494,0.0,7.5229,False,False,0.3431
yelp,ooa,28,40,False,1.0,0.0,0.0,0.0,6.1508,False,False,0.4802
yelp,ooa,28,7,False,0.0,0.126,0.126,0.0,12.1507,False,False,1.1105
yelp,ooa,28,33,False,0.0,0.306,0.306,0.0,6.0164,False,False,0.6018
yelp,ooa,28,18,False,0.0,0.384,0.384,0.0,8.3248,False,False,0.059
yelp,ooa,28,37,False,1.0,0.0,0.0,0.0,10.5926,False,False,0.6661
yelp,ooa,28,51,False,1.0,0.0,0.0,0.0,6.2624,False,False,0.4164
yelp,ooa,28,64,False,0.0,0.016,0.016,0.0,9.8714,False,False,0.4254
yelp,ooa,28,87,True,0.0,0.466,0.466,0.0,6.4857,False,False,0.7293
yelp,ooa,28,80,True,0.0,0.326,0.326,0.0,6.8542,False,False,0.3742
yelp,ooa,28,95,True,1.0,0.0,0.0,0.0,23.3586,False,True,3.7425
yelp,ooa,28,82,True,0.0,0.116,0.116,0.0,7.8593,False,False,0.0068
yelp,ooa,29,65,False,0.0,0.524,0.524,0.0,7.5538,False,False,1.0404
yelp,ooa,29,79,False,0.0,0.436,0.436,0.0,5.3903,False,False,0.6052
yelp,ooa,29,66,False,0.0,0.476,0.476,0.0,7.3322,False,False,0.1542
yelp,ooa,29,49,False,1.0,0.0,0.0,0.0,7.0009,False,False,0.1296
yelp,ooa,29,54,False,1.0,0.0,0.0,0.0,15.7132,False,True,3.3468
yelp,ooa,29,4,False,1.0,0.0,0.0,0.0,9.0549,False,False,0.923
yelp,ooa,29,58,False,0.0,0.264,0.264,0.0,8.8497,False,False,0.7991
yelp,ooa,29,78,False,0.0,0.274,0.274,0.0,5.4933,False,False,0.444
yelp,ooa,29,41,False,0.0,0.336,0.336,0.0,7.803,False,False,0.4823
yelp,ooa,29,69,False,0.0,0.196,0.196,0.0,7.085,False,False,0.133
yelp,ooa,29,67,False,0.0,0.252,0.252,0.0,4.7602,False,False,1.3368
yelp,ooa,29,36,False,1.0,0.0,0.0,0.0,6.6594,False,False,0.0411
yelp,ooa,29,28,False,0.0,0.106,0.106,0.0,8.4287,False,False,0.6358
yelp,ooa,29,73,False,0.0,0.184,0.184,0.0,5.693,False,False,1.351
yelp,ooa,29,61,False,1.0,0.0,0.0,0.0,6.7754,False,False,0.152
yelp,ooa,29,59,True,1.0,0.0,0.0,0.0,6.5347,False,False,0.3688
yelp,ooa,29,89,True,0.0,0.344,0.344,0.0,5.561,False,False,0.3795
yelp,ooa,29,80,True,0.0,0.37,0.37,0.0,7.4451,False,False,0.1503
yelp,ooa,29,99,True,1.0,0.0,0.0,0.0,6.9146,False,False,0.1671
