dataset,attack,round,client_id,is_byzantine,kappa,semantic_shift,p_fraud_client,p_fraud_global,gradient_dist,flagged_kappa,flagged_gradient,z_score
geolife,grad-p,0,30,False,0.0382,0.538,0.198,0.736,6.7985,False,False,0.4778
geolife,grad-p,0,0,False,0.0,0.736,0.0,0.736,4.3622,False,False,0.4752
geolife,grad-p,0,22,False,0.0371,0.598,0.138,0.736,5.119,False,False,0.479
geolife,grad-p,0,31,False,0.0176,0.682,0.054,0.736,5.9827,False,False,0.4779
geolife,grad-p,0,18,False,0.0,0.736,0.0,0.736,6.4938,False,False,0.4753
geolife,grad-p,0,28,False,0.0,0.736,0.0,0.736,6.6973,False,False,0.4733
geolife,grad-p,0,10,False,0.0916,0.52,0.216,0.736,5.967,False,False,0.4793
geolife,grad-p,0,70,False,0.0,0.736,0.0,0.736,4.5946,False,False,0.4794
geolife,grad-p,0,4,False,0.0,0.736,0.0,0.736,6.4801,False,False,0.4736
geolife,grad-p,0,12,False,0.0,0.736,0.0,0.736,6.2943,False,False,0.4736
geolife,grad-p,0,49,False,0.0,0.736,0.0,0.736,2.8392,False,False,0.4776
geolife,grad-p,0,33,False,0.0,0.736,0.0,0.736,3.0389,False,False,0.4766
geolife,grad-p,0,67,False,0.0,0.736,0.0,0.736,3.2434,False,False,0.4775
geolife,grad-p,0,35,False,0.0,0.736,0.0,0.736,4.6286,False,False,0.4754
geolife,grad-p,0,68,False,0.0725,0.634,0.102,0.736,6.0762,False,False,0.4749
geolife,grad-p,0,45,False,0.0,0.736,0.0,0.736,6.1023,False,False,0.474
geolife,grad-p,0,81,True,-0.0467,0.124,0.612,0.736,1619.845,True,False,0.8888
geolife,grad-p,0,84,True,-0.1539,0.08,0.656,0.736,3230.2464,True,True,2.2518
geolife,grad-p,0,85,True,-0.0011,0.73,0.006,0.736,2639.4257,True,False,1.7518
geolife,grad-p,0,83,True,-0.1761,0.38,0.356,0.736,3792.7684,True,True,2.7279
geolife,grad-p,1,23,False,-0.0569,0.172,0.132,0.304,5.1073,True,False,0.4482
geolife,grad-p,1,39,False,0.0,0.304,0.0,0.304,6.1442,False,False,0.4421
geolife,grad-p,1,69,False,0.0,0.304,0.0,0.304,5.2643,False,False,0.4448
geolife,grad-p,1,74,False,0.0396,0.272,0.032,0.304,4.9938,False,False,0.4481
geolife,grad-p,1,0,False,0.0,0.304,0.0,0.304,5.3436,False,False,0.4436
geolife,grad-p,1,1,False,0.0857,0.204,0.508,0.304,6.4625,False,False,0.448
geolife,grad-p,1,38,False,0.0,0.304,0.0,0.304,2.7035,False,False,0.4475
geolife,grad-p,1,45,False,0.0,0.304,0.0,0.304,5.8641,False,False,0.4424
geolife,grad-p,1,72,False,-0.1196,0.118,0.186,0.304,5.5863,True,False,0.4482
geolife,grad-p,1,63,False,-0.1046,0.128,0.176,0.304,6.7766,True,False,0.4457
geolife,grad-p,1,8,False,-0.0095,0.286,0.018,0.304,4.2067,False,False,0.4477
geolife,grad-p,1,13,False,0.0,0.304,0.0,0.304,6.4856,False,False,0.4418
geolife,grad-p,1,15,False,0.0,0.304,0.0,0.304,6.3669,False,False,0.4418
geolife,grad-p,1,41,False,0.0,0.304,0.0,0.304,4.9511,False,False,0.4493
geolife,grad-p,1,54,False,0.0,0.304,0.0,0.304,3.8046,False,False,0.4452
geolife,grad-p,1,5,False,0.0,0.304,0.0,0.304,6.2529,False,False,0.442
geolife,grad-p,1,94,True,0.0173,0.28,0.024,0.304,3287.4096,False,True,2.5725
geolife,grad-p,1,82,True,-0.062,0.258,0.046,0.304,1754.788,True,False,1.1629
geolife,grad-p,1,95,True,0.4281,0.116,0.188,0.304,3689.011,False,True,2.9418
geolife,grad-p,1,96,True,0.0202,0.288,0.016,0.304,978.7263,False,False,0.449
geolife,grad-p,2,49,False,0.0,0.026,0.0,0.026,2.8112,False,False,0.4854
geolife,grad-p,2,43,False,0.0,0.026,0.0,0.026,6.832,False,False,0.4819
geolife,grad-p,2,38,False,0.0,0.026,0.0,0.026,3.3559,False,False,0.4865
geolife,grad-p,2,46,False,-0.0198,0.11,0.136,0.026,6.5315,True,False,0.4835
geolife,grad-p,2,79,False,0.0,0.026,0.0,0.026,3.3778,False,False,0.4865
geolife,grad-p,2,24,False,0.0,0.026,0.0,0.026,4.501,False,False,0.4825
geolife,grad-p,2,19,False,0.0,0.026,0.0,0.026,5.1654,False,False,0.4822
geolife,grad-p,2,62,False,0.0,0.026,0.0,0.026,4.2442,False,False,0.4844
geolife,grad-p,2,56,False,-0.028,0.16,0.186,0.026,5.4644,True,False,0.4868
geolife,grad-p,2,73,False,0.0,0.974,1.0,0.026,8.5983,False,False,0.4871
geolife,grad-p,2,32,False,-0.0091,0.164,0.19,0.026,7.7929,True,False,0.4863
geolife,grad-p,2,77,False,0.0,0.026,0.0,0.026,6.2001,False,False,0.4814
geolife,grad-p,2,39,False,0.0,0.026,0.0,0.026,6.4034,False,False,0.4812
geolife,grad-p,2,7,False,0.0,0.026,0.0,0.026,6.5389,False,False,0.4811
geolife,grad-p,2,63,False,-0.0171,0.098,0.124,0.026,6.4558,True,False,0.4848
geolife,grad-p,2,42,False,0.0,0.026,0.0,0.026,5.7374,False,False,0.4829
geolife,grad-p,2,91,True,-0.0052,0.232,0.258,0.026,2680.3053,True,True,2.0262
geolife,grad-p,2,80,True,0.0058,0.876,0.902,0.026,2866.2097,False,True,2.2007
geolife,grad-p,2,87,True,-0.0165,0.096,0.122,0.026,1600.5014,True,False,1.0124
geolife,grad-p,2,88,True,-0.051,0.342,0.368,0.026,3190.9747,True,True,2.5056
geolife,grad-p,3,55,False,0.0,0.02,0.0,0.02,6.6957,False,False,0.4763
geolife,grad-p,3,25,False,0.0041,0.888,0.908,0.02,8.1705,False,False,0.4811
geolife,grad-p,3,10,False,0.104,0.194,0.214,0.02,5.7861,False,False,0.4812
geolife,grad-p,3,19,False,0.0,0.02,0.0,0.02,4.9483,False,False,0.477
geolife,grad-p,3,45,False,0.0,0.02,0.0,0.02,6.3051,False,False,0.4761
geolife,grad-p,3,1,False,0.0345,0.408,0.428,0.02,6.6035,False,False,0.4812
geolife,grad-p,3,73,False,0.0,0.98,1.0,0.02,8.5151,False,False,0.4812
geolife,grad-p,3,21,False,0.0,0.02,0.0,0.02,4.3955,False,False,0.4787
geolife,grad-p,3,54,False,0.0,0.02,0.0,0.02,3.4737,False,False,0.4784
geolife,grad-p,3,2,False,0.0531,0.408,0.428,0.02,6.9457,False,False,0.4815
geolife,grad-p,3,20,False,0.0,0.02,0.0,0.02,4.6675,False,False,0.4773
geolife,grad-p,3,33,False,0.0,0.02,0.0,0.02,3.6063,False,False,0.4787
geolife,grad-p,3,29,False,0.0,0.02,0.0,0.02,5.7339,False,False,0.4768
geolife,grad-p,3,62,False,0.0,0.02,0.0,0.02,3.8423,False,False,0.4788
geolife,grad-p,3,7,False,0.0,0.02,0.0,0.02,6.7029,False,False,0.4757
geolife,grad-p,3,77,False,0.0,0.02,0.0,0.02,6.7032,False,False,0.4758
geolife,grad-p,3,80,True,0.0056,0.86,0.88,0.02,2768.3504,False,False,1.8961
geolife,grad-p,3,81,True,0.0,0.98,1.0,0.02,1580.8563,False,False,0.8751
geolife,grad-p,3,88,True,-0.0152,0.008,0.012,0.02,3228.2525,True,True,2.2916
geolife,grad-p,3,95,True,-0.0289,0.678,0.698,0.02,3578.7681,True,True,2.593
geolife,grad-p,4,47,False,1.0,0.0,0.0,0.0,3.5631,False,False,0.4756
geolife,grad-p,4,78,False,1.0,0.0,0.0,0.0,2.9408,False,False,0.4763
geolife,grad-p,4,36,False,1.0,0.0,0.0,0.0,5.8349,False,False,0.4756
geolife,grad-p,4,51,False,1.0,0.0,0.0,0.0,2.9934,False,False,0.4763
geolife,grad-p,4,44,False,0.0,0.104,0.104,0.0,5.8426,True,False,0.477
geolife,grad-p,4,13,False,1.0,0.0,0.0,0.0,5.3959,False,False,0.4735
geolife,grad-p,4,10,False,0.0,0.208,0.208,0.0,6.3232,True,False,0.4786
geolife,grad-p,4,75,False,0.0,0.36,0.36,0.0,7.5961,True,False,0.4786
geolife,grad-p,4,11,False,1.0,0.0,0.0,0.0,3.0178,False,False,0.4762
geolife,grad-p,4,24,False,1.0,0.0,0.0,0.0,4.7976,False,False,0.4746
geolife,grad-p,4,72,False,0.0,0.16,0.16,0.0,6.2902,True,False,0.4787
geolife,grad-p,4,34,False,1.0,0.0,0.0,0.0,4.4657,False,False,0.4745
geolife,grad-p,4,33,False,1.0,0.0,0.0,0.0,3.7888,False,False,0.4764
geolife,grad-p,4,45,False,1.0,0.0,0.0,0.0,4.918,False,False,0.474
geolife,grad-p,4,21,False,1.0,0.0,0.0,0.0,3.127,False,False,0.4764
geolife,grad-p,4,66,False,1.0,0.0,0.0,0.0,7.6905,False,False,0.4743
geolife,grad-p,4,80,True,0.0,0.862,0.862,0.0,2860.633,True,False,1.7856
geolife,grad-p,4,82,True,0.0,0.866,0.866,0.0,1779.5723,True,False,0.929
geolife,grad-p,4,90,True,0.0,0.004,0.004,0.0,4196.0226,True,True,2.8439
geolife,grad-p,4,84,True,0.0,0.15,0.15,0.0,3204.3652,True,True,2.058
geolife,grad-p,5,70,False,1.0,0.0,0.0,0.0,3.4069,False,False,0.4933
geolife,grad-p,5,25,False,0.0,0.844,0.844,0.0,5.8264,False,False,0.4931
geolife,grad-p,5,14,False,0.0,0.166,0.166,0.0,6.7058,False,False,0.4901
geolife,grad-p,5,40,False,0.0,0.028,0.028,0.0,3.3318,False,False,0.4932
geolife,grad-p,5,73,False,0.0,1.0,1.0,0.0,6.3075,False,False,0.4931
geolife,grad-p,5,64,False,0.0,1.0,1.0,0.0,6.2079,False,False,0.4931
geolife,grad-p,5,42,False,1.0,0.0,0.0,0.0,7.3184,False,False,0.4893
geolife,grad-p,5,38,False,1.0,0.0,0.0,0.0,3.5652,False,False,0.4926
geolife,grad-p,5,77,False,1.0,0.0,0.0,0.0,7.9368,False,False,0.4887
geolife,grad-p,5,18,False,1.0,0.0,0.0,0.0,6.7474,False,False,0.4899
geolife,grad-p,5,29,False,1.0,0.0,0.0,0.0,6.2989,False,False,0.4897
geolife,grad-p,5,36,False,0.0,0.002,0.002,0.0,5.6069,False,False,0.4904
geolife,grad-p,5,75,False,0.0,0.308,0.308,0.0,5.0226,False,False,0.4931
geolife,grad-p,5,69,False,1.0,0.0,0.0,0.0,5.0793,False,False,0.4908
geolife,grad-p,5,5,False,1.0,0.0,0.0,0.0,8.1809,False,False,0.4886
geolife,grad-p,5,74,False,0.0,0.026,0.026,0.0,3.6831,False,False,0.4932
geolife,grad-p,5,84,True,0.0,0.616,0.616,0.0,3157.6768,False,False,1.7754
geolife,grad-p,5,92,True,0.0,0.562,0.562,0.0,4024.0244,False,True,2.3984
geolife,grad-p,5,83,True,0.0,0.158,0.158,0.0,3898.6868,False,True,2.3083
geolife,grad-p,5,85,True,0.0,1.0,1.0,0.0,2607.8406,False,False,1.38
geolife,grad-p,6,9,False,1.0,0.0,0.0,0.0,4.7866,False,False,0.4967
geolife,grad-p,6,40,False,0.0,0.028,0.028,0.0,4.3119,False,False,0.5006
geolife,grad-p,6,60,False,1.0,0.0,0.0,0.0,7.713,False,False,0.495
geolife,grad-p,6,59,False,0.0,0.042,0.042,0.0,3.8317,False,False,0.5002
geolife,grad-p,6,38,False,1.0,0.0,0.0,0.0,2.8315,False,False,0.4998
geolife,grad-p,6,8,False,0.0,0.018,0.018,0.0,4.5379,False,False,0.5001
geolife,grad-p,6,77,False,1.0,0.0,0.0,0.0,5.9652,False,False,0.4952
geolife,grad-p,6,4,False,1.0,0.0,0.0,0.0,6.2582,False,False,0.4949
geolife,grad-p,6,52,False,1.0,0.0,0.0,0.0,3.6023,False,False,0.4978
geolife,grad-p,6,56,False,0.0,0.202,0.202,0.0,5.1788,False,False,0.5001
geolife,grad-p,6,5,False,1.0,0.0,0.0,0.0,6.3488,False,False,0.4949
geolife,grad-p,6,20,False,1.0,0.0,0.0,0.0,4.3564,False,False,0.4968
geolife,grad-p,6,69,False,0.0,0.002,0.002,0.0,5.4785,False,False,0.4977
geolife,grad-p,6,35,False,1.0,0.0,0.0,0.0,5.2907,False,False,0.4964
geolife,grad-p,6,10,False,0.0,0.178,0.178,0.0,5.5101,False,False,0.5004
geolife,grad-p,6,23,False,0.0,0.116,0.116,0.0,4.9974,False,False,0.5005
geolife,grad-p,6,85,True,0.0,0.994,0.994,0.0,2563.9286,False,False,1.7471
geolife,grad-p,6,86,True,0.0,0.002,0.002,0.0,2668.4705,False,False,1.8389
geolife,grad-p,6,88,True,0.0,0.982,0.982,0.0,3106.193,False,True,2.2231
geolife,grad-p,6,98,True,0.0,0.496,0.496,0.0,3031.9805,False,True,2.158
geolife,grad-p,7,21,False,1.0,0.0,0.0,0.0,4.1847,False,False,0.4966
geolife,grad-p,7,29,False,1.0,0.0,0.0,0.0,5.7508,False,False,0.4953
geolife,grad-p,7,0,False,1.0,0.0,0.0,0.0,5.4077,False,False,0.4954
geolife,grad-p,7,23,False,0.0,0.108,0.108,0.0,4.0357,False,False,0.4986
geolife,grad-p,7,11,False,1.0,0.0,0.0,0.0,4.2839,False,False,0.4965
geolife,grad-p,7,62,False,1.0,0.0,0.0,0.0,4.5794,False,False,0.4966
geolife,grad-p,7,19,False,1.0,0.0,0.0,0.0,5.9765,False,False,0.4949
geolife,grad-p,7,52,False,1.0,0.0,0.0,0.0,4.463,False,False,0.4964
geolife,grad-p,7,41,False,1.0,0.0,0.0,0.0,4.3893,False,False,0.4995
geolife,grad-p,7,63,False,0.0,0.072,0.072,0.0,5.9797,False,False,0.4968
geolife,grad-p,7,1,False,0.0,0.408,0.408,0.0,5.032,False,False,0.4986
geolife,grad-p,7,72,False,0.0,0.156,0.156,0.0,4.5362,False,False,0.4986
geolife,grad-p,7,56,False,0.0,0.206,0.206,0.0,4.3838,False,False,0.4983
geolife,grad-p,7,22,False,0.0,0.12,0.12,0.0,3.2987,False,False,0.4985
geolife,grad-p,7,38,False,1.0,0.0,0.0,0.0,2.8603,False,False,0.4981
geolife,grad-p,7,46,False,0.0,0.098,0.098,0.0,6.4219,False,False,0.4957
geolife,grad-p,7,83,True,0.0,0.226,0.226,0.0,3639.1329,False,True,2.0741
geolife,grad-p,7,92,True,0.0,0.98,0.98,0.0,4013.7956,False,True,2.3392
geolife,grad-p,7,88,True,0.0,0.362,0.362,0.0,3248.1628,False,False,1.7974
geolife,grad-p,7,84,True,0.0,0.914,0.914,0.0,3172.4564,False,False,1.7439
geolife,grad-p,8,79,False,0.0,0.002,0.0,0.002,3.9226,False,False,0.4404
geolife,grad-p,8,17,False,0.012,0.248,0.25,0.002,4.8288,False,False,0.4398
geolife,grad-p,8,66,False,-0.0034,0.01,0.012,0.002,7.832,False,False,0.4354
geolife,grad-p,8,45,False,0.0,0.002,0.0,0.002,7.4501,False,False,0.4354
geolife,grad-p,8,16,False,0.0051,0.438,0.44,0.002,5.3646,False,False,0.4411
geolife,grad-p,8,44,False,0.0388,0.09,0.092,0.002,4.1467,False,False,0.4391
geolife,grad-p,8,64,False,0.0,0.998,1.0,0.002,6.427,False,False,0.4412
geolife,grad-p,8,8,False,-0.0037,0.022,0.024,0.002,3.4495,False,False,0.4408
geolife,grad-p,8,36,False,-0.002,0.0,0.002,0.002,5.2717,False,False,0.4375
geolife,grad-p,8,18,False,0.0,0.002,0.0,0.002,6.4086,False,False,0.4366
geolife,grad-p,8,58,False,0.0,0.002,0.0,0.002,3.9816,False,False,0.4393
geolife,grad-p,8,55,False,-0.0032,0.006,0.008,0.002,7.235,False,False,0.4355
geolife,grad-p,8,46,False,0.0295,0.116,0.118,0.002,5.8697,False,False,0.4375
geolife,grad-p,8,23,False,-0.0039,0.11,0.112,0.002,3.9604,False,False,0.4412
geolife,grad-p,8,34,False,0.0,0.002,0.0,0.002,7.032,False,False,0.436
geolife,grad-p,8,72,False,-0.004,0.164,0.166,0.002,4.1613,False,False,0.4412
geolife,grad-p,8,96,True,0.0033,0.546,0.548,0.002,982.3651,False,False,0.5666
geolife,grad-p,8,81,True,-0.004,0.21,0.212,0.002,1571.3434,False,False,1.1729
geolife,grad-p,8,93,True,0.0011,0.784,0.786,0.002,2214.2275,False,False,1.8347
geolife,grad-p,8,95,True,0.0,0.998,1.0,0.002,3777.2054,False,True,3.4437
geolife,grad-p,9,72,False,0.0,0.172,0.172,0.0,5.3052,False,False,0.4877
geolife,grad-p,9,77,False,1.0,0.0,0.0,0.0,5.5071,False,False,0.4829
geolife,grad-p,9,15,False,1.0,0.0,0.0,0.0,5.8175,False,False,0.4826
geolife,grad-p,9,0,False,1.0,0.0,0.0,0.0,5.4726,False,False,0.4842
geolife,grad-p,9,12,False,1.0,0.0,0.0,0.0,5.7088,False,False,0.4827
geolife,grad-p,9,64,False,0.0,1.0,1.0,0.0,8.1927,False,False,0.4877
geolife,grad-p,9,29,False,1.0,0.0,0.0,0.0,5.0246,False,False,0.484
geolife,grad-p,9,26,False,0.0,0.246,0.246,0.0,5.84,False,False,0.4879
geolife,grad-p,9,31,False,0.0,0.196,0.196,0.0,5.5902,False,False,0.4863
geolife,grad-p,9,63,False,0.0,0.096,0.096,0.0,6.0557,False,False,0.4857
geolife,grad-p,9,79,False,1.0,0.0,0.0,0.0,3.0738,False,False,0.4871
geolife,grad-p,9,4,False,1.0,0.0,0.0,0.0,5.7184,False,False,0.4827
geolife,grad-p,9,61,False,1.0,0.0,0.0,0.0,5.8372,False,False,0.4826
geolife,grad-p,9,51,False,1.0,0.0,0.0,0.0,3.4368,False,False,0.4853
geolife,grad-p,9,44,False,0.0,0.116,0.116,0.0,5.2727,False,False,0.4861
geolife,grad-p,9,75,False,0.0,0.3,0.3,0.0,6.464,False,False,0.4877
geolife,grad-p,9,83,True,0.0,0.588,0.588,0.0,3923.2192,False,True,2.7672
geolife,grad-p,9,99,True,0.0,0.89,0.89,0.0,2784.3317,False,False,1.8216
geolife,grad-p,9,97,True,0.0,0.222,0.222,0.0,2900.9519,False,False,1.9184
geolife,grad-p,9,93,True,0.0,0.368,0.368,0.0,2102.9803,False,False,1.2558
geolife,grad-p,10,8,False,0.0,0.018,0.018,0.0,3.7156,False,False,0.4935
geolife,grad-p,10,2,False,0.0,0.456,0.456,0.0,5.7117,False,False,0.494
geolife,grad-p,10,4,False,1.0,0.0,0.0,0.0,6.6324,False,False,0.4895
geolife,grad-p,10,64,False,0.0,1.0,1.0,0.0,6.8952,False,False,0.4938
geolife,grad-p,10,27,False,0.0,0.006,0.006,0.0,8.4611,False,False,0.489
geolife,grad-p,10,47,False,1.0,0.0,0.0,0.0,4.0817,False,False,0.4914
geolife,grad-p,10,73,False,0.0,1.0,1.0,0.0,6.958,False,False,0.4939
geolife,grad-p,10,56,False,0.0,0.194,0.194,0.0,4.3821,False,False,0.4935
geolife,grad-p,10,68,False,0.0,0.04,0.04,0.0,6.3998,False,False,0.4905
geolife,grad-p,10,38,False,1.0,0.0,0.0,0.0,2.8475,False,False,0.4934
geolife,grad-p,10,49,False,1.0,0.0,0.0,0.0,3.0699,False,False,0.4926
geolife,grad-p,10,3,False,1.0,0.0,0.0,0.0,5.47,False,False,0.4903
geolife,grad-p,10,19,False,1.0,0.0,0.0,0.0,4.1438,False,False,0.4917
geolife,grad-p,10,52,False,1.0,0.0,0.0,0.0,4.2439,False,False,0.4949
geolife,grad-p,10,41,False,1.0,0.0,0.0,0.0,6.1854,False,False,0.4899
geolife,grad-p,10,50,True,0.0,0.566,0.566,0.0,3795.3019,False,True,2.4033
geolife,grad-p,10,95,True,0.0,0.734,0.734,0.0,3790.0553,False,True,2.3993
geolife,grad-p,10,90,True,0.0,0.414,0.414,0.0,1677.5537,False,False,0.7854
geolife,grad-p,10,82,True,0.0,0.244,0.244,0.0,2997.509,False,False,1.7938
geolife,grad-p,11,20,False,1.0,0.0,0.0,0.0,5.4454,False,False,0.4571
geolife,grad-p,11,49,False,1.0,0.0,0.0,0.0,3.3656,False,False,0.4595
geolife,grad-p,11,30,False,0.0,0.184,0.184,0.0,5.4773,False,False,0.4595
geolife,grad-p,11,17,False,0.0,0.242,0.242,0.0,5.4646,False,False,0.4597
geolife,grad-p,11,73,False,0.0,1.0,1.0,0.0,7.1471,False,False,0.4609
geolife,grad-p,11,43,False,1.0,0.0,0.0,0.0,7.0094,False,False,0.4561
geolife,grad-p,11,0,False,1.0,0.0,0.0,0.0,5.0354,False,False,0.4573
geolife,grad-p,11,7,False,1.0,0.0,0.0,0.0,7.2855,False,False,0.456
geolife,grad-p,11,53,False,1.0,0.0,0.0,0.0,7.0412,False,False,0.4561
geolife,grad-p,11,10,False,0.0,0.194,0.194,0.0,4.5997,False,False,0.4609
geolife,grad-p,11,54,False,1.0,0.0,0.0,0.0,3.9654,False,False,0.4584
geolife,grad-p,11,46,False,0.0,0.16,0.16,0.0,6.4171,False,False,0.4571
geolife,grad-p,11,41,False,1.0,0.0,0.0,0.0,4.9233,False,False,0.462
geolife,grad-p,11,4,False,1.0,0.0,0.0,0.0,7.3209,False,False,0.456
geolife,grad-p,11,76,False,0.0,0.072,0.072,0.0,5.5353,False,False,0.4588
geolife,grad-p,11,65,False,0.0,1.0,1.0,0.0,6.2693,False,False,0.4616
geolife,grad-p,11,96,True,0.0,0.946,0.946,0.0,958.5819,False,False,0.3547
geolife,grad-p,11,84,True,0.0,0.972,0.972,0.0,2989.9304,False,True,2.0889
geolife,grad-p,11,92,True,1.0,0.0,0.0,0.0,3754.155,False,True,2.7413
geolife,grad-p,11,98,True,0.0,0.784,0.784,0.0,3064.0078,False,True,2.1521
geolife,grad-p,12,45,False,1.0,0.0,0.0,0.0,6.6877,False,False,0.4918
geolife,grad-p,12,72,False,0.0,0.172,0.172,0.0,4.6623,False,False,0.4968
geolife,grad-p,12,47,False,1.0,0.0,0.0,0.0,4.4482,False,False,0.4937
geolife,grad-p,12,53,False,1.0,0.0,0.0,0.0,8.2479,False,False,0.4908
geolife,grad-p,12,40,False,0.0,0.036,0.036,0.0,3.5244,False,False,0.4969
geolife,grad-p,12,29,False,1.0,0.0,0.0,0.0,6.4418,False,False,0.492
geolife,grad-p,12,70,False,1.0,0.0,0.0,0.0,3.5318,False,False,0.4973
geolife,grad-p,12,37,False,0.0,0.03,0.03,0.0,3.5303,False,False,0.4965
geolife,grad-p,12,10,False,0.0,0.202,0.202,0.0,4.4072,False,False,0.4969
geolife,grad-p,12,28,False,1.0,0.0,0.0,0.0,7.275,False,False,0.4913
geolife,grad-p,12,0,False,1.0,0.0,0.0,0.0,5.5087,False,False,0.4927
geolife,grad-p,12,66,False,0.0,0.004,0.004,0.0,8.0206,False,False,0.4914
geolife,grad-p,12,22,False,0.0,0.142,0.142,0.0,3.601,False,False,0.4967
geolife,grad-p,12,63,False,0.0,0.078,0.078,0.0,5.4149,False,False,0.4948
geolife,grad-p,12,46,False,0.0,0.096,0.096,0.0,6.1149,False,False,0.4936
geolife,grad-p,12,75,False,0.0,0.306,0.306,0.0,5.3607,False,False,0.4969
geolife,grad-p,12,93,True,1.0,0.0,0.0,0.0,2099.5966,False,False,1.5065
geolife,grad-p,12,91,True,0.0,0.168,0.168,0.0,2512.3305,False,False,1.901
geolife,grad-p,12,94,True,0.0,0.378,0.378,0.0,3073.3475,False,True,2.4372
geolife,grad-p,12,86,True,0.0,0.406,0.406,0.0,2684.41,False,True,2.0655
geolife,grad-p,13,6,False,0.0,0.142,0.142,0.0,5.9196,False,False,0.4821
geolife,grad-p,13,17,False,0.0,0.236,0.236,0.0,6.6873,False,False,0.4811
geolife,grad-p,13,69,False,0.0,0.002,0.002,0.0,6.2589,False,False,0.4796
geolife,grad-p,13,66,False,0.0,0.004,0.004,0.0,7.3992,False,False,0.478
geolife,grad-p,13,15,False,1.0,0.0,0.0,0.0,6.1433,False,False,0.4776
geolife,grad-p,13,9,False,1.0,0.0,0.0,0.0,6.5238,False,False,0.4778
geolife,grad-p,13,60,False,1.0,0.0,0.0,0.0,7.6966,False,False,0.4771
geolife,grad-p,13,36,False,1.0,0.0,0.0,0.0,5.4976,False,False,0.4792
geolife,grad-p,13,4,False,1.0,0.0,0.0,0.0,6.1781,False,False,0.4775
geolife,grad-p,13,5,False,1.0,0.0,0.0,0.0,6.4191,False,False,0.4774
geolife,grad-p,13,59,False,0.0,0.066,0.066,0.0,4.2986,False,False,0.4823
geolife,grad-p,13,47,False,1.0,0.0,0.0,0.0,3.4935,False,False,0.4796
geolife,grad-p,13,20,False,1.0,0.0,0.0,0.0,4.9376,False,False,0.4786
geolife,grad-p,13,25,False,0.0,0.88,0.88,0.0,7.6426,False,False,0.4823
geolife,grad-p,13,64,False,0.0,0.998,0.998,0.0,8.1046,False,False,0.4822
geolife,grad-p,13,11,False,1.0,0.0,0.0,0.0,4.0079,False,False,0.4801
geolife,grad-p,13,98,True,0.0,0.588,0.588,0.0,2931.1808,False,False,1.9501
geolife,grad-p,13,82,True,0.0,1.0,1.0,0.0,1684.1394,False,False,0.9141
geolife,grad-p,13,88,True,0.0,0.968,0.968,0.0,3179.5045,False,True,2.1564
geolife,grad-p,13,92,True,0.0,0.012,0.012,0.0,3775.9065,False,True,2.6519
geolife,grad-p,14,4,False,1.0,0.0,0.0,0.0,5.9547,False,False,0.4547
geolife,grad-p,14,61,False,1.0,0.0,0.0,0.0,6.1279,False,False,0.4545
geolife,grad-p,14,71,False,1.0,0.0,0.0,0.0,5.3988,False,False,0.4554
geolife,grad-p,14,48,False,1.0,0.0,0.0,0.0,9.1165,False,False,0.4534
geolife,grad-p,14,56,False,0.0,0.19,0.19,0.0,4.9094,False,False,0.4608
geolife,grad-p,14,59,False,0.0,0.042,0.042,0.0,3.5832,False,False,0.4611
geolife,grad-p,14,39,False,1.0,0.0,0.0,0.0,5.8798,False,False,0.4548
geolife,grad-p,14,7,False,1.0,0.0,0.0,0.0,6.0073,False,False,0.4547
geolife,grad-p,14,75,False,0.0,0.322,0.322,0.0,6.2074,False,False,0.4612
geolife,grad-p,14,26,False,0.0,0.236,0.236,0.0,5.1269,False,False,0.4615
geolife,grad-p,14,40,False,0.0,0.022,0.022,0.0,3.9671,False,False,0.4614
geolife,grad-p,14,23,False,0.0,0.126,0.126,0.0,4.7037,False,False,0.4613
geolife,grad-p,14,6,False,0.0,0.144,0.144,0.0,5.3305,False,False,0.461
geolife,grad-p,14,50,False,1.0,0.0,0.0,0.0,5.3378,False,False,0.4555
geolife,grad-p,14,35,False,1.0,0.0,0.0,0.0,5.3349,False,False,0.4562
geolife,grad-p,14,65,False,0.0,1.0,1.0,0.0,6.403,False,False,0.4624
geolife,grad-p,14,97,True,0.0,0.004,0.004,0.0,2904.0316,False,True,2.9212
geolife,grad-p,14,81,True,0.0,0.936,0.936,0.0,1542.1676,False,False,1.3333
geolife,grad-p,14,91,True,0.0,0.078,0.078,0.0,2484.9336,False,True,2.4325
geolife,grad-p,14,96,True,0.0,0.506,0.506,0.0,950.3036,False,False,0.6431
geolife,grad-p,15,73,False,0.0,1.0,1.0,0.0,8.5217,True,False,0.5113
geolife,grad-p,15,62,False,1.0,0.0,0.0,0.0,4.4723,False,False,0.5094
geolife,grad-p,15,17,False,0.0,0.214,0.214,0.0,6.8985,True,False,0.51
geolife,grad-p,15,51,False,1.0,0.0,0.0,0.0,3.8744,False,False,0.5093
geolife,grad-p,15,68,False,0.0,0.09,0.09,0.0,6.3474,True,False,0.5084
geolife,grad-p,15,47,False,1.0,0.0,0.0,0.0,3.5377,False,False,0.5089
geolife,grad-p,15,41,False,1.0,0.0,0.0,0.0,5.7095,False,False,0.5123
geolife,grad-p,15,8,False,0.0,0.016,0.016,0.0,4.4893,True,False,0.511
geolife,grad-p,15,53,False,1.0,0.0,0.0,0.0,7.0733,False,False,0.5071
geolife,grad-p,15,57,False,1.0,0.0,0.0,0.0,5.9044,False,False,0.507
geolife,grad-p,15,3,False,1.0,0.0,0.0,0.0,5.3058,False,False,0.5075
geolife,grad-p,15,71,False,1.0,0.0,0.0,0.0,5.8166,False,False,0.507
geolife,grad-p,15,7,False,1.0,0.0,0.0,0.0,7.0291,False,False,0.5074
geolife,grad-p,15,43,False,1.0,0.0,0.0,0.0,5.0652,False,False,0.5078
geolife,grad-p,15,34,False,1.0,0.0,0.0,0.0,5.1521,False,False,0.5087
geolife,grad-p,15,36,True,0.0,0.722,0.722,0.0,2640.9173,True,False,1.4864
geolife,grad-p,15,80,True,0.0,0.014,0.014,0.0,2781.13,True,False,1.5927
geolife,grad-p,15,97,True,0.0,0.956,0.956,0.0,3676.4662,True,True,2.2707
geolife,grad-p,15,95,True,0.0,0.194,0.194,0.0,3693.0727,True,True,2.2833
geolife,grad-p,16,20,False,1.0,0.0,0.0,0.0,5.8259,False,False,0.4784
geolife,grad-p,16,56,False,0.0,0.192,0.192,0.0,4.0654,False,False,0.4818
geolife,grad-p,16,36,False,0.0,0.032,0.032,0.0,5.2852,False,False,0.4791
geolife,grad-p,16,55,False,1.0,0.0,0.0,0.0,7.973,False,False,0.4771
geolife,grad-p,16,16,False,0.0,0.41,0.41,0.0,5.3558,False,False,0.4821
geolife,grad-p,16,28,False,1.0,0.0,0.0,0.0,7.1791,False,False,0.4772
geolife,grad-p,16,31,False,0.0,0.188,0.188,0.0,4.5839,False,False,0.481
geolife,grad-p,16,10,False,0.0,0.204,0.204,0.0,4.0372,False,False,0.4821
geolife,grad-p,16,15,False,1.0,0.0,0.0,0.0,7.313,False,False,0.4772
geolife,grad-p,16,41,False,1.0,0.0,0.0,0.0,4.5073,False,False,0.4834
geolife,grad-p,16,75,False,0.0,0.276,0.276,0.0,5.0306,False,False,0.4821
geolife,grad-p,16,54,False,1.0,0.0,0.0,0.0,4.0332,False,False,0.4798
geolife,grad-p,16,6,False,0.0,0.13,0.13,0.0,4.3245,False,False,0.4819
geolife,grad-p,16,58,False,1.0,0.0,0.0,0.0,3.5495,False,False,0.4809
geolife,grad-p,16,17,False,0.0,0.232,0.232,0.0,4.9724,False,False,0.481
geolife,grad-p,16,7,False,1.0,0.0,0.0,0.0,7.072,False,False,0.4774
geolife,grad-p,16,97,True,0.0,0.924,0.924,0.0,2801.4498,False,False,1.925
geolife,grad-p,16,92,True,0.0,0.032,0.032,0.0,3675.6288,False,True,2.6771
geolife,grad-p,16,98,True,0.0,0.308,0.308,0.0,3038.7974,False,True,2.1292
geolife,grad-p,16,82,True,0.0,1.0,1.0,0.0,1669.6269,False,False,0.9514
geolife,grad-p,17,27,False,0.0,0.02,0.02,0.0,7.6154,False,False,0.4815
geolife,grad-p,17,36,False,0.0,0.018,0.018,0.0,4.8671,False,False,0.4838
geolife,grad-p,17,43,False,1.0,0.0,0.0,0.0,6.9994,False,False,0.4816
geolife,grad-p,17,38,False,1.0,0.0,0.0,0.0,3.9375,False,False,0.4865
geolife,grad-p,17,52,False,1.0,0.0,0.0,0.0,5.0177,False,False,0.4845
geolife,grad-p,17,18,False,0.0,0.002,0.002,0.0,6.1708,False,False,0.4828
geolife,grad-p,17,46,False,0.0,0.004,0.004,0.0,6.021,False,False,0.4835
geolife,grad-p,17,16,False,0.0,0.428,0.428,0.0,5.727,False,False,0.4869
geolife,grad-p,17,24,False,1.0,0.0,0.0,0.0,5.1637,False,False,0.483
geolife,grad-p,17,58,False,1.0,0.0,0.0,0.0,3.5779,False,False,0.4855
geolife,grad-p,17,73,False,0.0,1.0,1.0,0.0,6.9212,False,False,0.487
geolife,grad-p,17,65,False,0.0,1.0,1.0,0.0,5.8018,False,False,0.4879
geolife,grad-p,17,1,False,0.0,0.458,0.458,0.0,5.399,False,False,0.487
geolife,grad-p,17,19,False,1.0,0.0,0.0,0.0,6.1147,False,False,0.4824
geolife,grad-p,17,30,False,0.0,0.158,0.158,0.0,5.4945,False,False,0.4854
geolife,grad-p,17,15,False,1.0,0.0,0.0,0.0,7.3166,False,False,0.4817
geolife,grad-p,17,89,True,0.0,0.49,0.49,0.0,1598.9712,False,False,1.061
geolife,grad-p,17,84,True,0.0,0.08,0.08,0.0,2899.5708,False,True,2.3227
geolife,grad-p,17,94,True,0.0,0.016,0.016,0.0,3071.3524,False,True,2.4894
geolife,grad-p,17,85,True,0.0,0.01,0.01,0.0,2441.0638,False,False,1.878
geolife,grad-p,18,13,False,1.0,0.0,0.0,0.0,5.3535,False,False,0.5066
geolife,grad-p,18,48,False,0.0,0.002,0.002,0.0,9.8035,True,False,0.5051
geolife,grad-p,18,64,False,0.0,1.0,1.0,0.0,8.3395,True,False,0.5111
geolife,grad-p,18,12,False,1.0,0.0,0.0,0.0,5.2896,False,False,0.5068
geolife,grad-p,18,52,False,1.0,0.0,0.0,0.0,3.6435,False,False,0.5091
geolife,grad-p,18,3,False,0.0,0.018,0.018,0.0,5.0812,True,False,0.5113
geolife,grad-p,18,74,False,0.0,0.128,0.128,0.0,5.4918,True,False,0.5112
geolife,grad-p,18,23,False,1.0,0.0,0.0,0.0,5.5959,False,False,0.5064
geolife,grad-p,18,28,False,1.0,0.0,0.0,0.0,4.9385,False,False,0.5071
geolife,grad-p,18,71,False,1.0,0.0,0.0,0.0,5.5966,False,False,0.5087
geolife,grad-p,18,69,False,1.0,0.0,0.0,0.0,5.0421,False,False,0.5079
geolife,grad-p,18,0,False,0.0,0.098,0.098,0.0,7.2399,True,False,0.508
geolife,grad-p,18,46,False,1.0,0.0,0.0,0.0,4.2135,False,False,0.5099
geolife,grad-p,18,67,False,0.0,0.19,0.19,0.0,5.7476,True,False,0.5108
geolife,grad-p,18,56,False,1.0,0.0,0.0,0.0,5.3627,False,False,0.5067
geolife,grad-p,18,4,True,0.0,0.346,0.346,0.0,2485.3945,True,False,1.5762
geolife,grad-p,18,85,True,0.0,0.298,0.298,0.0,2554.9081,True,False,1.6347
geolife,grad-p,18,80,True,0.0,0.38,0.38,0.0,2846.1672,True,False,1.8795
geolife,grad-p,18,99,True,1.0,0.0,0.0,0.0,3627.3222,False,True,2.5364
geolife,grad-p,19,14,False,0.0,0.142,0.142,0.0,7.0784,False,False,0.4643
geolife,grad-p,19,77,False,1.0,0.0,0.0,0.0,6.3823,False,False,0.4633
geolife,grad-p,19,31,False,0.0,0.148,0.148,0.0,5.1124,False,False,0.4668
geolife,grad-p,19,1,False,0.0,0.458,0.458,0.0,5.5401,False,False,0.4682
geolife,grad-p,19,33,False,1.0,0.0,0.0,0.0,3.7475,False,False,0.4656
geolife,grad-p,19,50,False,1.0,0.0,0.0,0.0,6.036,False,False,0.4635
geolife,grad-p,19,62,False,0.0,0.012,0.012,0.0,4.4149,False,False,0.4654
geolife,grad-p,19,35,False,1.0,0.0,0.0,0.0,4.888,False,False,0.4642
geolife,grad-p,19,76,False,0.0,0.092,0.092,0.0,5.7221,False,False,0.4659
geolife,grad-p,19,24,False,1.0,0.0,0.0,0.0,4.8711,False,False,0.4643
geolife,grad-p,19,58,False,1.0,0.0,0.0,0.0,3.5721,False,False,0.4668
geolife,grad-p,19,6,False,0.0,0.136,0.136,0.0,5.077,False,False,0.4679
geolife,grad-p,19,37,False,0.0,0.046,0.046,0.0,4.178,False,False,0.4679
geolife,grad-p,19,39,False,1.0,0.0,0.0,0.0,6.6606,False,False,0.4629
geolife,grad-p,19,25,False,0.0,0.744,0.744,0.0,6.7759,False,False,0.4681
geolife,grad-p,19,29,False,1.0,0.0,0.0,0.0,5.716,False,False,0.4637
geolife,grad-p,19,86,True,0.0,0.044,0.044,0.0,2617.1353,False,True,2.1273
geolife,grad-p,19,98,True,0.0,0.792,0.792,0.0,2917.497,False,True,2.4256
geolife,grad-p,19,96,True,0.0,0.936,0.936,0.0,943.8195,False,False,0.4657
geolife,grad-p,19,84,True,0.0,0.02,0.02,0.0,2922.2928,False,True,2.4303
geolife,grad-p,20,78,False,1.0,0.0,0.0,0.0,4.7114,False,False,0.4927
geolife,grad-p,20,31,False,0.0,0.098,0.098,0.0,4.561,False,False,0.4935
geolife,grad-p,20,59,False,0.0,0.048,0.048,0.0,2.9976,False,False,0.4945
geolife,grad-p,20,74,False,0.0,0.018,0.018,0.0,3.3773,False,False,0.4947
geolife,grad-p,20,28,False,1.0,0.0,0.0,0.0,7.4655,False,False,0.4902
geolife,grad-p,20,49,False,1.0,0.0,0.0,0.0,3.3101,False,False,0.4935
geolife,grad-p,20,6,False,0.0,0.17,0.17,0.0,4.0873,False,False,0.4944
geolife,grad-p,20,70,False,1.0,0.0,0.0,0.0,3.0738,False,False,0.495
geolife,grad-p,20,44,False,0.0,0.056,0.056,0.0,4.4697,False,False,0.493
geolife,grad-p,20,43,False,1.0,0.0,0.0,0.0,7.4687,False,False,0.4905
geolife,grad-p,20,60,False,1.0,0.0,0.0,0.0,9.7398,False,False,0.4887
geolife,grad-p,20,22,False,0.0,0.14,0.14,0.0,2.5751,False,False,0.4945
geolife,grad-p,20,26,False,0.0,0.24,0.24,0.0,3.9601,False,False,0.4948
geolife,grad-p,20,36,False,1.0,0.0,0.0,0.0,5.0924,False,False,0.4921
geolife,grad-p,20,25,False,0.0,0.732,0.732,0.0,5.5243,False,False,0.4945
geolife,grad-p,20,63,False,0.0,0.14,0.14,0.0,5.5061,False,False,0.4927
geolife,grad-p,20,88,True,0.0,0.126,0.126,0.0,3229.082,False,True,2.0893
geolife,grad-p,20,91,True,0.0,0.586,0.586,0.0,2417.9683,False,False,1.4396
geolife,grad-p,20,83,True,0.0,0.904,0.904,0.0,3702.3392,False,True,2.4685
geolife,grad-p,20,94,True,0.0,0.814,0.814,0.0,2982.4978,False,False,1.8918
geolife,grad-p,21,23,False,0.0,0.126,0.126,0.0,5.7272,False,False,0.4996
geolife,grad-p,21,29,False,1.0,0.0,0.0,0.0,4.9506,False,False,0.4964
geolife,grad-p,21,50,False,1.0,0.0,0.0,0.0,5.7264,False,False,0.4961
geolife,grad-p,21,51,False,1.0,0.0,0.0,0.0,4.1909,False,False,0.4979
geolife,grad-p,21,43,False,1.0,0.0,0.0,0.0,7.1294,False,False,0.4956
geolife,grad-p,21,33,False,1.0,0.0,0.0,0.0,3.4295,False,False,0.498
geolife,grad-p,21,36,False,0.0,0.004,0.004,0.0,5.501,False,False,0.4972
geolife,grad-p,21,47,False,1.0,0.0,0.0,0.0,3.569,False,False,0.4973
geolife,grad-p,21,57,False,1.0,0.0,0.0,0.0,6.143,False,False,0.4957
geolife,grad-p,21,65,False,0.0,1.0,1.0,0.0,7.1881,False,False,0.5003
geolife,grad-p,21,31,False,0.0,0.066,0.066,0.0,5.9493,False,False,0.4986
geolife,grad-p,21,60,False,1.0,0.0,0.0,0.0,8.7783,False,False,0.4945
geolife,grad-p,21,28,False,1.0,0.0,0.0,0.0,6.1832,False,False,0.4957
geolife,grad-p,21,64,False,0.0,1.0,1.0,0.0,8.0133,False,False,0.4996
geolife,grad-p,21,42,False,0.0,0.006,0.006,0.0,6.7963,False,False,0.496
geolife,grad-p,21,27,False,0.0,0.002,0.002,0.0,8.5171,False,False,0.4952
geolife,grad-p,21,90,True,0.0,1.0,1.0,0.0,3615.2165,False,True,2.1532
geolife,grad-p,21,98,True,0.0,0.552,0.552,0.0,3043.4881,False,False,1.7334
geolife,grad-p,21,88,True,1.0,0.0,0.0,0.0,3100.3583,False,False,1.7751
geolife,grad-p,21,83,True,0.0,0.884,0.884,0.0,3804.2862,False,True,2.2921
geolife,grad-p,22,17,False,0.0,0.228,0.228,0.0,5.7437,True,False,0.5018
geolife,grad-p,22,47,False,1.0,0.0,0.0,0.0,3.792,False,False,0.5003
geolife,grad-p,22,24,False,1.0,0.0,0.0,0.0,4.5391,False,False,0.4993
geolife,grad-p,22,62,False,0.0,0.036,0.036,0.0,4.7917,True,False,0.5007
geolife,grad-p,22,46,False,0.0,0.152,0.152,0.0,6.9261,True,False,0.4995
geolife,grad-p,22,52,False,1.0,0.0,0.0,0.0,4.1936,False,False,0.5009
geolife,grad-p,22,33,False,1.0,0.0,0.0,0.0,3.7301,False,False,0.5008
geolife,grad-p,22,58,False,1.0,0.0,0.0,0.0,3.6124,False,False,0.5022
geolife,grad-p,22,3,False,1.0,0.0,0.0,0.0,6.3132,False,False,0.4981
geolife,grad-p,22,5,False,1.0,0.0,0.0,0.0,3.7511,False,False,0.5037
geolife,grad-p,22,70,False,0.0,0.462,0.462,0.0,6.1802,True,False,0.5035
geolife,grad-p,22,2,False,0.0,0.14,0.14,0.0,3.7257,True,False,0.5032
geolife,grad-p,22,22,False,1.0,0.0,0.0,0.0,5.9554,False,False,0.4983
geolife,grad-p,22,19,False,0.0,0.122,0.122,0.0,4.7726,True,False,0.5033
geolife,grad-p,22,23,False,1.0,0.0,0.0,0.0,6.2645,False,False,0.4982
geolife,grad-p,22,28,True,1.0,0.0,0.0,0.0,1539.6328,False,False,0.9939
geolife,grad-p,22,87,True,1.0,0.0,0.0,0.0,2516.8153,False,False,1.9462
geolife,grad-p,22,85,True,0.0,0.022,0.022,0.0,2831.2255,True,True,2.2526
geolife,grad-p,22,99,True,0.0,0.628,0.628,0.0,2901.2209,True,True,2.3208
geolife,grad-p,23,69,False,0.0,0.002,0.002,0.0,4.9386,False,False,0.499
geolife,grad-p,23,64,False,0.0,1.0,1.0,0.0,7.1974,False,False,0.5013
geolife,grad-p,23,78,False,1.0,0.0,0.0,0.0,3.7691,False,False,0.4993
geolife,grad-p,23,79,False,1.0,0.0,0.0,0.0,2.9473,False,False,0.5009
geolife,grad-p,23,70,False,1.0,0.0,0.0,0.0,3.37,False,False,0.5017
geolife,grad-p,23,57,False,1.0,0.0,0.0,0.0,6.0254,False,False,0.4968
geolife,grad-p,23,14,False,0.0,0.156,0.156,0.0,7.3682,False,False,0.4977
geolife,grad-p,23,47,False,1.0,0.0,0.0,0.0,3.5964,False,False,0.4989
geolife,grad-p,23,50,False,1.0,0.0,0.0,0.0,5.4001,False,False,0.4974
geolife,grad-p,23,73,False,0.0,1.0,1.0,0.0,7.2781,False,False,0.5013
geolife,grad-p,23,43,False,1.0,0.0,0.0,0.0,7.6371,False,False,0.4964
geolife,grad-p,23,67,False,0.0,0.004,0.004,0.0,3.7902,False,False,0.5
geolife,grad-p,23,49,False,1.0,0.0,0.0,0.0,2.8377,False,False,0.5003
geolife,grad-p,23,59,False,0.0,0.026,0.026,0.0,3.7549,False,False,0.5011
geolife,grad-p,23,39,False,1.0,0.0,0.0,0.0,5.7972,False,False,0.497
geolife,grad-p,23,17,False,0.0,0.192,0.192,0.0,6.0578,False,False,0.4998
geolife,grad-p,23,98,True,0.0,0.992,0.992,0.0,2950.5312,False,True,2.0449
geolife,grad-p,23,99,True,0.0,1.0,1.0,0.0,2865.5005,False,False,1.9714
geolife,grad-p,23,97,True,0.0,1.0,1.0,0.0,2694.3318,False,False,1.8235
geolife,grad-p,23,94,True,0.0,0.106,0.106,0.0,3070.9794,False,True,2.1489
geolife,grad-p,24,45,False,1.0,0.0,0.0,0.0,4.9433,False,False,0.4998
geolife,grad-p,24,66,False,0.0,0.004,0.004,0.0,8.4835,True,False,0.4987
geolife,grad-p,24,15,False,1.0,0.0,0.0,0.0,5.5456,False,False,0.4992
geolife,grad-p,24,78,False,1.0,0.0,0.0,0.0,3.3149,False,False,0.5015
geolife,grad-p,24,41,False,1.0,0.0,0.0,0.0,4.1544,False,False,0.5045
geolife,grad-p,24,69,False,0.0,0.002,0.002,0.0,5.6087,True,False,0.5009
geolife,grad-p,24,33,False,1.0,0.0,0.0,0.0,3.7349,False,False,0.5016
geolife,grad-p,24,49,False,1.0,0.0,0.0,0.0,3.1434,False,False,0.5024
geolife,grad-p,24,26,False,0.0,0.254,0.254,0.0,5.0406,True,False,0.5037
geolife,grad-p,24,71,False,1.0,0.0,0.0,0.0,4.9169,False,False,0.4998
geolife,grad-p,24,3,False,1.0,0.0,0.0,0.0,2.7097,False,False,0.503
geolife,grad-p,24,79,False,0.0,0.142,0.142,0.0,5.0246,True,False,0.5034
geolife,grad-p,24,72,False,0.0,0.018,0.018,0.0,3.9423,True,False,0.5032
geolife,grad-p,24,8,False,1.0,0.0,0.0,0.0,5.779,False,False,0.5006
geolife,grad-p,24,36,False,1.0,0.0,0.0,0.0,3.1517,False,False,0.5038
geolife,grad-p,24,70,True,0.0,0.994,0.994,0.0,2222.2401,True,False,1.3338
geolife,grad-p,24,93,True,0.0,0.508,0.508,0.0,2585.9395,True,False,1.6349
geolife,grad-p,24,80,True,0.0,0.596,0.596,0.0,2831.8073,True,False,1.8385
geolife,grad-p,24,84,True,0.0,0.008,0.008,0.0,3894.9449,True,True,2.7188
geolife,grad-p,25,0,False,1.0,0.0,0.0,0.0,5.5709,False,False,0.4522
geolife,grad-p,25,20,False,1.0,0.0,0.0,0.0,5.3294,False,False,0.4522
geolife,grad-p,25,21,False,1.0,0.0,0.0,0.0,3.6728,False,False,0.4541
geolife,grad-p,25,65,False,0.0,1.0,1.0,0.0,5.9971,False,False,0.4569
geolife,grad-p,25,4,False,1.0,0.0,0.0,0.0,5.7047,False,False,0.4516
geolife,grad-p,25,10,False,0.0,0.172,0.172,0.0,4.7896,False,False,0.4561
geolife,grad-p,25,11,False,1.0,0.0,0.0,0.0,3.7635,False,False,0.454
geolife,grad-p,25,29,False,1.0,0.0,0.0,0.0,6.6178,False,False,0.4515
geolife,grad-p,25,38,False,1.0,0.0,0.0,0.0,2.8452,False,False,0.4558
geolife,grad-p,25,56,False,0.0,0.194,0.194,0.0,4.8162,False,False,0.4558
geolife,grad-p,25,17,False,0.0,0.236,0.236,0.0,5.9371,False,False,0.4546
geolife,grad-p,25,2,False,0.0,0.446,0.446,0.0,5.898,False,False,0.4564
geolife,grad-p,25,15,False,1.0,0.0,0.0,0.0,5.9646,False,False,0.4513
geolife,grad-p,25,77,False,1.0,0.0,0.0,0.0,5.5304,False,False,0.4518
geolife,grad-p,25,44,False,0.0,0.106,0.106,0.0,5.11,False,False,0.4548
geolife,grad-p,25,40,False,0.0,0.032,0.032,0.0,3.9682,False,False,0.456
geolife,grad-p,25,86,True,0.0,0.946,0.946,0.0,2690.1111,False,True,2.0355
geolife,grad-p,25,83,True,0.0,0.668,0.668,0.0,4008.2761,False,True,3.2579
geolife,grad-p,25,89,True,0.0,0.004,0.004,0.0,1551.7921,False,False,0.9799
geolife,grad-p,25,87,True,0.0,0.656,0.656,0.0,1564.6506,False,False,0.9917
geolife,grad-p,26,40,False,0.0,0.04,0.04,0.0,4.4131,False,False,0.4964
geolife,grad-p,26,25,False,0.0,0.886,0.886,0.0,6.8889,False,False,0.4963
geolife,grad-p,26,76,False,0.0,0.13,0.13,0.0,6.2455,False,False,0.494
geolife,grad-p,26,6,False,0.0,0.144,0.144,0.0,5.1072,False,False,0.4963
geolife,grad-p,26,77,False,1.0,0.0,0.0,0.0,5.4934,False,False,0.4922
geolife,grad-p,26,42,False,0.0,0.006,0.006,0.0,7.3778,False,False,0.4918
geolife,grad-p,26,67,False,1.0,0.0,0.0,0.0,4.0488,False,False,0.495
geolife,grad-p,26,5,False,1.0,0.0,0.0,0.0,5.99,False,False,0.4918
geolife,grad-p,26,22,False,0.0,0.154,0.154,0.0,4.141,False,False,0.4964
geolife,grad-p,26,34,False,1.0,0.0,0.0,0.0,4.9503,False,False,0.4928
geolife,grad-p,26,33,False,1.0,0.0,0.0,0.0,3.8133,False,False,0.4946
geolife,grad-p,26,3,False,1.0,0.0,0.0,0.0,3.7804,False,False,0.4945
geolife,grad-p,26,78,False,1.0,0.0,0.0,0.0,5.3219,False,False,0.4925
geolife,grad-p,26,50,False,0.0,0.012,0.012,0.0,7.2128,False,False,0.4924
geolife,grad-p,26,18,False,0.0,0.238,0.238,0.0,5.9375,False,False,0.495
geolife,grad-p,26,17,True,0.0,0.95,0.95,0.0,3472.2405,False,True,2.7236
geolife,grad-p,26,90,True,0.0,0.388,0.388,0.0,1562.7604,False,False,0.9512
geolife,grad-p,26,87,True,0.0,0.686,0.686,0.0,2686.2529,False,False,1.9941
geolife,grad-p,26,97,True,0.0,1.0,1.0,0.0,2415.9142,False,False,1.7431
geolife,grad-p,27,78,False,1.0,0.0,0.0,0.0,3.6575,False,False,0.4564
geolife,grad-p,27,10,False,0.0,0.192,0.192,0.0,5.1718,False,False,0.4588
geolife,grad-p,27,28,False,1.0,0.0,0.0,0.0,5.8075,False,False,0.4532
geolife,grad-p,27,25,False,0.0,0.95,0.95,0.0,7.1125,False,False,0.4586
geolife,grad-p,27,66,False,0.0,0.004,0.004,0.0,9.5237,False,False,0.4518
geolife,grad-p,27,58,False,1.0,0.0,0.0,0.0,4.0174,False,False,0.4572
geolife,grad-p,27,70,False,1.0,0.0,0.0,0.0,3.683,False,False,0.4593
geolife,grad-p,27,15,False,1.0,0.0,0.0,0.0,5.6351,False,False,0.4534
geolife,grad-p,27,1,False,0.0,0.454,0.454,0.0,5.9213,False,False,0.4586
geolife,grad-p,27,50,False,1.0,0.0,0.0,0.0,5.2684,False,False,0.4539
geolife,grad-p,27,63,False,0.0,0.136,0.136,0.0,6.4889,False,False,0.4562
geolife,grad-p,27,45,False,1.0,0.0,0.0,0.0,5.3071,False,False,0.4539
geolife,grad-p,27,31,False,0.0,0.158,0.158,0.0,5.9112,False,False,0.4572
geolife,grad-p,27,33,False,1.0,0.0,0.0,0.0,3.9664,False,False,0.4563
geolife,grad-p,27,4,False,1.0,0.0,0.0,0.0,5.5546,False,False,0.4536
geolife,grad-p,27,46,False,0.0,0.104,0.104,0.0,7.3844,False,False,0.4549
geolife,grad-p,27,94,True,0.0,0.09,0.09,0.0,3129.0378,False,True,2.9361
geolife,grad-p,27,82,True,0.0,0.91,0.91,0.0,1606.9469,False,False,1.283
geolife,grad-p,27,96,True,0.0,0.228,0.228,0.0,996.3242,False,False,0.6197
geolife,grad-p,27,97,True,0.0,0.942,0.942,0.0,2685.6612,False,True,2.4545
geolife,grad-p,28,9,False,1.0,0.0,0.0,0.0,8.5233,False,False,0.468
geolife,grad-p,28,67,False,1.0,0.0,0.0,0.0,4.403,False,False,0.4721
geolife,grad-p,28,76,False,0.0,0.1,0.1,0.0,5.3133,False,False,0.4715
geolife,grad-p,28,70,False,1.0,0.0,0.0,0.0,3.266,False,False,0.4742
geolife,grad-p,28,2,False,0.0,0.46,0.46,0.0,4.7153,False,False,0.4741
geolife,grad-p,28,3,False,0.0,0.16,0.16,0.0,3.0441,False,False,0.4736
geolife,grad-p,28,22,False,0.0,0.398,0.398,0.0,4.7062,False,False,0.4738
geolife,grad-p,28,75,False,1.0,0.0,0.0,0.0,3.5189,False,False,0.4724
geolife,grad-p,28,49,False,0.0,0.04,0.04,0.0,3.4702,False,False,0.4736
geolife,grad-p,28,40,False,1.0,0.0,0.0,0.0,7.2166,False,False,0.4691
geolife,grad-p,28,7,False,1.0,0.0,0.0,0.0,4.2683,False,False,0.4716
geolife,grad-p,28,33,False,0.0,0.036,0.036,0.0,7.1617,False,False,0.4696
geolife,grad-p,28,18,False,0.0,0.046,0.046,0.0,3.304,False,False,0.4734
geolife,grad-p,28,37,False,1.0,0.0,0.0,0.0,4.6655,False,False,0.4718
geolife,grad-p,28,51,False,0.0,1.0,1.0,0.0,5.911,False,False,0.4736
geolife,grad-p,28,64,True,0.0,0.92,0.92,0.0,1591.4761,False,False,1.0085
geolife,grad-p,28,87,True,0.0,0.024,0.024,0.0,2537.7329,False,False,1.8917
geolife,grad-p,28,80,True,1.0,0.0,0.0,0.0,3903.95,False,True,3.1669
geolife,grad-p,28,95,True,0.0,0.272,0.272,0.0,1598.9371,False,False,1.0155
geolife,grad-p,29,65,False,0.0,1.0,1.0,0.0,6.2099,False,False,0.4894
geolife,grad-p,29,79,False,1.0,0.0,0.0,0.0,2.6738,False,False,0.4882
geolife,grad-p,29,66,False,0.0,0.004,0.004,0.0,7.973,False,False,0.4832
geolife,grad-p,29,49,False,1.0,0.0,0.0,0.0,3.1341,False,False,0.4874
geolife,grad-p,29,54,False,1.0,0.0,0.0,0.0,3.9161,False,False,0.486
geolife,grad-p,29,4,False,1.0,0.0,0.0,0.0,5.5758,False,False,0.4838
geolife,grad-p,29,58,False,0.0,0.024,0.024,0.0,3.6412,False,False,0.4874
geolife,grad-p,29,78,False,1.0,0.0,0.0,0.0,3.3768,False,False,0.4865
geolife,grad-p,29,41,False,1.0,0.0,0.0,0.0,4.1985,False,False,0.49
geolife,grad-p,29,69,False,0.0,0.008,0.008,0.0,6.4754,False,False,0.4853
geolife,grad-p,29,67,False,0.0,0.002,0.002,0.0,3.8903,False,False,0.4871
geolife,grad-p,29,36,False,0.0,0.02,0.02,0.0,5.7398,False,False,0.4852
geolife,grad-p,29,28,False,1.0,0.0,0.0,0.0,5.8267,False,False,0.4835
geolife,grad-p,29,73,False,0.0,1.0,1.0,0.0,7.3487,False,False,0.4886
geolife,grad-p,29,61,False,1.0,0.0,0.0,0.0,5.693,False,False,0.4836
geolife,grad-p,29,59,False,0.0,0.012,0.012,0.0,3.8119,False,False,0.4885
geolife,grad-p,29,89,True,0.0,0.434,0.434,0.0,1580.3109,False,False,1.0799
geolife,grad-p,29,80,True,0.0,0.996,0.996,0.0,2686.8239,False,True,2.1805
geolife,grad-p,29,99,True,0.0,0.232,0.232,0.0,2946.6652,False,True,2.439
geolife,grad-p,29,85,True,0.0,0.854,0.854,0.0,2590.0274,False,True,2.0842
geolife,spf,0,30,False,0.4304,0.046,0.2,0.246,6.4056,False,False,0.5495
geolife,spf,0,0,False,0.0,0.246,0.0,0.246,4.0591,False,False,0.561
geolife,spf,0,22,False,0.259,0.098,0.148,0.246,4.5426,False,False,1.395
geolife,spf,0,31,False,0.2999,0.106,0.14,0.246,5.6883,False,False,0.8159
geolife,spf,0,18,False,0.0,0.246,0.0,0.246,6.4867,False,False,0.686
geolife,spf,0,28,False,0.0,0.246,0.0,0.246,6.5065,False,False,1.4783
geolife,spf,0,10,False,0.4097,0.07,0.176,0.246,5.4017,False,False,1.4825
geolife,spf,0,70,False,0.0,0.246,0.0,0.246,4.2161,False,False,1.6367
geolife,spf,0,4,False,0.0,0.246,0.0,0.246,5.9134,False,False,1.2434
geolife,spf,0,12,False,0.0,0.246,0.0,0.246,6.0383,False,False,1.2453
geolife,spf,0,49,False,0.0,0.246,0.0,0.246,2.471,False,False,0.6894
geolife,spf,0,33,False,0.0,0.246,0.0,0.246,3.0351,False,False,0.1393
geolife,spf,0,67,False,0.0,0.246,0.0,0.246,3.0783,False,False,0.6214
geolife,spf,0,35,False,0.0,0.246,0.0,0.246,4.3256,False,False,0.5466
geolife,spf,0,68,False,0.2845,0.092,0.154,0.246,5.63,False,False,0.5603
geolife,spf,0,45,False,0.0,0.246,0.0,0.246,5.4776,False,False,0.9524
geolife,spf,0,81,True,0.1968,0.044,0.202,0.246,4.848,False,False,1.3921
geolife,spf,0,84,True,0.0,0.246,0.0,0.246,4.5264,False,False,0.3041
geolife,spf,0,85,True,0.3569,0.014,0.232,0.246,7.0242,False,False,0.1547
geolife,spf,0,83,True,0.0082,0.242,0.004,0.246,8.8052,False,False,1.2989
geolife,spf,1,23,False,0.3768,0.024,0.128,0.104,4.8858,False,False,0.9947
geolife,spf,1,39,False,0.0,0.104,0.0,0.104,5.7998,False,False,1.2649
geolife,spf,1,69,False,0.0,0.104,0.0,0.104,4.7349,False,False,0.2966
geolife,spf,1,74,False,0.2521,0.08,0.024,0.104,4.5079,False,False,1.0176
geolife,spf,1,0,False,0.0,0.104,0.0,0.104,4.7215,False,False,0.6959
geolife,spf,1,1,False,0.0848,0.3,0.404,0.104,6.1194,False,False,0.9785
geolife,spf,1,38,False,0.0,0.104,0.0,0.104,2.4277,False,False,0.7328
geolife,spf,1,45,False,0.0,0.104,0.0,0.104,5.1425,False,False,1.0102
geolife,spf,1,72,False,0.1113,0.046,0.15,0.104,5.1891,False,False,0.9307
geolife,spf,1,63,False,0.2209,0.024,0.128,0.104,6.0011,False,False,0.0754
geolife,spf,1,8,False,0.218,0.09,0.014,0.104,3.7189,False,False,0.8729
geolife,spf,1,13,False,0.0,0.104,0.0,0.104,6.001,False,False,1.3554
geolife,spf,1,15,False,0.0,0.104,0.0,0.104,5.7452,False,False,1.2695
geolife,spf,1,41,False,0.0,0.104,0.0,0.104,4.8514,False,False,1.5042
geolife,spf,1,54,False,0.0,0.104,0.0,0.104,3.2428,False,False,0.193
geolife,spf,1,5,False,0.0,0.104,0.0,0.104,5.7705,False,False,1.28
geolife,spf,1,94,True,0.0,0.104,0.0,0.104,4.7093,False,False,0.5421
geolife,spf,1,82,True,0.0,0.104,0.0,0.104,2.5642,False,False,0.8068
geolife,spf,1,95,True,0.0,0.104,0.0,0.104,7.5956,False,False,1.2143
geolife,spf,1,96,True,0.0,0.104,0.0,0.104,4.6056,False,False,1.3593
geolife,spf,2,49,False,0.0,0.028,0.0,0.028,2.7529,False,False,0.6588
geolife,spf,2,43,False,0.0,0.028,0.0,0.028,5.6736,False,False,0.7228
geolife,spf,2,38,False,0.0,0.028,0.0,0.028,2.9893,False,False,1.2039
geolife,spf,2,46,False,-0.0164,0.082,0.11,0.028,6.3913,True,False,0.5324
geolife,spf,2,79,False,0.0,0.028,0.0,0.028,3.0566,False,False,1.2266
geolife,spf,2,24,False,0.0,0.028,0.0,0.028,4.4767,False,False,0.8225
geolife,spf,2,19,False,0.0,0.028,0.0,0.028,5.2849,False,False,0.8927
geolife,spf,2,62,False,0.0,0.028,0.0,0.028,3.5546,False,False,0.1182
geolife,spf,2,56,False,0.0162,0.134,0.162,0.028,4.8365,False,False,1.3265
geolife,spf,2,73,False,0.0,0.972,1.0,0.028,8.3162,False,False,1.5202
geolife,spf,2,32,False,0.0759,0.206,0.234,0.028,7.3186,False,False,0.8964
geolife,spf,2,77,False,0.0,0.028,0.0,0.028,5.7677,False,False,1.279
geolife,spf,2,39,False,0.0,0.028,0.0,0.028,5.9707,False,False,1.4251
geolife,spf,2,7,False,0.0,0.028,0.0,0.028,5.9956,False,False,1.4277
geolife,spf,2,63,False,0.001,0.112,0.14,0.028,6.3544,False,False,0.1251
geolife,spf,2,42,False,-0.007,0.024,0.004,0.028,6.2364,True,False,0.7369
geolife,spf,2,91,True,0.0,0.028,0.0,0.028,3.4478,False,False,0.2614
geolife,spf,2,80,True,0.0,0.028,0.0,0.028,4.8706,False,False,0.2658
geolife,spf,2,87,True,0.0,0.028,0.0,0.028,3.7649,False,False,1.5559
geolife,spf,2,88,True,0.0243,0.166,0.194,0.028,7.7576,False,False,0.7882
geolife,spf,3,55,False,0.0,0.016,0.0,0.016,6.5909,False,False,1.1559
geolife,spf,3,25,False,0.01,0.748,0.764,0.016,7.6038,False,False,1.33
geolife,spf,3,10,False,0.0137,0.156,0.172,0.016,5.4385,False,False,1.3244
geolife,spf,3,19,False,0.0,0.016,0.0,0.016,4.2749,False,False,0.6873
geolife,spf,3,45,False,0.0,0.016,0.0,0.016,5.7746,False,False,1.0077
geolife,spf,3,1,False,-0.0317,0.38,0.396,0.016,6.3504,True,False,1.3516
geolife,spf,3,73,False,0.0,0.984,1.0,0.016,8.3822,False,False,1.3598
geolife,spf,3,21,False,0.0,0.016,0.0,0.016,3.8587,False,False,0.2
geolife,spf,3,54,False,0.0,0.016,0.0,0.016,2.8976,False,False,0.1035
geolife,spf,3,2,False,0.0488,0.378,0.394,0.016,6.7489,False,False,1.5116
geolife,spf,3,20,False,0.0,0.016,0.0,0.016,4.7036,False,False,0.7369
geolife,spf,3,33,False,0.0,0.016,0.0,0.016,2.963,False,False,0.1619
geolife,spf,3,29,False,0.0,0.016,0.0,0.016,4.5513,False,False,0.6963
geolife,spf,3,62,False,0.0,0.016,0.0,0.016,3.4082,False,False,0.1266
geolife,spf,3,7,False,0.0,0.016,0.0,0.016,6.2686,False,False,1.2654
geolife,spf,3,77,False,0.0,0.016,0.0,0.016,5.9841,False,False,1.1498
geolife,spf,3,80,True,0.0,0.016,0.0,0.016,4.4517,False,False,0.071
geolife,spf,3,81,True,-0.0306,0.188,0.204,0.016,4.7677,True,False,1.2602
geolife,spf,3,88,True,0.0296,0.174,0.19,0.016,7.6524,False,False,0.7188
geolife,spf,3,95,True,0.0,0.016,0.0,0.016,7.6215,False,False,1.2404
geolife,spf,4,47,False,0.0,0.006,0.0,0.006,3.4225,False,False,0.1182
geolife,spf,4,78,False,0.0,0.006,0.0,0.006,2.2135,False,False,0.2504
geolife,spf,4,36,False,0.0,0.006,0.0,0.006,4.9902,False,False,0.3234
geolife,spf,4,51,False,0.0,0.006,0.0,0.006,2.2096,False,False,0.2281
geolife,spf,4,44,False,0.0874,0.07,0.076,0.006,5.4827,False,False,0.6528
geolife,spf,4,13,False,0.0,0.006,0.0,0.006,4.6911,False,False,1.5957
geolife,spf,4,10,False,-0.0118,0.188,0.194,0.006,6.1199,True,False,1.6812
geolife,spf,4,75,False,0.016,0.278,0.284,0.006,7.317,False,False,1.655
geolife,spf,4,11,False,0.0,0.006,0.0,0.006,2.4067,False,False,0.2132
geolife,spf,4,24,False,0.0,0.006,0.0,0.006,4.5184,False,False,0.7422
geolife,spf,4,72,False,-0.0117,0.156,0.162,0.006,6.2019,True,False,1.5938
geolife,spf,4,34,False,0.0,0.006,0.0,0.006,3.6886,False,False,0.9385
geolife,spf,4,33,False,0.0,0.006,0.0,0.006,3.6425,False,False,0.1597
geolife,spf,4,45,False,0.0,0.006,0.0,0.006,4.1417,False,False,1.2179
geolife,spf,4,21,False,0.0,0.006,0.0,0.006,2.4313,False,False,0.295
geolife,spf,4,66,False,0.0,0.006,0.0,0.006,7.3666,False,False,1.1402
geolife,spf,4,80,True,0.0,0.006,0.0,0.006,5.913,False,False,0.2332
geolife,spf,4,82,True,0.0,0.006,0.0,0.006,3.0897,False,False,1.4212
geolife,spf,4,90,True,0.0,0.006,0.0,0.006,4.5156,False,False,1.4433
geolife,spf,4,84,True,0.0,0.006,0.0,0.006,3.1782,False,False,0.398
geolife,spf,5,70,False,0.0,0.004,0.0,0.004,3.4862,False,False,1.2887
geolife,spf,5,25,False,0.0024,0.768,0.772,0.004,6.4782,False,False,1.1437
geolife,spf,5,14,False,-0.0079,0.166,0.17,0.004,6.4949,True,False,0.4627
geolife,spf,5,40,False,-0.0067,0.016,0.02,0.004,3.6576,True,False,1.2607
geolife,spf,5,73,False,0.0,0.996,1.0,0.004,7.1719,False,False,1.1892
geolife,spf,5,64,False,0.0,0.996,1.0,0.004,7.0807,False,False,1.1058
geolife,spf,5,42,False,-0.0027,0.002,0.002,0.004,6.6034,True,False,0.9419
geolife,spf,5,38,False,0.0,0.004,0.0,0.004,3.1443,False,False,0.8894
geolife,spf,5,77,False,0.0,0.004,0.0,0.004,6.5806,False,False,1.1718
geolife,spf,5,18,False,0.0,0.004,0.0,0.004,6.0927,False,False,0.7691
geolife,spf,5,29,False,0.0,0.004,0.0,0.004,5.8292,False,False,0.8644
geolife,spf,5,36,False,0.0,0.004,0.0,0.004,4.6657,False,False,0.3121
geolife,spf,5,75,False,0.0197,0.284,0.288,0.004,5.4902,False,False,1.1267
geolife,spf,5,69,False,-0.0027,0.002,0.002,0.004,4.5298,True,False,0.179
geolife,spf,5,5,False,0.0,0.004,0.0,0.004,7.0832,False,False,1.3737
geolife,spf,5,74,False,-0.0068,0.018,0.022,0.004,4.1259,True,False,1.1814
geolife,spf,5,84,True,0.0,0.004,0.0,0.004,4.9451,False,False,0.4217
geolife,spf,5,92,True,0.0,0.004,0.0,0.004,6.6964,False,False,1.2436
geolife,spf,5,83,True,-0.0069,0.02,0.024,0.004,8.492,True,False,1.3352
geolife,spf,5,85,True,0.0268,0.224,0.228,0.004,6.4701,False,False,0.1103
geolife,spf,6,9,False,1.0,0.0,0.0,0.0,6.3113,False,False,1.0806
geolife,spf,6,40,False,0.0,0.022,0.022,0.0,4.2544,True,False,1.4285
geolife,spf,6,60,False,1.0,0.0,0.0,0.0,8.2909,False,False,1.5056
geolife,spf,6,59,False,0.0,0.016,0.016,0.0,3.8318,True,False,1.2195
geolife,spf,6,38,False,1.0,0.0,0.0,0.0,2.8781,False,False,1.0293
geolife,spf,6,8,False,0.0,0.016,0.016,0.0,3.9384,True,False,1.1653
geolife,spf,6,77,False,1.0,0.0,0.0,0.0,5.5909,False,False,1.0944
geolife,spf,6,4,False,1.0,0.0,0.0,0.0,5.7311,False,False,1.1731
geolife,spf,6,52,False,1.0,0.0,0.0,0.0,3.4522,False,False,0.1387
geolife,spf,6,56,False,0.0,0.192,0.192,0.0,5.006,True,False,1.1466
geolife,spf,6,5,False,1.0,0.0,0.0,0.0,6.0661,False,False,1.2967
geolife,spf,6,20,False,1.0,0.0,0.0,0.0,4.5019,False,False,0.6764
geolife,spf,6,69,False,0.0,0.008,0.008,0.0,4.9162,True,False,0.0731
geolife,spf,6,35,False,1.0,0.0,0.0,0.0,4.7691,False,False,0.5776
geolife,spf,6,10,False,0.0,0.188,0.188,0.0,5.1996,True,False,1.2844
geolife,spf,6,23,False,0.0,0.122,0.122,0.0,4.9625,True,False,1.3228
geolife,spf,6,85,True,0.0,0.22,0.22,0.0,6.9907,True,False,0.033
geolife,spf,6,86,True,1.0,0.0,0.0,0.0,5.2263,False,False,0.0762
geolife,spf,6,88,True,0.0,0.202,0.202,0.0,8.0647,True,False,0.8201
geolife,spf,6,98,True,1.0,0.0,0.0,0.0,4.7744,False,False,0.3943
geolife,spf,7,21,False,1.0,0.0,0.0,0.0,3.5,False,False,0.0215
geolife,spf,7,29,False,1.0,0.0,0.0,0.0,5.3905,False,False,0.8728
geolife,spf,7,0,False,1.0,0.0,0.0,0.0,4.7906,False,False,0.7811
geolife,spf,7,23,False,0.0,0.122,0.122,0.0,4.3761,True,False,1.205
geolife,spf,7,11,False,1.0,0.0,0.0,0.0,3.4408,False,False,0.0298
geolife,spf,7,62,False,1.0,0.0,0.0,0.0,3.6532,False,False,0.0403
geolife,spf,7,19,False,1.0,0.0,0.0,0.0,6.4065,False,False,1.3385
geolife,spf,7,52,False,1.0,0.0,0.0,0.0,3.4375,False,False,0.0646
geolife,spf,7,41,False,1.0,0.0,0.0,0.0,4.5105,False,False,1.8172
geolife,spf,7,63,False,0.0,0.11,0.11,0.0,5.985,True,False,0.1705
geolife,spf,7,1,False,0.0,0.356,0.356,0.0,5.4883,True,False,1.1998
geolife,spf,7,72,False,0.0,0.158,0.158,0.0,4.8667,True,False,1.1447
geolife,spf,7,56,False,0.0,0.188,0.188,0.0,4.3686,True,False,1.0261
geolife,spf,7,22,False,0.0,0.15,0.15,0.0,3.775,True,False,1.1196
geolife,spf,7,38,False,1.0,0.0,0.0,0.0,2.637,False,False,0.9014
geolife,spf,7,46,False,0.0,0.114,0.114,0.0,6.1899,True,False,0.5857
geolife,spf,7,83,True,0.0,0.008,0.008,0.0,8.9589,True,False,1.644
geolife,spf,7,92,True,1.0,0.0,0.0,0.0,5.969,False,False,1.4049
geolife,spf,7,88,True,0.0,0.178,0.178,0.0,7.7489,True,False,0.9444
geolife,spf,7,84,True,1.0,0.0,0.0,0.0,4.1778,False,False,0.5155
geolife,spf,8,79,False,1.0,0.0,0.0,0.0,3.4962,False,False,0.7302
geolife,spf,8,17,False,0.0,0.182,0.182,0.0,4.541,False,False,0.2789
geolife,spf,8,66,False,1.0,0.0,0.0,0.0,7.0148,False,False,1.0747
geolife,spf,8,45,False,1.0,0.0,0.0,0.0,6.9927,False,False,1.205
geolife,spf,8,16,False,0.0,0.412,0.412,0.0,5.0525,False,False,0.9558
geolife,spf,8,44,False,0.0,0.056,0.056,0.0,3.798,False,False,0.3257
geolife,spf,8,64,False,0.0,1.0,1.0,0.0,6.2536,False,False,0.9521
geolife,spf,8,8,False,0.0,0.016,0.016,0.0,3.0477,False,False,0.859
geolife,spf,8,36,False,1.0,0.0,0.0,0.0,5.2263,False,False,0.5327
geolife,spf,8,18,False,0.0,0.002,0.002,0.0,6.2214,False,False,0.9136
geolife,spf,8,58,False,1.0,0.0,0.0,0.0,3.8855,False,False,0.223
geolife,spf,8,55,False,0.0,0.032,0.032,0.0,7.6239,False,False,1.4682
geolife,spf,8,46,False,0.0,0.026,0.026,0.0,6.3082,False,False,0.6941
geolife,spf,8,23,False,0.0,0.118,0.118,0.0,3.702,False,False,1.0093
geolife,spf,8,34,False,1.0,0.0,0.0,0.0,6.6006,False,False,1.0291
geolife,spf,8,72,False,0.0,0.162,0.162,0.0,4.1207,False,False,0.9511
geolife,spf,8,96,True,1.0,0.0,0.0,0.0,3.6667,False,False,1.4438
geolife,spf,8,81,True,0.0,0.188,0.188,0.0,3.6854,False,False,1.0251
geolife,spf,8,93,True,0.0,0.268,0.268,0.0,6.0459,False,False,0.2017
geolife,spf,8,95,True,1.0,0.0,0.0,0.0,9.4945,False,True,2.0382
geolife,spf,9,72,False,0.0,0.162,0.162,0.0,4.9497,False,False,1.308
geolife,spf,9,77,False,1.0,0.0,0.0,0.0,5.6136,False,False,1.0872
geolife,spf,9,15,False,1.0,0.0,0.0,0.0,5.7956,False,False,1.2435
geolife,spf,9,0,False,1.0,0.0,0.0,0.0,4.7218,False,False,0.4236
geolife,spf,9,12,False,1.0,0.0,0.0,0.0,5.6755,False,False,1.15
geolife,spf,9,64,False,0.0,1.0,1.0,0.0,7.7664,False,False,1.3276
geolife,spf,9,29,False,1.0,0.0,0.0,0.0,5.2847,False,False,0.5922
geolife,spf,9,26,False,0.0,0.21,0.21,0.0,5.2516,False,False,1.5218
geolife,spf,9,31,False,0.0,0.118,0.118,0.0,5.1126,False,False,0.7142
geolife,spf,9,63,False,0.0,0.056,0.056,0.0,6.1665,False,False,0.1328
geolife,spf,9,79,False,1.0,0.0,0.0,0.0,2.923,False,False,1.0974
geolife,spf,9,4,False,1.0,0.0,0.0,0.0,5.9998,False,False,1.2458
geolife,spf,9,61,False,1.0,0.0,0.0,0.0,5.9906,False,False,1.2925
geolife,spf,9,51,False,1.0,0.0,0.0,0.0,3.2384,False,False,0.214
geolife,spf,9,44,False,0.0,0.152,0.152,0.0,4.5951,False,False,0.6552
geolife,spf,9,75,False,0.0,0.286,0.286,0.0,6.0437,False,False,1.3424
geolife,spf,9,83,True,0.0,0.02,0.02,0.0,8.9591,False,False,1.3063
geolife,spf,9,99,True,0.0,0.202,0.202,0.0,7.8655,False,False,0.3741
geolife,spf,9,97,True,1.0,0.0,0.0,0.0,4.2634,False,False,0.2841
geolife,spf,9,93,True,0.0,0.36,0.36,0.0,7.0769,False,False,0.6859
geolife,spf,10,8,False,0.0,0.016,0.016,0.0,3.475,True,False,0.9124
geolife,spf,10,2,False,0.0,0.38,0.38,0.0,5.7474,True,False,1.1999
geolife,spf,10,4,False,1.0,0.0,0.0,0.0,5.944,False,False,1.1597
geolife,spf,10,64,False,0.0,1.0,1.0,0.0,7.4191,True,False,1.0027
geolife,spf,10,27,False,0.0,0.014,0.014,0.0,8.4472,True,False,1.4459
geolife,spf,10,47,False,1.0,0.0,0.0,0.0,3.61,False,False,0.2124
geolife,spf,10,73,False,0.0,1.0,1.0,0.0,7.3442,True,False,1.0774
geolife,spf,10,56,False,0.0,0.19,0.19,0.0,4.361,True,False,0.9094
geolife,spf,10,68,False,0.0,0.098,0.098,0.0,6.1038,True,False,0.662
geolife,spf,10,38,False,1.0,0.0,0.0,0.0,2.3792,False,False,0.8179
geolife,spf,10,49,False,1.0,0.0,0.0,0.0,2.7453,False,False,0.4482
geolife,spf,10,3,False,1.0,0.0,0.0,0.0,6.1904,False,False,0.9803
geolife,spf,10,19,False,1.0,0.0,0.0,0.0,3.4389,False,False,0.004
geolife,spf,10,52,False,1.0,0.0,0.0,0.0,4.2203,False,False,1.5526
geolife,spf,10,41,False,1.0,0.0,0.0,0.0,5.4219,False,False,0.9276
geolife,spf,10,50,True,1.0,0.0,0.0,0.0,8.4439,False,False,1.3815
geolife,spf,10,95,True,1.0,0.0,0.0,0.0,6.0534,False,False,1.2257
geolife,spf,10,90,True,1.0,0.0,0.0,0.0,2.4634,False,False,0.8455
geolife,spf,10,82,True,0.0,0.212,0.212,0.0,8.1332,True,False,0.7669
geolife,spf,11,20,False,1.0,0.0,0.0,0.0,4.9304,False,False,0.7513
geolife,spf,11,49,False,1.0,0.0,0.0,0.0,2.6185,False,False,0.4758
geolife,spf,11,30,False,0.0,0.198,0.198,0.0,5.5868,True,False,0.5085
geolife,spf,11,17,False,0.0,0.216,0.216,0.0,5.8866,True,False,0.5011
geolife,spf,11,73,False,0.0,1.0,1.0,0.0,7.9241,True,False,1.1904
geolife,spf,11,43,False,1.0,0.0,0.0,0.0,6.451,False,False,1.0129
geolife,spf,11,0,False,1.0,0.0,0.0,0.0,4.4756,False,False,0.6387
geolife,spf,11,7,False,1.0,0.0,0.0,0.0,6.1248,False,False,1.2115
geolife,spf,11,53,False,1.0,0.0,0.0,0.0,6.5331,False,False,1.0863
geolife,spf,11,10,False,0.0,0.196,0.196,0.0,4.922,True,False,1.1279
geolife,spf,11,54,False,1.0,0.0,0.0,0.0,3.1602,False,False,0.0255
geolife,spf,11,46,False,0.0,0.09,0.09,0.0,6.3804,True,False,0.5146
geolife,spf,11,41,False,1.0,0.0,0.0,0.0,5.0957,False,False,1.7054
geolife,spf,11,4,False,1.0,0.0,0.0,0.0,6.1206,False,False,1.187
geolife,spf,11,76,False,0.0,0.132,0.132,0.0,6.1287,True,False,0.0359
geolife,spf,11,65,False,0.0,1.0,1.0,0.0,6.7757,True,False,1.5932
geolife,spf,11,96,True,1.0,0.0,0.0,0.0,4.7934,False,False,1.6287
geolife,spf,11,84,True,1.0,0.0,0.0,0.0,4.8045,False,False,0.4704
geolife,spf,11,92,True,1.0,0.0,0.0,0.0,6.3561,False,False,1.2592
geolife,spf,11,98,True,1.0,0.0,0.0,0.0,4.6699,False,False,0.5888
geolife,spf,12,45,False,1.0,0.0,0.0,0.0,6.1566,False,False,1.1384
geolife,spf,12,72,False,0.0,0.162,0.162,0.0,4.6848,False,False,1.178
geolife,spf,12,47,False,1.0,0.0,0.0,0.0,4.3818,False,False,0.3863
geolife,spf,12,53,False,1.0,0.0,0.0,0.0,6.8968,False,False,1.3124
geolife,spf,12,40,False,0.0,0.028,0.028,0.0,3.667,False,False,1.3091
geolife,spf,12,29,False,1.0,0.0,0.0,0.0,5.3744,False,False,0.9423
geolife,spf,12,70,False,1.0,0.0,0.0,0.0,3.5698,False,False,1.3946
geolife,spf,12,37,False,0.0,0.036,0.036,0.0,3.7278,False,False,1.0347
geolife,spf,12,10,False,0.0,0.184,0.184,0.0,4.4537,False,False,1.184
geolife,spf,12,28,False,1.0,0.0,0.0,0.0,6.6335,False,False,1.4157
geolife,spf,12,0,False,1.0,0.0,0.0,0.0,5.8049,False,False,0.8749
geolife,spf,12,66,False,0.0,0.004,0.004,0.0,7.7948,False,False,1.2969
geolife,spf,12,22,False,0.0,0.156,0.156,0.0,3.8431,False,False,1.1769
geolife,spf,12,63,False,0.0,0.084,0.084,0.0,6.0039,False,False,0.0632
geolife,spf,12,46,False,0.0,0.078,0.078,0.0,6.4796,False,False,0.6741
geolife,spf,12,75,False,0.0,0.304,0.304,0.0,5.6518,False,False,1.2078
geolife,spf,12,93,True,0.0,0.266,0.266,0.0,6.5369,False,False,0.3947
geolife,spf,12,91,True,1.0,0.0,0.0,0.0,4.1413,False,False,0.0048
geolife,spf,12,94,True,1.0,0.0,0.0,0.0,5.6997,False,False,0.6869
geolife,spf,12,86,True,0.0,0.006,0.006,0.0,4.9134,False,False,0.2105
geolife,spf,13,6,False,0.0,0.124,0.124,0.0,5.7931,True,False,1.4703
geolife,spf,13,17,False,0.0,0.22,0.22,0.0,6.6844,True,False,0.6548
geolife,spf,13,69,False,0.0,0.01,0.01,0.0,5.7736,True,False,0.1235
geolife,spf,13,66,False,0.0,0.004,0.004,0.0,7.753,True,False,0.8085
geolife,spf,13,15,False,1.0,0.0,0.0,0.0,5.6459,False,False,1.0435
geolife,spf,13,9,False,1.0,0.0,0.0,0.0,6.3496,False,False,1.0095
geolife,spf,13,60,False,1.0,0.0,0.0,0.0,8.4386,False,False,1.4214
geolife,spf,13,36,False,1.0,0.0,0.0,0.0,4.51,False,False,0.0189
geolife,spf,13,4,False,1.0,0.0,0.0,0.0,5.5324,False,False,0.9746
geolife,spf,13,5,False,1.0,0.0,0.0,0.0,5.9555,False,False,1.07
geolife,spf,13,59,False,0.0,0.036,0.036,0.0,4.2442,True,False,1.4844
geolife,spf,13,47,False,1.0,0.0,0.0,0.0,2.9447,False,False,0.2138
geolife,spf,13,20,False,1.0,0.0,0.0,0.0,4.3972,False,False,0.4815
geolife,spf,13,25,False,0.0,0.758,0.758,0.0,7.688,True,False,1.5545
geolife,spf,13,64,False,0.0,1.0,1.0,0.0,8.5936,True,False,1.4966
geolife,spf,13,11,False,1.0,0.0,0.0,0.0,3.7103,False,False,0.3588
geolife,spf,13,98,True,1.0,0.0,0.0,0.0,4.1788,False,False,0.1596
geolife,spf,13,82,True,1.0,0.0,0.0,0.0,3.4121,False,False,1.3008
geolife,spf,13,88,True,0.0,0.186,0.186,0.0,8.5497,True,False,0.5713
geolife,spf,13,92,True,1.0,0.0,0.0,0.0,5.9048,False,False,1.0988
geolife,spf,14,4,False,1.0,0.0,0.0,0.0,5.7146,False,False,1.2026
geolife,spf,14,61,False,1.0,0.0,0.0,0.0,5.7677,False,False,1.2164
geolife,spf,14,71,False,1.0,0.0,0.0,0.0,5.2173,False,False,0.9491
geolife,spf,14,48,False,0.0,0.004,0.004,0.0,8.9444,False,False,1.609
geolife,spf,14,56,False,0.0,0.208,0.208,0.0,4.3538,False,False,0.7599
geolife,spf,14,59,False,0.0,0.048,0.048,0.0,3.1742,False,False,0.8252
geolife,spf,14,39,False,1.0,0.0,0.0,0.0,5.6109,False,False,1.1717
geolife,spf,14,7,False,1.0,0.0,0.0,0.0,5.6314,False,False,1.1717
geolife,spf,14,75,False,0.0,0.294,0.294,0.0,5.8387,False,False,0.8644
geolife,spf,14,26,False,0.0,0.198,0.198,0.0,4.6219,False,False,1.0275
geolife,spf,14,40,False,0.0,0.026,0.026,0.0,3.3653,False,False,0.9521
geolife,spf,14,23,False,0.0,0.122,0.122,0.0,4.1746,False,False,0.8933
geolife,spf,14,6,False,0.0,0.114,0.114,0.0,4.757,False,False,0.8083
geolife,spf,14,50,False,1.0,0.0,0.0,0.0,5.1955,False,False,0.9794
geolife,spf,14,35,False,1.0,0.0,0.0,0.0,5.7413,False,False,0.7205
geolife,spf,14,65,False,0.0,1.0,1.0,0.0,6.1017,False,False,1.2637
geolife,spf,14,97,True,1.0,0.0,0.0,0.0,3.6618,False,False,0.3537
geolife,spf,14,81,True,0.0,0.23,0.23,0.0,4.2774,False,False,0.7478
geolife,spf,14,91,True,1.0,0.0,0.0,0.0,3.0439,False,False,0.0552
geolife,spf,14,96,True,1.0,0.0,0.0,0.0,3.7362,False,False,1.2872
geolife,spf,15,73,False,0.0,1.0,1.0,0.0,8.4154,True,False,1.715
geolife,spf,15,62,False,1.0,0.0,0.0,0.0,3.9874,False,False,0.4133
geolife,spf,15,17,False,0.0,0.216,0.216,0.0,6.4606,True,False,0.8108
geolife,spf,15,51,False,1.0,0.0,0.0,0.0,3.5224,False,False,0.4812
geolife,spf,15,68,False,0.0,0.086,0.086,0.0,6.2105,True,False,0.1989
geolife,spf,15,47,False,1.0,0.0,0.0,0.0,3.2601,False,False,0.3021
geolife,spf,15,41,False,1.0,0.0,0.0,0.0,5.3246,False,True,2.2753
geolife,spf,15,8,False,0.0,0.016,0.016,0.0,4.3434,True,False,1.4763
geolife,spf,15,53,False,1.0,0.0,0.0,0.0,7.955,False,False,1.3036
geolife,spf,15,57,False,1.0,0.0,0.0,0.0,5.6909,False,False,1.1016
geolife,spf,15,3,False,1.0,0.0,0.0,0.0,5.1481,False,False,0.7458
geolife,spf,15,71,False,1.0,0.0,0.0,0.0,5.5069,False,False,0.9927
geolife,spf,15,7,False,1.0,0.0,0.0,0.0,6.3003,False,False,0.4694
geolife,spf,15,43,False,1.0,0.0,0.0,0.0,4.8277,False,False,0.5929
geolife,spf,15,34,False,1.0,0.0,0.0,0.0,4.3622,False,False,0.107
geolife,spf,15,36,True,1.0,0.0,0.0,0.0,5.1341,False,False,0.0928
geolife,spf,15,80,True,1.0,0.0,0.0,0.0,4.0918,False,False,0.0503
geolife,spf,15,97,True,1.0,0.0,0.0,0.0,8.0583,False,False,1.1351
geolife,spf,15,95,True,0.0,0.006,0.006,0.0,8.7566,True,False,1.0835
geolife,spf,16,20,False,1.0,0.0,0.0,0.0,4.5024,False,False,0.6858
geolife,spf,16,56,False,0.0,0.208,0.208,0.0,4.7227,True,False,0.9566
geolife,spf,16,36,False,1.0,0.0,0.0,0.0,4.8105,False,False,0.3532
geolife,spf,16,55,False,1.0,0.0,0.0,0.0,7.5841,False,False,1.4136
geolife,spf,16,16,False,0.0,0.408,0.408,0.0,6.4976,True,False,1.0618
geolife,spf,16,28,False,1.0,0.0,0.0,0.0,6.1446,False,False,1.3799
geolife,spf,16,31,False,0.0,0.086,0.086,0.0,5.5332,True,False,0.4567
geolife,spf,16,10,False,0.0,0.188,0.188,0.0,4.8081,True,False,1.1047
geolife,spf,16,15,False,1.0,0.0,0.0,0.0,5.8431,False,False,1.3127
geolife,spf,16,41,False,1.0,0.0,0.0,0.0,4.7247,False,False,1.6649
geolife,spf,16,75,False,0.0,0.302,0.302,0.0,6.0932,True,False,1.09
geolife,spf,16,54,False,1.0,0.0,0.0,0.0,3.3888,False,False,0.0981
geolife,spf,16,6,False,0.0,0.102,0.102,0.0,5.1411,True,False,1.0189
geolife,spf,16,58,False,1.0,0.0,0.0,0.0,2.8864,False,False,0.4119
geolife,spf,16,17,False,0.0,0.242,0.242,0.0,5.8649,True,False,0.4009
geolife,spf,16,7,False,1.0,0.0,0.0,0.0,5.9242,False,False,1.2939
geolife,spf,16,97,True,1.0,0.0,0.0,0.0,4.4768,False,False,0.5336
geolife,spf,16,92,True,1.0,0.0,0.0,0.0,5.9388,False,False,1.3244
geolife,spf,16,98,True,1.0,0.0,0.0,0.0,5.4296,False,False,0.6699
geolife,spf,16,82,True,1.0,0.0,0.0,0.0,2.9359,False,False,0.8986
geolife,spf,17,27,False,0.0,0.006,0.006,0.0,7.751,False,False,1.5451
geolife,spf,17,36,False,0.0,0.002,0.002,0.0,4.9205,False,False,0.4025
geolife,spf,17,43,False,1.0,0.0,0.0,0.0,6.3841,False,False,1.0885
geolife,spf,17,38,False,1.0,0.0,0.0,0.0,3.4433,False,False,1.0454
geolife,spf,17,52,False,1.0,0.0,0.0,0.0,4.4643,False,False,0.0659
geolife,spf,17,18,False,0.0,0.006,0.006,0.0,6.8377,False,False,0.915
geolife,spf,17,46,False,0.0,0.098,0.098,0.0,5.8457,False,False,0.6184
geolife,spf,17,16,False,0.0,0.41,0.41,0.0,5.8684,False,False,1.255
geolife,spf,17,24,False,1.0,0.0,0.0,0.0,4.4628,False,False,0.4578
geolife,spf,17,58,False,1.0,0.0,0.0,0.0,3.4134,False,False,0.5164
geolife,spf,17,73,False,0.0,1.0,1.0,0.0,6.9984,False,False,1.3502
geolife,spf,17,65,False,0.0,1.0,1.0,0.0,5.8481,False,False,1.8154
geolife,spf,17,1,False,0.0,0.326,0.326,0.0,5.1432,False,False,1.2995
geolife,spf,17,19,False,1.0,0.0,0.0,0.0,5.4007,False,False,0.8833
geolife,spf,17,30,False,0.0,0.188,0.188,0.0,5.4088,False,False,0.396
geolife,spf,17,15,False,1.0,0.0,0.0,0.0,6.9683,False,False,1.4689
geolife,spf,17,89,True,1.0,0.0,0.0,0.0,3.5015,False,False,1.0803
geolife,spf,17,84,True,1.0,0.0,0.0,0.0,5.3535,False,False,0.5039
geolife,spf,17,94,True,1.0,0.0,0.0,0.0,5.6428,False,False,0.7277
geolife,spf,17,85,True,0.0,0.254,0.254,0.0,6.498,False,False,0.2131
geolife,spf,18,13,False,1.0,0.0,0.0,0.0,5.535,False,False,1.0878
geolife,spf,18,48,False,0.0,0.004,0.004,0.0,8.8458,True,False,1.4865
geolife,spf,18,64,False,0.0,1.0,1.0,0.0,8.8254,True,False,1.5591
geolife,spf,18,12,False,1.0,0.0,0.0,0.0,5.0806,False,False,0.9023
geolife,spf,18,52,False,1.0,0.0,0.0,0.0,3.3502,False,False,0.453
geolife,spf,18,3,False,0.0,0.028,0.028,0.0,5.2033,True,False,1.6684
geolife,spf,18,74,False,0.0,0.116,0.116,0.0,5.4244,True,False,1.6584
geolife,spf,18,23,False,1.0,0.0,0.0,0.0,5.3434,False,False,1.0808
geolife,spf,18,28,False,1.0,0.0,0.0,0.0,4.7744,False,False,0.7038
geolife,spf,18,71,False,1.0,0.0,0.0,0.0,4.8943,False,False,0.249
geolife,spf,18,69,False,1.0,0.0,0.0,0.0,4.7561,False,False,0.3172
geolife,spf,18,0,False,0.0,0.102,0.102,0.0,6.7386,True,False,0.1596
geolife,spf,18,46,False,0.0,0.004,0.004,0.0,4.0356,True,False,0.7485
geolife,spf,18,67,False,0.0,0.208,0.208,0.0,5.5703,True,False,1.4809
geolife,spf,18,56,False,1.0,0.0,0.0,0.0,5.2496,False,False,0.9898
geolife,spf,18,4,True,0.0,0.25,0.25,0.0,7.6812,True,False,0.2224
geolife,spf,18,85,True,1.0,0.0,0.0,0.0,5.7833,False,False,0.1777
geolife,spf,18,80,True,0.0,0.234,0.234,0.0,8.5546,True,False,0.1705
geolife,spf,18,99,True,1.0,0.0,0.0,0.0,5.2846,False,False,0.9636
geolife,spf,19,14,False,0.0,0.146,0.146,0.0,7.2025,True,False,0.7565
geolife,spf,19,77,False,1.0,0.0,0.0,0.0,6.1215,False,False,1.3649
geolife,spf,19,31,False,0.0,0.158,0.158,0.0,5.5599,True,False,0.6003
geolife,spf,19,1,False,0.0,0.326,0.326,0.0,5.4568,True,False,1.3825
geolife,spf,19,33,False,1.0,0.0,0.0,0.0,3.3053,False,False,0.1457
geolife,spf,19,50,False,1.0,0.0,0.0,0.0,5.7535,False,False,1.1705
geolife,spf,19,62,False,1.0,0.0,0.0,0.0,3.6794,False,False,0.1511
geolife,spf,19,35,False,1.0,0.0,0.0,0.0,4.7474,False,False,0.6628
geolife,spf,19,76,False,0.0,0.134,0.134,0.0,6.0607,True,False,0.0202
geolife,spf,19,24,False,1.0,0.0,0.0,0.0,4.0718,False,False,0.5629
geolife,spf,19,58,False,1.0,0.0,0.0,0.0,3.2197,False,False,0.6322
geolife,spf,19,6,False,0.0,0.104,0.104,0.0,5.0763,True,False,1.24
geolife,spf,19,37,False,0.0,0.034,0.034,0.0,4.0592,True,False,1.1902
geolife,spf,19,39,False,1.0,0.0,0.0,0.0,6.1816,False,False,1.4585
geolife,spf,19,25,False,0.0,0.712,0.712,0.0,6.6877,True,False,1.3825
geolife,spf,19,29,False,1.0,0.0,0.0,0.0,5.257,False,False,0.8548
geolife,spf,19,86,True,1.0,0.0,0.0,0.0,6.0734,False,False,0.6214
geolife,spf,19,98,True,1.0,0.0,0.0,0.0,5.9871,False,False,0.7526
geolife,spf,19,96,True,1.0,0.0,0.0,0.0,4.5083,False,False,1.9508
geolife,spf,19,84,True,1.0,0.0,0.0,0.0,4.7395,False,False,0.4907
geolife,spf,20,78,False,1.0,0.0,0.0,0.0,4.1677,False,False,0.0296
geolife,spf,20,31,False,0.0,0.154,0.154,0.0,4.8197,False,False,0.3186
geolife,spf,20,59,False,0.0,0.052,0.052,0.0,3.0602,False,False,0.9611
geolife,spf,20,74,False,0.0,0.028,0.028,0.0,3.557,False,False,1.0381
geolife,spf,20,28,False,1.0,0.0,0.0,0.0,6.9224,False,False,1.3399
geolife,spf,20,49,False,1.0,0.0,0.0,0.0,2.7805,False,False,0.5005
geolife,spf,20,6,False,0.0,0.106,0.106,0.0,4.2512,False,False,0.9017
geolife,spf,20,70,False,1.0,0.0,0.0,0.0,3.1915,False,False,1.2085
geolife,spf,20,44,False,0.0,0.14,0.14,0.0,4.4627,False,False,0.3284
geolife,spf,20,43,False,1.0,0.0,0.0,0.0,6.5913,False,False,0.9647
geolife,spf,20,60,False,1.0,0.0,0.0,0.0,9.6556,False,True,2.043
geolife,spf,20,22,False,0.0,0.166,0.166,0.0,3.2653,False,False,1.0006
geolife,spf,20,26,False,0.0,0.182,0.182,0.0,3.8886,False,False,1.158
geolife,spf,20,36,False,1.0,0.0,0.0,0.0,4.8632,False,False,0.4415
geolife,spf,20,25,False,0.0,0.796,0.796,0.0,5.7083,False,False,1.0334
geolife,spf,20,63,False,0.0,0.088,0.088,0.0,5.8675,False,False,0.0977
geolife,spf,20,88,True,0.0,0.16,0.16,0.0,7.6022,False,False,1.0918
geolife,spf,20,91,True,1.0,0.0,0.0,0.0,4.271,False,False,0.0129
geolife,spf,20,83,True,0.0,0.006,0.006,0.0,9.085,False,False,1.7254
geolife,spf,20,94,True,1.0,0.0,0.0,0.0,5.4235,False,False,0.7618
geolife,spf,21,23,False,0.0,0.118,0.118,0.0,5.2971,True,False,1.7496
geolife,spf,21,29,False,1.0,0.0,0.0,0.0,5.273,False,False,0.325
geolife,spf,21,50,False,1.0,0.0,0.0,0.0,6.1533,False,False,0.5325
geolife,spf,21,51,False,1.0,0.0,0.0,0.0,4.4908,False,False,0.6138
geolife,spf,21,43,False,1.0,0.0,0.0,0.0,6.8719,False,False,0.7414
geolife,spf,21,33,False,1.0,0.0,0.0,0.0,3.2214,False,False,0.6328
geolife,spf,21,36,False,1.0,0.0,0.0,0.0,5.0292,False,False,0.0747
geolife,spf,21,47,False,1.0,0.0,0.0,0.0,3.1086,False,False,0.4731
geolife,spf,21,57,False,1.0,0.0,0.0,0.0,6.4641,False,False,0.7656
geolife,spf,21,65,False,0.0,1.0,1.0,0.0,6.8488,True,True,2.2188
geolife,spf,21,31,False,0.0,0.18,0.18,0.0,6.1071,True,False,1.0562
geolife,spf,21,60,False,1.0,0.0,0.0,0.0,7.4467,False,False,0.955
geolife,spf,21,28,False,1.0,0.0,0.0,0.0,6.6275,False,False,0.8563
geolife,spf,21,64,False,0.0,1.0,1.0,0.0,8.2585,True,False,1.6508
geolife,spf,21,42,False,1.0,0.0,0.0,0.0,7.0341,False,False,0.7361
geolife,spf,21,27,False,0.0,0.01,0.01,0.0,7.6298,True,False,0.6678
geolife,spf,21,90,True,1.0,0.0,0.0,0.0,6.6355,False,False,0.7715
geolife,spf,21,98,True,1.0,0.0,0.0,0.0,5.9956,False,False,0.1889
geolife,spf,21,88,True,0.0,0.232,0.232,0.0,7.9772,True,False,0.4565
geolife,spf,21,83,True,0.0,0.002,0.002,0.0,9.1783,True,False,1.4734
geolife,spf,22,17,False,0.0,0.19,0.19,0.0,5.7822,True,False,0.1924
geolife,spf,22,47,False,1.0,0.0,0.0,0.0,4.0868,False,False,0.3651
geolife,spf,22,24,False,1.0,0.0,0.0,0.0,4.3723,False,False,0.7801
geolife,spf,22,62,False,1.0,0.0,0.0,0.0,3.638,False,False,0.1044
geolife,spf,22,46,False,0.0,0.154,0.154,0.0,5.9375,True,False,0.6283
geolife,spf,22,52,False,1.0,0.0,0.0,0.0,4.0639,False,False,0.0241
geolife,spf,22,33,False,1.0,0.0,0.0,0.0,3.346,False,False,0.0767
geolife,spf,22,58,False,1.0,0.0,0.0,0.0,3.227,False,False,0.6479
geolife,spf,22,3,False,1.0,0.0,0.0,0.0,6.4037,False,False,1.5665
geolife,spf,22,5,False,1.0,0.0,0.0,0.0,3.7233,False,False,1.567
geolife,spf,22,70,False,0.0,0.376,0.376,0.0,5.8926,True,False,1.5294
geolife,spf,22,2,False,0.0,0.168,0.168,0.0,3.9291,True,False,1.3118
geolife,spf,22,22,False,1.0,0.0,0.0,0.0,5.507,False,False,1.1936
geolife,spf,22,19,False,0.0,0.118,0.118,0.0,4.2161,True,False,1.3501
geolife,spf,22,23,False,1.0,0.0,0.0,0.0,6.3234,False,False,1.5733
geolife,spf,22,28,True,0.0,0.024,0.024,0.0,3.7594,True,False,1.1764
geolife,spf,22,87,True,0.0,0.224,0.224,0.0,7.1609,True,False,0.3191
geolife,spf,22,85,True,0.0,0.224,0.224,0.0,7.1279,True,False,0.8168
geolife,spf,22,99,True,1.0,0.0,0.0,0.0,5.419,False,False,0.7376
geolife,spf,23,69,False,0.0,0.006,0.006,0.0,5.0207,True,False,0.2013
geolife,spf,23,64,False,0.0,1.0,1.0,0.0,7.7022,True,False,1.2775
geolife,spf,23,78,False,1.0,0.0,0.0,0.0,3.4102,False,False,0.1915
geolife,spf,23,79,False,1.0,0.0,0.0,0.0,2.7761,False,False,1.102
geolife,spf,23,70,False,1.0,0.0,0.0,0.0,3.5106,False,False,1.6449
geolife,spf,23,57,False,1.0,0.0,0.0,0.0,5.8252,False,False,1.4746
geolife,spf,23,14,False,0.0,0.146,0.146,0.0,7.1972,True,False,0.5742
geolife,spf,23,47,False,1.0,0.0,0.0,0.0,3.014,False,False,0.0534
geolife,spf,23,50,False,1.0,0.0,0.0,0.0,5.3865,False,False,1.1545
geolife,spf,23,73,False,0.0,1.0,1.0,0.0,7.4478,True,False,1.4136
geolife,spf,23,43,False,1.0,0.0,0.0,0.0,6.9209,False,False,1.3116
geolife,spf,23,67,False,1.0,0.0,0.0,0.0,3.2676,False,False,0.6803
geolife,spf,23,49,False,1.0,0.0,0.0,0.0,2.7916,False,False,0.6664
geolife,spf,23,59,False,0.0,0.042,0.042,0.0,3.5423,True,False,1.3291
geolife,spf,23,39,False,1.0,0.0,0.0,0.0,5.8345,False,False,1.4593
geolife,spf,23,17,False,0.0,0.19,0.19,0.0,5.815,True,False,0.4285
geolife,spf,23,98,True,1.0,0.0,0.0,0.0,5.9865,False,False,0.7743
geolife,spf,23,99,True,0.0,0.228,0.228,0.0,7.7632,True,False,0.4989
geolife,spf,23,97,True,1.0,0.0,0.0,0.0,4.3129,False,False,0.468
geolife,spf,23,94,True,1.0,0.0,0.0,0.0,5.0692,False,False,0.8707
geolife,spf,24,45,False,1.0,0.0,0.0,0.0,4.7598,False,False,1.0481
geolife,spf,24,66,False,1.0,0.0,0.0,0.0,7.3222,False,False,1.2485
geolife,spf,24,15,False,1.0,0.0,0.0,0.0,5.3744,False,False,1.3574
geolife,spf,24,78,False,1.0,0.0,0.0,0.0,2.9907,False,False,0.0703
geolife,spf,24,41,False,1.0,0.0,0.0,0.0,4.0919,False,False,1.6754
geolife,spf,24,69,False,1.0,0.0,0.0,0.0,5.3264,False,False,0.2326
geolife,spf,24,33,False,1.0,0.0,0.0,0.0,3.5131,False,False,0.1638
geolife,spf,24,49,False,1.0,0.0,0.0,0.0,2.8077,False,False,0.628
geolife,spf,24,26,False,0.0,0.178,0.178,0.0,4.8061,True,False,1.2525
geolife,spf,24,71,False,1.0,0.0,0.0,0.0,4.9526,False,False,1.096
geolife,spf,24,3,False,1.0,0.0,0.0,0.0,2.5057,False,False,0.8589
geolife,spf,24,79,False,0.0,0.134,0.134,0.0,5.1806,True,False,1.0693
geolife,spf,24,72,False,0.0,0.014,0.014,0.0,3.7611,True,False,0.9357
geolife,spf,24,8,False,0.0,0.004,0.004,0.0,5.232,True,False,0.42
geolife,spf,24,36,False,1.0,0.0,0.0,0.0,3.2615,False,False,1.3434
geolife,spf,24,70,True,0.0,0.33,0.33,0.0,7.3037,True,False,0.1838
geolife,spf,24,93,True,1.0,0.0,0.0,0.0,5.5899,False,False,0.4287
geolife,spf,24,80,True,1.0,0.0,0.0,0.0,4.0696,False,False,0.5722
geolife,spf,24,84,True,1.0,0.0,0.0,0.0,8.7888,False,False,1.7778
geolife,spf,25,0,False,1.0,0.0,0.0,0.0,5.1332,False,False,0.6927
geolife,spf,25,20,False,1.0,0.0,0.0,0.0,5.5469,False,False,0.8156
geolife,spf,25,21,False,1.0,0.0,0.0,0.0,3.7332,False,False,0.0404
geolife,spf,25,65,False,0.0,1.0,1.0,0.0,5.5058,False,False,1.4753
geolife,spf,25,4,False,1.0,0.0,0.0,0.0,6.1619,False,False,1.3537
geolife,spf,25,10,False,0.0,0.196,0.196,0.0,4.3334,False,False,1.0062
geolife,spf,25,11,False,1.0,0.0,0.0,0.0,3.7544,False,False,0.0769
geolife,spf,25,29,False,1.0,0.0,0.0,0.0,5.6296,False,False,0.8725
geolife,spf,25,38,False,1.0,0.0,0.0,0.0,2.6735,False,False,0.7972
geolife,spf,25,56,False,0.0,0.214,0.214,0.0,4.2267,False,False,0.8433
geolife,spf,25,17,False,0.0,0.212,0.212,0.0,5.3196,False,False,0.273
geolife,spf,25,2,False,0.0,0.386,0.386,0.0,5.3225,False,False,1.2004
geolife,spf,25,15,False,1.0,0.0,0.0,0.0,6.3718,False,False,1.4552
geolife,spf,25,77,False,1.0,0.0,0.0,0.0,5.8798,False,False,1.2387
geolife,spf,25,44,False,0.0,0.126,0.126,0.0,4.4478,False,False,0.4155
geolife,spf,25,40,False,0.0,0.024,0.024,0.0,3.1779,False,False,1.0277
geolife,spf,25,86,True,0.0,0.01,0.01,0.0,5.7228,False,False,0.3705
geolife,spf,25,83,True,0.0,0.01,0.01,0.0,9.5889,False,False,1.899
geolife,spf,25,89,True,1.0,0.0,0.0,0.0,2.5468,False,False,0.8984
geolife,spf,25,87,True,0.0,0.048,0.048,0.0,3.0939,False,False,0.8782
geolife,spf,26,40,False,0.0,0.026,0.026,0.0,3.9344,True,False,1.3938
geolife,spf,26,25,False,0.0,0.876,0.876,0.0,6.7447,True,False,1.4237
geolife,spf,26,76,False,0.0,0.156,0.156,0.0,6.0148,True,False,0.0154
geolife,spf,26,6,False,0.0,0.124,0.124,0.0,5.0436,True,False,1.2457
geolife,spf,26,77,False,1.0,0.0,0.0,0.0,5.0848,False,False,1.1592
geolife,spf,26,42,False,0.0,0.006,0.006,0.0,7.4794,True,False,1.0794
geolife,spf,26,67,False,0.0,0.004,0.004,0.0,3.7951,True,False,0.4459
geolife,spf,26,5,False,1.0,0.0,0.0,0.0,5.6573,False,False,1.4423
geolife,spf,26,22,False,0.0,0.168,0.168,0.0,4.1096,True,False,1.3916
geolife,spf,26,34,False,1.0,0.0,0.0,0.0,4.489,False,False,0.7936
geolife,spf,26,33,False,1.0,0.0,0.0,0.0,3.4602,False,False,0.432
geolife,spf,26,3,False,1.0,0.0,0.0,0.0,3.2133,False,False,0.2313
geolife,spf,26,78,False,1.0,0.0,0.0,0.0,4.9982,False,False,1.0832
geolife,spf,26,50,False,1.0,0.0,0.0,0.0,7.5325,False,False,0.9462
geolife,spf,26,18,False,0.0,0.202,0.202,0.0,6.1273,True,False,0.3831
geolife,spf,26,17,True,1.0,0.0,0.0,0.0,5.5043,False,False,1.2899
geolife,spf,26,90,True,1.0,0.0,0.0,0.0,4.1247,False,False,1.3569
geolife,spf,26,87,True,1.0,0.0,0.0,0.0,3.9864,False,False,0.3911
geolife,spf,26,97,True,0.0,0.238,0.238,0.0,7.4035,True,False,0.1037
geolife,spf,27,78,False,1.0,0.0,0.0,0.0,2.62,False,False,0.1782
geolife,spf,27,10,False,0.0,0.2,0.2,0.0,5.2834,True,False,1.1666
geolife,spf,27,28,False,1.0,0.0,0.0,0.0,5.1996,False,False,1.3341
geolife,spf,27,25,False,0.0,0.876,0.876,0.0,6.9536,True,False,1.1861
geolife,spf,27,66,False,0.0,0.002,0.002,0.0,7.6063,True,False,1.2129
geolife,spf,27,58,False,1.0,0.0,0.0,0.0,3.4747,False,False,0.4719
geolife,spf,27,70,False,1.0,0.0,0.0,0.0,3.3883,False,False,1.4082
geolife,spf,27,15,False,1.0,0.0,0.0,0.0,5.0548,False,False,1.2889
geolife,spf,27,1,False,0.0,0.31,0.31,0.0,5.5855,True,False,1.1405
geolife,spf,27,50,False,1.0,0.0,0.0,0.0,4.6535,False,False,1.0203
geolife,spf,27,63,False,0.0,0.134,0.134,0.0,7.0127,True,False,0.0509
geolife,spf,27,45,False,1.0,0.0,0.0,0.0,4.5267,False,False,0.9742
geolife,spf,27,31,False,0.0,0.164,0.164,0.0,5.9819,True,False,0.5014
geolife,spf,27,33,False,1.0,0.0,0.0,0.0,3.6969,False,False,0.1922
geolife,spf,27,4,False,1.0,0.0,0.0,0.0,5.1656,False,False,1.3
geolife,spf,27,46,False,0.0,0.12,0.12,0.0,7.0913,True,False,0.7437
geolife,spf,27,94,True,1.0,0.0,0.0,0.0,5.0166,False,False,0.6663
geolife,spf,27,82,True,1.0,0.0,0.0,0.0,2.3225,False,False,0.9719
geolife,spf,27,96,True,1.0,0.0,0.0,0.0,3.9976,False,False,1.6682
geolife,spf,27,97,True,1.0,0.0,0.0,0.0,3.3118,False,False,0.2939
geolife,spf,28,9,False,1.0,0.0,0.0,0.0,7.0875,False,False,1.4152
geolife,spf,28,67,False,0.0,0.002,0.002,0.0,3.5897,True,False,0.1511
geolife,spf,28,76,False,0.0,0.126,0.126,0.0,5.3903,True,False,0.3112
geolife,spf,28,70,False,1.0,0.0,0.0,0.0,2.7245,False,False,1.1027
geolife,spf,28,2,False,0.0,0.388,0.388,0.0,4.6885,True,False,1.0465
geolife,spf,28,3,False,0.0,0.162,0.162,0.0,2.845,True,False,0.8603
geolife,spf,28,22,False,0.0,0.32,0.32,0.0,4.9531,True,False,0.8169
geolife,spf,28,75,False,1.0,0.0,0.0,0.0,3.0657,False,False,0.232
geolife,spf,28,49,False,0.0,0.026,0.026,0.0,2.9098,True,False,0.8664
geolife,spf,28,40,False,1.0,0.0,0.0,0.0,6.7293,False,False,1.5844
geolife,spf,28,7,False,1.0,0.0,0.0,0.0,3.6054,False,False,0.07
geolife,spf,28,33,False,1.0,0.0,0.0,0.0,6.8744,False,False,1.3417
geolife,spf,28,18,False,0.0,0.036,0.036,0.0,2.9285,True,False,0.6866
geolife,spf,28,37,False,1.0,0.0,0.0,0.0,4.2494,False,False,0.2485
geolife,spf,28,51,False,0.0,1.0,1.0,0.0,6.2928,True,False,0.7355
geolife,spf,28,64,True,0.0,0.048,0.048,0.0,2.8126,True,False,0.766
geolife,spf,28,87,True,1.0,0.0,0.0,0.0,5.4825,False,False,0.6165
geolife,spf,28,80,True,1.0,0.0,0.0,0.0,9.3039,False,True,2.3537
geolife,spf,28,95,True,1.0,0.0,0.0,0.0,2.9305,False,False,0.6771
geolife,spf,29,65,False,0.0,1.0,1.0,0.0,5.6718,True,False,1.5728
geolife,spf,29,79,False,1.0,0.0,0.0,0.0,2.681,False,False,0.8347
geolife,spf,29,66,False,0.0,0.004,0.004,0.0,7.6453,True,False,1.4639
geolife,spf,29,49,False,1.0,0.0,0.0,0.0,2.7194,False,False,0.6292
geolife,spf,29,54,False,1.0,0.0,0.0,0.0,3.447,False,False,0.01
geolife,spf,29,4,False,1.0,0.0,0.0,0.0,6.0062,False,False,1.511
geolife,spf,29,58,False,1.0,0.0,0.0,0.0,2.8911,False,False,0.3835
geolife,spf,29,78,False,1.0,0.0,0.0,0.0,3.4481,False,False,0.0121
geolife,spf,29,41,False,1.0,0.0,0.0,0.0,4.0139,False,False,1.658
geolife,spf,29,69,False,1.0,0.0,0.0,0.0,4.9396,False,False,0.3068
geolife,spf,29,67,False,1.0,0.0,0.0,0.0,3.261,False,False,0.3565
geolife,spf,29,36,False,0.0,0.02,0.02,0.0,5.0246,True,False,0.5145
geolife,spf,29,28,False,1.0,0.0,0.0,0.0,6.0356,False,False,1.5547
geolife,spf,29,73,False,0.0,1.0,1.0,0.0,6.9049,True,False,1.0594
geolife,spf,29,61,False,1.0,0.0,0.0,0.0,5.8475,False,False,1.5119
geolife,spf,29,59,False,0.0,0.052,0.052,0.0,3.4139,True,False,1.0102
geolife,spf,29,89,True,1.0,0.0,0.0,0.0,2.6975,False,False,0.9162
geolife,spf,29,80,True,0.0,0.012,0.012,0.0,4.9674,True,False,0.2958
geolife,spf,29,99,True,0.0,0.206,0.206,0.0,7.4136,True,False,0.8017
geolife,spf,29,85,True,0.0,0.23,0.23,0.0,6.7345,True,False,0.4582
geolife,lfp,0,30,False,-0.08,0.144,0.19,0.046,6.2137,True,False,0.5646
geolife,lfp,0,0,False,0.0,0.046,0.0,0.046,4.7031,False,False,0.6804
geolife,lfp,0,22,False,-0.0778,0.122,0.168,0.046,4.2211,True,False,1.2792
geolife,lfp,0,31,False,-0.0802,0.146,0.192,0.046,5.5031,True,False,0.7068
geolife,lfp,0,18,False,-0.0038,0.044,0.002,0.046,7.2089,False,False,0.7879
geolife,lfp,0,28,False,0.0,0.046,0.0,0.046,7.0847,False,False,1.5492
geolife,lfp,0,10,False,-0.0794,0.138,0.184,0.046,5.1585,True,False,1.4066
geolife,lfp,0,70,False,0.0,0.046,0.0,0.046,3.973,False,False,1.5212
geolife,lfp,0,4,False,0.0,0.046,0.0,0.046,6.8483,False,False,1.3971
geolife,lfp,0,12,False,0.0,0.046,0.0,0.046,6.6643,False,False,1.3552
geolife,lfp,0,49,False,0.0,0.046,0.0,0.046,2.6596,False,False,0.6229
geolife,lfp,0,33,False,0.0,0.046,0.0,0.046,3.5178,False,False,0.1212
geolife,lfp,0,67,False,0.0,0.046,0.0,0.046,3.2483,False,False,0.5225
geolife,lfp,0,35,False,0.0,0.046,0.0,0.046,5.1459,False,False,0.7827
geolife,lfp,0,68,False,-0.075,0.098,0.144,0.046,5.8822,True,False,0.8177
geolife,lfp,0,45,False,0.0,0.046,0.0,0.046,6.5458,False,False,1.2016
geolife,lfp,0,81,True,-0.0726,0.082,0.128,0.046,5.4218,True,False,1.235
geolife,lfp,0,84,True,-0.0243,0.03,0.016,0.046,6.6822,True,False,0.5633
geolife,lfp,0,85,True,-0.0851,0.22,0.266,0.046,7.5366,True,False,0.6213
geolife,lfp,0,83,True,-0.0434,0.008,0.038,0.046,8.6997,True,False,0.5926
geolife,lfp,1,23,False,-0.0317,0.086,0.104,0.018,4.2892,True,False,0.9721
geolife,lfp,1,39,False,0.0,0.018,0.0,0.018,6.7106,False,False,1.3459
geolife,lfp,1,69,False,-0.013,0.008,0.01,0.018,5.6888,False,False,0.312
geolife,lfp,1,74,False,-0.0255,0.022,0.04,0.018,3.8259,True,False,1.0321
geolife,lfp,1,0,False,0.0,0.018,0.0,0.018,5.7354,False,False,0.7961
geolife,lfp,1,1,False,-0.0357,0.384,0.402,0.018,5.5004,True,False,0.9245
geolife,lfp,1,38,False,0.0,0.018,0.0,0.018,2.4047,False,False,0.6862
geolife,lfp,1,45,False,0.0,0.018,0.0,0.018,6.2564,False,False,1.139
geolife,lfp,1,72,False,-0.0334,0.14,0.158,0.018,4.8885,True,False,0.9484
geolife,lfp,1,63,False,-0.0282,0.04,0.058,0.018,6.0636,True,False,0.027
geolife,lfp,1,8,False,-0.0202,0.004,0.022,0.018,3.3977,True,False,0.7593
geolife,lfp,1,13,False,0.0,0.018,0.0,0.018,6.9723,False,False,1.4323
geolife,lfp,1,15,False,0.0,0.018,0.0,0.018,6.6202,False,False,1.3315
geolife,lfp,1,41,False,0.0,0.018,0.0,0.018,3.9557,False,False,1.4331
geolife,lfp,1,54,False,0.0,0.018,0.0,0.018,4.2585,False,False,0.231
geolife,lfp,1,5,False,0.0,0.018,0.0,0.018,6.8873,False,False,1.3863
geolife,lfp,1,94,True,-0.0291,0.048,0.066,0.018,7.3058,True,False,0.1451
geolife,lfp,1,82,True,0.1149,0.186,0.204,0.018,5.0673,False,False,0.9251
geolife,lfp,1,95,True,-0.0246,0.018,0.036,0.018,9.4787,True,False,0.8873
geolife,lfp,1,96,True,0.0,0.018,0.0,0.018,3.765,False,False,1.3527
geolife,lfp,2,49,False,0.0,0.002,0.0,0.002,3.2068,False,False,0.4201
geolife,lfp,2,43,False,0.0,0.002,0.0,0.002,6.7221,False,False,1.1545
geolife,lfp,2,38,False,0.0,0.002,0.0,0.002,3.2318,False,False,1.0826
geolife,lfp,2,46,False,-0.0039,0.08,0.082,0.002,6.1807,True,False,0.5661
geolife,lfp,2,79,False,0.0,0.002,0.0,0.002,3.2663,False,False,1.0709
geolife,lfp,2,24,False,0.0,0.002,0.0,0.002,4.7403,False,False,0.7835
geolife,lfp,2,19,False,0.0,0.002,0.0,0.002,5.1604,False,False,0.8788
geolife,lfp,2,62,False,0.0,0.002,0.0,0.002,4.0953,False,False,0.056
geolife,lfp,2,56,False,-0.004,0.146,0.148,0.002,4.5238,True,False,1.1977
geolife,lfp,2,73,False,0.0,0.998,1.0,0.002,7.4937,False,False,1.42
geolife,lfp,2,32,False,-0.004,0.31,0.312,0.002,7.1817,True,False,0.8666
geolife,lfp,2,77,False,0.0,0.002,0.0,0.002,6.6665,False,False,1.3518
geolife,lfp,2,39,False,0.0,0.002,0.0,0.002,6.9988,False,False,1.5159
geolife,lfp,2,7,False,0.0,0.002,0.0,0.002,6.7881,False,False,1.4644
geolife,lfp,2,63,False,-0.0039,0.058,0.06,0.002,6.1546,True,False,0.0613
geolife,lfp,2,42,False,-0.0027,0.002,0.004,0.002,6.2051,True,False,0.8848
geolife,lfp,2,91,True,-0.004,0.14,0.142,0.002,5.1237,True,False,1.0167
geolife,lfp,2,80,True,-0.0039,0.1,0.102,0.002,6.4874,True,False,0.2584
geolife,lfp,2,87,True,-0.004,0.192,0.194,0.002,5.3673,True,False,1.4392
geolife,lfp,2,88,True,-0.0039,0.096,0.098,0.002,7.8757,True,False,0.1776
geolife,lfp,3,55,False,1.0,0.0,0.0,0.0,6.8039,False,False,1.2304
geolife,lfp,3,25,False,0.0,0.806,0.806,0.0,7.1292,True,False,1.2859
geolife,lfp,3,10,False,0.0,0.178,0.178,0.0,5.1469,True,False,1.2867
geolife,lfp,3,19,False,1.0,0.0,0.0,0.0,5.848,False,False,1.041
geolife,lfp,3,45,False,1.0,0.0,0.0,0.0,6.6771,False,False,1.1845
geolife,lfp,3,1,False,0.0,0.396,0.396,0.0,5.9525,True,False,1.3094
geolife,lfp,3,73,False,0.0,1.0,1.0,0.0,7.6126,True,False,1.3452
geolife,lfp,3,21,False,1.0,0.0,0.0,0.0,4.6304,False,False,0.0751
geolife,lfp,3,54,False,1.0,0.0,0.0,0.0,3.6078,False,False,0.0858
geolife,lfp,3,2,False,0.0,0.514,0.514,0.0,6.3344,True,False,1.5108
geolife,lfp,3,20,False,1.0,0.0,0.0,0.0,4.8962,False,False,0.7137
geolife,lfp,3,33,False,1.0,0.0,0.0,0.0,3.2962,False,False,0.188
geolife,lfp,3,29,False,1.0,0.0,0.0,0.0,4.8078,False,False,0.7791
geolife,lfp,3,62,False,1.0,0.0,0.0,0.0,3.9141,False,False,0.0119
geolife,lfp,3,7,False,1.0,0.0,0.0,0.0,7.1355,False,False,1.422
geolife,lfp,3,77,False,1.0,0.0,0.0,0.0,6.9465,False,False,1.2847
geolife,lfp,3,80,True,0.0,0.2,0.2,0.0,7.0133,True,False,0.3027
geolife,lfp,3,81,True,0.0,0.406,0.406,0.0,6.2565,True,False,1.2076
geolife,lfp,3,88,True,0.0,0.142,0.142,0.0,7.2048,True,False,0.0824
geolife,lfp,3,95,True,0.0,0.048,0.048,0.0,9.1723,True,False,0.6997
geolife,lfp,4,47,False,1.0,0.0,0.0,0.0,3.28,False,False,0.3214
geolife,lfp,4,78,False,1.0,0.0,0.0,0.0,3.235,False,False,0.113
geolife,lfp,4,36,False,1.0,0.0,0.0,0.0,5.3333,False,False,0.474
geolife,lfp,4,51,False,1.0,0.0,0.0,0.0,3.3749,False,False,0.0206
geolife,lfp,4,44,False,0.0,0.028,0.028,0.0,5.6378,True,False,0.402
geolife,lfp,4,13,False,1.0,0.0,0.0,0.0,5.952,False,False,1.7349
geolife,lfp,4,10,False,0.0,0.172,0.172,0.0,5.6725,True,False,1.514
geolife,lfp,4,75,False,0.0,0.266,0.266,0.0,6.7032,True,False,1.6575
geolife,lfp,4,11,False,1.0,0.0,0.0,0.0,3.4164,False,False,0.0313
geolife,lfp,4,24,False,1.0,0.0,0.0,0.0,4.5109,False,False,0.867
geolife,lfp,4,72,False,0.0,0.182,0.182,0.0,5.9375,True,False,1.6597
geolife,lfp,4,34,False,1.0,0.0,0.0,0.0,4.9131,False,False,1.126
geolife,lfp,4,33,False,1.0,0.0,0.0,0.0,2.9887,False,False,0.106
geolife,lfp,4,45,False,1.0,0.0,0.0,0.0,5.3987,False,False,1.3724
geolife,lfp,4,21,False,1.0,0.0,0.0,0.0,3.4653,False,False,0.0564
geolife,lfp,4,66,False,1.0,0.0,0.0,0.0,6.9567,False,False,1.0385
geolife,lfp,4,80,True,1.0,0.0,0.0,0.0,6.8302,False,False,0.3235
geolife,lfp,4,82,True,0.0,0.19,0.19,0.0,5.7475,True,False,1.475
geolife,lfp,4,90,True,0.0,0.002,0.002,0.0,9.8733,True,False,1.0266
geolife,lfp,4,84,True,0.0,0.168,0.168,0.0,6.9669,True,False,0.6016
geolife,lfp,5,70,False,1.0,0.0,0.0,0.0,3.8041,False,False,1.2091
geolife,lfp,5,25,False,0.0,0.874,0.874,0.0,5.5274,False,False,1.0927
geolife,lfp,5,14,False,0.0,0.116,0.116,0.0,6.5973,False,False,0.7508
geolife,lfp,5,40,False,0.0,0.02,0.02,0.0,3.5306,False,False,1.1502
geolife,lfp,5,73,False,0.0,1.0,1.0,0.0,5.9302,False,False,1.1292
geolife,lfp,5,64,False,0.0,1.0,1.0,0.0,5.9774,False,False,1.0586
geolife,lfp,5,42,False,1.0,0.0,0.0,0.0,6.5329,False,False,0.8982
geolife,lfp,5,38,False,1.0,0.0,0.0,0.0,3.9898,False,False,0.818
geolife,lfp,5,77,False,1.0,0.0,0.0,0.0,8.1591,False,False,1.4584
geolife,lfp,5,18,False,1.0,0.0,0.0,0.0,6.2774,False,False,0.8911
geolife,lfp,5,29,False,1.0,0.0,0.0,0.0,6.4535,False,False,1.0029
geolife,lfp,5,36,False,1.0,0.0,0.0,0.0,5.6356,False,False,0.6018
geolife,lfp,5,75,False,0.0,0.27,0.27,0.0,4.3673,False,False,1.1802
geolife,lfp,5,69,False,1.0,0.0,0.0,0.0,4.9678,False,False,0.3048
geolife,lfp,5,5,False,1.0,0.0,0.0,0.0,8.5654,False,False,1.6333
geolife,lfp,5,74,False,0.0,0.032,0.032,0.0,3.7163,False,False,1.228
geolife,lfp,5,84,True,0.0,0.118,0.118,0.0,5.914,False,False,0.1896
geolife,lfp,5,92,True,0.0,0.014,0.014,0.0,7.4471,False,False,0.7054
geolife,lfp,5,83,True,0.0,0.114,0.114,0.0,7.7525,False,False,1.0269
geolife,lfp,5,85,True,0.0,0.176,0.176,0.0,5.5485,False,False,0.2179
geolife,lfp,6,9,False,1.0,0.0,0.0,0.0,7.0186,False,False,1.3061
geolife,lfp,6,40,False,0.0,0.02,0.02,0.0,3.8211,False,False,1.2811
geolife,lfp,6,60,False,1.0,0.0,0.0,0.0,7.524,False,False,1.2983
geolife,lfp,6,59,False,0.0,0.07,0.07,0.0,3.3962,False,False,1.1726
geolife,lfp,6,38,False,1.0,0.0,0.0,0.0,2.7826,False,False,0.957
geolife,lfp,6,8,False,0.0,0.024,0.024,0.0,3.6468,False,False,1.0642
geolife,lfp,6,77,False,1.0,0.0,0.0,0.0,6.2551,False,False,1.239
geolife,lfp,6,4,False,1.0,0.0,0.0,0.0,6.6434,False,False,1.4231
geolife,lfp,6,52,False,1.0,0.0,0.0,0.0,3.9834,False,False,0.0214
geolife,lfp,6,56,False,0.0,0.154,0.154,0.0,4.4008,False,False,1.0812
geolife,lfp,6,5,False,1.0,0.0,0.0,0.0,6.7685,False,False,1.4637
geolife,lfp,6,20,False,1.0,0.0,0.0,0.0,5.0871,False,False,0.7811
geolife,lfp,6,69,False,1.0,0.0,0.0,0.0,4.871,False,False,0.1174
geolife,lfp,6,35,False,1.0,0.0,0.0,0.0,5.265,False,False,0.7911
geolife,lfp,6,10,False,0.0,0.184,0.184,0.0,4.9143,False,False,1.198
geolife,lfp,6,23,False,0.0,0.1,0.1,0.0,4.3943,False,False,1.2701
geolife,lfp,6,85,True,0.0,0.212,0.212,0.0,7.2867,False,False,0.4057
geolife,lfp,6,86,True,0.0,0.024,0.024,0.0,6.4267,False,False,0.3562
geolife,lfp,6,88,True,0.0,0.186,0.186,0.0,8.2127,False,False,0.2793
geolife,lfp,6,98,True,0.0,0.112,0.112,0.0,7.1856,False,False,0.0655
geolife,lfp,7,21,False,1.0,0.0,0.0,0.0,4.702,False,False,0.328
geolife,lfp,7,29,False,1.0,0.0,0.0,0.0,5.6665,False,False,1.208
geolife,lfp,7,0,False,1.0,0.0,0.0,0.0,5.538,False,False,1.26
geolife,lfp,7,23,False,0.0,0.1,0.1,0.0,3.7999,False,False,1.2213
geolife,lfp,7,11,False,1.0,0.0,0.0,0.0,4.6355,False,False,0.3324
geolife,lfp,7,62,False,1.0,0.0,0.0,0.0,3.936,False,False,0.0867
geolife,lfp,7,19,False,1.0,0.0,0.0,0.0,6.1204,False,False,1.4723
geolife,lfp,7,52,False,1.0,0.0,0.0,0.0,4.5566,False,False,0.3136
geolife,lfp,7,41,False,1.0,0.0,0.0,0.0,4.1489,False,False,1.8894
geolife,lfp,7,63,False,0.0,0.116,0.116,0.0,5.8193,False,False,0.2401
geolife,lfp,7,1,False,0.0,0.384,0.384,0.0,4.9727,False,False,1.1628
geolife,lfp,7,72,False,0.0,0.172,0.172,0.0,4.4842,False,False,1.2669
geolife,lfp,7,56,False,0.0,0.158,0.158,0.0,3.8586,False,False,0.9973
geolife,lfp,7,22,False,0.0,0.168,0.168,0.0,3.3447,False,False,1.0527
geolife,lfp,7,38,False,1.0,0.0,0.0,0.0,3.1617,False,False,0.8539
geolife,lfp,7,46,False,0.0,0.128,0.128,0.0,6.3609,False,False,0.7184
geolife,lfp,7,83,True,0.0,0.098,0.098,0.0,8.4101,False,False,1.2723
geolife,lfp,7,92,True,0.0,0.044,0.044,0.0,7.445,False,False,0.6884
geolife,lfp,7,88,True,0.0,0.078,0.078,0.0,7.7086,False,False,0.8973
geolife,lfp,7,84,True,0.0,0.116,0.116,0.0,5.9658,False,False,0.3731
geolife,lfp,8,79,False,1.0,0.0,0.0,0.0,3.9569,False,False,0.721
geolife,lfp,8,17,False,0.0,0.178,0.178,0.0,4.4979,False,False,0.1841
geolife,lfp,8,66,False,1.0,0.0,0.0,0.0,7.4689,False,False,1.2952
geolife,lfp,8,45,False,1.0,0.0,0.0,0.0,7.8893,False,False,1.521
geolife,lfp,8,16,False,0.0,0.452,0.452,0.0,4.6771,False,False,1.0013
geolife,lfp,8,44,False,0.0,0.084,0.084,0.0,4.1611,False,False,0.1464
geolife,lfp,8,64,False,0.0,1.0,1.0,0.0,5.8848,False,False,0.973
geolife,lfp,8,8,False,0.0,0.024,0.024,0.0,3.1946,False,False,0.8414
geolife,lfp,8,36,False,0.0,0.002,0.002,0.0,5.8993,False,False,0.8127
geolife,lfp,8,18,False,1.0,0.0,0.0,0.0,5.9613,False,False,0.8788
geolife,lfp,8,58,False,1.0,0.0,0.0,0.0,4.1365,False,False,0.197
geolife,lfp,8,55,False,1.0,0.0,0.0,0.0,7.5827,False,False,1.4713
geolife,lfp,8,46,False,0.0,0.126,0.126,0.0,5.7845,False,False,0.7765
geolife,lfp,8,23,False,0.0,0.098,0.098,0.0,3.3331,False,False,1.0391
geolife,lfp,8,34,False,1.0,0.0,0.0,0.0,7.3952,False,False,1.2877
geolife,lfp,8,72,False,0.0,0.164,0.164,0.0,3.7862,False,False,1.0967
geolife,lfp,8,96,True,1.0,0.0,0.0,0.0,3.812,False,False,1.5335
geolife,lfp,8,81,True,0.0,0.528,0.528,0.0,4.487,False,False,0.9653
geolife,lfp,8,93,True,0.0,0.284,0.284,0.0,5.2067,False,False,0.4133
geolife,lfp,8,95,True,0.0,0.01,0.01,0.0,8.2639,False,False,1.069
geolife,lfp,9,72,False,0.0,0.16,0.16,0.0,4.529,False,False,1.3213
geolife,lfp,9,77,False,1.0,0.0,0.0,0.0,6.8422,False,False,1.1912
geolife,lfp,9,15,False,1.0,0.0,0.0,0.0,7.1379,False,False,1.3646
geolife,lfp,9,0,False,1.0,0.0,0.0,0.0,5.4713,False,False,0.6484
geolife,lfp,9,12,False,1.0,0.0,0.0,0.0,7.1822,False,False,1.3469
geolife,lfp,9,64,False,0.0,1.0,1.0,0.0,7.0568,False,False,1.2051
geolife,lfp,9,29,False,1.0,0.0,0.0,0.0,5.6767,False,False,0.7742
geolife,lfp,9,26,False,0.0,0.19,0.19,0.0,4.5409,False,False,1.3933
geolife,lfp,9,31,False,0.0,0.178,0.178,0.0,4.8,False,False,0.5754
geolife,lfp,9,63,False,0.0,0.146,0.146,0.0,5.2362,False,False,0.2365
geolife,lfp,9,79,False,1.0,0.0,0.0,0.0,3.3281,False,False,0.9749
geolife,lfp,9,4,False,1.0,0.0,0.0,0.0,7.148,False,False,1.3483
geolife,lfp,9,61,False,1.0,0.0,0.0,0.0,7.3482,False,False,1.4338
geolife,lfp,9,51,False,1.0,0.0,0.0,0.0,4.5021,False,False,0.0684
geolife,lfp,9,44,False,0.0,0.076,0.076,0.0,4.5987,False,False,0.4833
geolife,lfp,9,75,False,0.0,0.31,0.31,0.0,5.3315,False,False,1.3271
geolife,lfp,9,83,True,0.0,0.034,0.034,0.0,9.2828,False,False,0.8369
geolife,lfp,9,99,True,0.0,0.27,0.27,0.0,6.7123,False,False,0.1028
geolife,lfp,9,97,True,0.0,0.012,0.012,0.0,5.6637,False,False,0.4965
geolife,lfp,9,93,True,0.0,0.668,0.668,0.0,7.3152,False,False,0.7599
geolife,lfp,10,8,False,0.0,0.024,0.024,0.0,3.5509,False,False,0.8597
geolife,lfp,10,2,False,0.0,0.43,0.43,0.0,5.1615,False,False,1.1807
geolife,lfp,10,4,False,1.0,0.0,0.0,0.0,7.4667,False,False,1.4298
geolife,lfp,10,64,False,0.0,1.0,1.0,0.0,6.4892,False,False,0.9705
geolife,lfp,10,27,False,0.0,0.014,0.014,0.0,8.5305,False,False,1.5333
geolife,lfp,10,47,False,1.0,0.0,0.0,0.0,4.1036,False,False,0.2207
geolife,lfp,10,73,False,0.0,1.0,1.0,0.0,6.4454,False,False,1.0468
geolife,lfp,10,56,False,0.0,0.16,0.16,0.0,4.0474,False,False,0.8567
geolife,lfp,10,68,False,0.0,0.14,0.14,0.0,6.3228,False,False,0.8682
geolife,lfp,10,38,False,1.0,0.0,0.0,0.0,3.1441,False,False,0.7596
geolife,lfp,10,49,False,1.0,0.0,0.0,0.0,3.0393,False,False,0.3993
geolife,lfp,10,3,False,1.0,0.0,0.0,0.0,5.4855,False,False,0.7471
geolife,lfp,10,19,False,1.0,0.0,0.0,0.0,4.7088,False,False,0.1451
geolife,lfp,10,52,False,1.0,0.0,0.0,0.0,3.8271,False,False,1.5723
geolife,lfp,10,41,False,1.0,0.0,0.0,0.0,7.076,False,False,1.202
geolife,lfp,10,50,True,1.0,0.0,0.0,0.0,8.6441,False,False,0.9281
geolife,lfp,10,95,True,0.0,0.01,0.01,0.0,9.5968,False,False,1.2113
geolife,lfp,10,90,True,0.0,0.092,0.092,0.0,4.7398,False,False,1.0721
geolife,lfp,10,82,True,0.0,0.21,0.21,0.0,7.8689,False,False,0.4323
geolife,lfp,11,20,False,1.0,0.0,0.0,0.0,5.7728,False,False,0.8372
geolife,lfp,11,49,False,1.0,0.0,0.0,0.0,3.26,False,False,0.5175
geolife,lfp,11,30,False,0.0,0.196,0.196,0.0,5.5901,False,False,0.2223
geolife,lfp,11,17,False,0.0,0.19,0.19,0.0,5.1305,False,False,0.4187
geolife,lfp,11,73,False,0.0,1.0,1.0,0.0,6.4673,False,False,1.1204
geolife,lfp,11,43,False,1.0,0.0,0.0,0.0,7.0274,False,False,1.2542
geolife,lfp,11,0,False,1.0,0.0,0.0,0.0,5.4582,False,False,0.7623
geolife,lfp,11,7,False,1.0,0.0,0.0,0.0,7.8699,False,False,1.4896
geolife,lfp,11,53,False,1.0,0.0,0.0,0.0,6.1557,False,False,0.973
geolife,lfp,11,10,False,0.0,0.178,0.178,0.0,4.4781,False,False,1.0671
geolife,lfp,11,54,False,1.0,0.0,0.0,0.0,4.3881,False,False,0.2253
geolife,lfp,11,46,False,0.0,0.118,0.118,0.0,6.2202,False,False,0.6556
geolife,lfp,11,41,False,1.0,0.0,0.0,0.0,4.3924,False,False,1.6915
geolife,lfp,11,4,False,1.0,0.0,0.0,0.0,7.8902,False,False,1.5086
geolife,lfp,11,76,False,0.0,0.1,0.1,0.0,4.9958,False,False,0.0693
geolife,lfp,11,65,False,0.0,1.0,1.0,0.0,5.4708,False,False,1.497
geolife,lfp,11,96,True,1.0,0.0,0.0,0.0,4.0658,False,False,1.5757
geolife,lfp,11,84,True,0.0,0.134,0.134,0.0,5.6952,False,False,0.454
geolife,lfp,11,92,True,0.0,0.014,0.014,0.0,8.0666,False,False,0.6991
geolife,lfp,11,98,True,0.0,0.066,0.066,0.0,6.7509,False,False,0.2284
geolife,lfp,12,45,False,1.0,0.0,0.0,0.0,7.0663,False,False,1.3547
geolife,lfp,12,72,False,0.0,0.166,0.166,0.0,4.4819,False,False,1.1629
geolife,lfp,12,47,False,1.0,0.0,0.0,0.0,4.2403,False,False,0.3124
geolife,lfp,12,53,False,1.0,0.0,0.0,0.0,7.0177,False,False,1.3815
geolife,lfp,12,40,False,0.0,0.018,0.018,0.0,3.4682,False,False,1.1831
geolife,lfp,12,29,False,1.0,0.0,0.0,0.0,5.645,False,False,0.9053
geolife,lfp,12,70,False,1.0,0.0,0.0,0.0,3.6029,False,False,1.2325
geolife,lfp,12,37,False,0.0,0.038,0.038,0.0,3.5959,False,False,0.9563
geolife,lfp,12,10,False,0.0,0.178,0.178,0.0,4.4339,False,False,1.1051
geolife,lfp,12,28,False,1.0,0.0,0.0,0.0,7.65,False,False,1.6593
geolife,lfp,12,0,False,1.0,0.0,0.0,0.0,5.0632,False,False,0.7618
geolife,lfp,12,66,False,1.0,0.0,0.0,0.0,7.4198,False,False,1.1615
geolife,lfp,12,22,False,0.0,0.168,0.168,0.0,3.6689,False,False,1.0189
geolife,lfp,12,63,False,0.0,0.022,0.022,0.0,5.7872,False,False,0.1517
geolife,lfp,12,46,False,0.0,0.132,0.132,0.0,6.7382,False,False,0.9938
geolife,lfp,12,75,False,0.0,0.31,0.31,0.0,5.1281,False,False,1.1874
geolife,lfp,12,93,True,0.0,0.226,0.226,0.0,6.1124,False,False,0.411
geolife,lfp,12,91,True,0.0,0.1,0.1,0.0,5.5166,False,False,0.6946
geolife,lfp,12,94,True,0.0,0.002,0.002,0.0,7.1964,False,False,0.3622
geolife,lfp,12,86,True,0.0,0.052,0.052,0.0,6.3086,False,False,0.0926
geolife,lfp,13,6,False,0.0,0.104,0.104,0.0,5.3376,False,False,1.4203
geolife,lfp,13,17,False,0.0,0.186,0.186,0.0,6.3337,False,False,0.6499
geolife,lfp,13,69,False,0.0,0.004,0.004,0.0,5.2785,False,False,0.0351
geolife,lfp,13,66,False,1.0,0.0,0.0,0.0,6.4458,False,False,0.6912
geolife,lfp,13,15,False,1.0,0.0,0.0,0.0,6.9948,False,False,1.3892
geolife,lfp,13,9,False,1.0,0.0,0.0,0.0,6.1017,False,False,0.951
geolife,lfp,13,60,False,1.0,0.0,0.0,0.0,6.8657,False,False,1.0743
geolife,lfp,13,36,False,1.0,0.0,0.0,0.0,4.7125,False,False,0.2422
geolife,lfp,13,4,False,1.0,0.0,0.0,0.0,6.7903,False,False,1.3145
geolife,lfp,13,5,False,1.0,0.0,0.0,0.0,6.9743,False,False,1.3707
geolife,lfp,13,59,False,0.0,0.042,0.042,0.0,4.0321,False,False,1.408
geolife,lfp,13,47,False,1.0,0.0,0.0,0.0,3.4954,False,False,0.0151
geolife,lfp,13,20,False,1.0,0.0,0.0,0.0,4.4878,False,False,0.5199
geolife,lfp,13,25,False,0.0,0.74,0.74,0.0,7.2045,False,False,1.4765
geolife,lfp,13,64,False,0.0,1.0,1.0,0.0,7.7825,False,False,1.4467
geolife,lfp,13,11,False,1.0,0.0,0.0,0.0,4.4545,False,False,0.1887
geolife,lfp,13,98,True,0.0,0.12,0.12,0.0,8.2646,False,False,0.0251
geolife,lfp,13,82,True,0.0,0.13,0.13,0.0,5.6861,False,False,1.6302
geolife,lfp,13,88,True,0.0,0.184,0.184,0.0,8.6488,False,False,0.352
geolife,lfp,13,92,True,0.0,0.004,0.004,0.0,7.9388,False,False,0.2901
geolife,lfp,14,4,False,1.0,0.0,0.0,0.0,6.9737,False,False,1.2798
geolife,lfp,14,61,False,1.0,0.0,0.0,0.0,7.1261,False,False,1.3316
geolife,lfp,14,71,False,1.0,0.0,0.0,0.0,6.2181,False,False,1.0138
geolife,lfp,14,48,False,0.0,0.002,0.002,0.0,9.1255,False,False,1.6227
geolife,lfp,14,56,False,0.0,0.18,0.18,0.0,3.7881,False,False,0.6811
geolife,lfp,14,59,False,0.0,0.036,0.036,0.0,2.8465,False,False,0.7484
geolife,lfp,14,39,False,1.0,0.0,0.0,0.0,6.9603,False,False,1.2831
geolife,lfp,14,7,False,1.0,0.0,0.0,0.0,6.8761,False,False,1.2468
geolife,lfp,14,75,False,0.0,0.304,0.304,0.0,5.1964,False,False,0.8598
geolife,lfp,14,26,False,0.0,0.186,0.186,0.0,3.8804,False,False,0.9071
geolife,lfp,14,40,False,0.0,0.02,0.02,0.0,3.0208,False,False,0.8631
geolife,lfp,14,23,False,0.0,0.1,0.1,0.0,3.5037,False,False,0.8397
geolife,lfp,14,6,False,0.0,0.098,0.098,0.0,4.364,False,False,0.7592
geolife,lfp,14,50,False,1.0,0.0,0.0,0.0,6.3433,False,False,1.0393
geolife,lfp,14,35,False,1.0,0.0,0.0,0.0,5.6161,False,False,0.6522
geolife,lfp,14,65,False,0.0,1.0,1.0,0.0,5.3471,False,False,1.1543
geolife,lfp,14,97,True,0.0,0.254,0.254,0.0,5.8857,False,False,0.2379
geolife,lfp,14,81,True,0.0,0.438,0.438,0.0,5.05,False,False,0.7178
geolife,lfp,14,91,True,0.0,0.006,0.006,0.0,5.2418,False,False,0.4912
geolife,lfp,14,96,True,1.0,0.0,0.0,0.0,3.4111,False,False,1.2097
geolife,lfp,15,73,False,0.0,1.0,1.0,0.0,7.8801,True,False,1.6085
geolife,lfp,15,62,False,1.0,0.0,0.0,0.0,4.0039,False,False,0.2928
geolife,lfp,15,17,False,0.0,0.15,0.15,0.0,6.295,True,False,0.7871
geolife,lfp,15,51,False,1.0,0.0,0.0,0.0,4.1631,False,False,0.2962
geolife,lfp,15,68,False,0.0,0.082,0.082,0.0,5.8576,True,False,0.3376
geolife,lfp,15,47,False,1.0,0.0,0.0,0.0,3.3083,False,False,0.1579
geolife,lfp,15,41,False,1.0,0.0,0.0,0.0,5.0925,False,True,2.2387
geolife,lfp,15,8,False,0.0,0.018,0.018,0.0,4.4413,True,False,1.3711
geolife,lfp,15,53,False,1.0,0.0,0.0,0.0,6.8469,False,False,1.0969
geolife,lfp,15,57,False,1.0,0.0,0.0,0.0,6.6853,False,False,1.261
geolife,lfp,15,3,False,1.0,0.0,0.0,0.0,5.8382,False,False,0.8961
geolife,lfp,15,71,False,1.0,0.0,0.0,0.0,6.482,False,False,1.1905
geolife,lfp,15,7,False,1.0,0.0,0.0,0.0,6.8603,False,False,1.0371
geolife,lfp,15,43,False,1.0,0.0,0.0,0.0,5.5443,False,False,0.7171
geolife,lfp,15,34,False,1.0,0.0,0.0,0.0,4.8361,False,False,0.0425
geolife,lfp,15,36,True,0.0,0.05,0.05,0.0,7.1335,True,False,0.5009
geolife,lfp,15,80,True,0.0,0.404,0.404,0.0,7.1037,True,False,0.7998
geolife,lfp,15,97,True,0.0,0.024,0.024,0.0,9.7859,True,False,0.7936
geolife,lfp,15,95,True,0.0,0.1,0.1,0.0,9.1284,True,False,0.6808
geolife,lfp,16,20,False,1.0,0.0,0.0,0.0,5.3386,False,False,0.6577
geolife,lfp,16,56,False,0.0,0.174,0.174,0.0,3.7819,False,False,0.8348
geolife,lfp,16,36,False,0.0,0.002,0.002,0.0,4.7773,False,False,0.4943
geolife,lfp,16,55,False,0.0,0.016,0.016,0.0,7.421,False,False,1.4276
geolife,lfp,16,16,False,0.0,0.442,0.442,0.0,5.0849,False,False,0.9613
geolife,lfp,16,28,False,1.0,0.0,0.0,0.0,7.949,False,False,1.6665
geolife,lfp,16,31,False,0.0,0.168,0.168,0.0,4.5958,False,False,0.3675
geolife,lfp,16,10,False,0.0,0.164,0.164,0.0,3.9279,False,False,0.9752
geolife,lfp,16,15,False,1.0,0.0,0.0,0.0,7.842,False,False,1.6326
geolife,lfp,16,41,False,1.0,0.0,0.0,0.0,4.248,False,False,1.6433
geolife,lfp,16,75,False,0.0,0.316,0.316,0.0,4.7641,False,False,1.0699
geolife,lfp,16,54,False,1.0,0.0,0.0,0.0,4.1388,False,False,0.2372
geolife,lfp,16,6,False,0.0,0.106,0.106,0.0,4.1293,False,False,0.9329
geolife,lfp,16,58,False,1.0,0.0,0.0,0.0,3.3422,False,False,0.3861
geolife,lfp,16,17,False,0.0,0.176,0.176,0.0,5.0767,False,False,0.1936
geolife,lfp,16,7,False,1.0,0.0,0.0,0.0,7.6098,False,False,1.5581
geolife,lfp,16,97,True,0.0,0.014,0.014,0.0,5.6918,False,False,0.4182
geolife,lfp,16,92,True,0.0,0.034,0.034,0.0,7.7885,False,False,0.7421
geolife,lfp,16,98,True,0.0,0.036,0.036,0.0,6.8418,False,False,0.3249
geolife,lfp,16,82,True,0.0,0.172,0.172,0.0,4.5808,False,False,0.9581
geolife,lfp,17,27,False,0.0,0.018,0.018,0.0,7.5466,False,False,1.5156
geolife,lfp,17,36,False,0.0,0.04,0.04,0.0,5.1607,False,False,0.4668
geolife,lfp,17,43,False,1.0,0.0,0.0,0.0,6.8017,False,False,1.2984
geolife,lfp,17,38,False,1.0,0.0,0.0,0.0,4.2116,False,False,0.9221
geolife,lfp,17,52,False,1.0,0.0,0.0,0.0,5.7345,False,False,0.1025
geolife,lfp,17,18,False,1.0,0.0,0.0,0.0,6.294,False,False,0.8407
geolife,lfp,17,46,False,0.0,0.114,0.114,0.0,5.7568,False,False,0.7785
geolife,lfp,17,16,False,0.0,0.452,0.452,0.0,5.0127,False,False,1.1566
geolife,lfp,17,24,False,1.0,0.0,0.0,0.0,5.75,False,False,0.8283
geolife,lfp,17,58,False,1.0,0.0,0.0,0.0,3.9363,False,False,0.39
geolife,lfp,17,73,False,0.0,1.0,1.0,0.0,5.9818,False,False,1.2407
geolife,lfp,17,65,False,0.0,1.0,1.0,0.0,5.0063,False,False,1.6533
geolife,lfp,17,1,False,0.0,0.36,0.36,0.0,4.6622,False,False,1.1308
geolife,lfp,17,19,False,1.0,0.0,0.0,0.0,6.5186,False,False,1.1474
geolife,lfp,17,30,False,0.0,0.198,0.198,0.0,5.4326,False,False,0.2805
geolife,lfp,17,15,False,1.0,0.0,0.0,0.0,8.3421,False,False,1.6233
geolife,lfp,17,89,True,0.0,0.03,0.03,0.0,4.7285,False,False,1.2663
geolife,lfp,17,84,True,0.0,0.034,0.034,0.0,5.6083,False,False,0.4754
geolife,lfp,17,94,True,0.0,0.016,0.016,0.0,6.45,False,False,0.0893
geolife,lfp,17,85,True,0.0,0.284,0.284,0.0,6.1871,False,False,0.175
geolife,lfp,18,13,False,1.0,0.0,0.0,0.0,6.6246,False,False,1.2838
geolife,lfp,18,48,False,1.0,0.0,0.0,0.0,7.9578,False,False,1.4685
geolife,lfp,18,64,False,0.0,1.0,1.0,0.0,7.7422,True,False,1.4213
geolife,lfp,18,12,False,1.0,0.0,0.0,0.0,6.3749,False,False,1.1376
geolife,lfp,18,52,False,1.0,0.0,0.0,0.0,4.2516,False,False,0.2024
geolife,lfp,18,3,False,0.0,0.032,0.032,0.0,4.6254,True,False,1.5496
geolife,lfp,18,74,False,0.0,0.1,0.1,0.0,4.7501,True,False,1.5223
geolife,lfp,18,23,False,1.0,0.0,0.0,0.0,6.631,False,False,1.2763
geolife,lfp,18,28,False,1.0,0.0,0.0,0.0,5.8251,False,False,0.8347
geolife,lfp,18,71,False,1.0,0.0,0.0,0.0,4.7049,False,False,0.1747
geolife,lfp,18,69,False,1.0,0.0,0.0,0.0,5.1169,False,False,0.4868
geolife,lfp,18,0,False,0.0,0.116,0.116,0.0,6.5586,True,False,0.3038
geolife,lfp,18,46,False,1.0,0.0,0.0,0.0,3.5785,False,False,0.7776
geolife,lfp,18,67,False,0.0,0.174,0.174,0.0,4.9508,True,False,1.3071
geolife,lfp,18,56,False,1.0,0.0,0.0,0.0,6.6423,False,False,1.2182
geolife,lfp,18,4,True,0.0,0.224,0.224,0.0,7.5706,True,False,0.4654
geolife,lfp,18,85,True,0.0,0.258,0.258,0.0,7.1264,True,False,0.4717
geolife,lfp,18,80,True,0.0,0.376,0.376,0.0,7.7938,True,False,0.3693
geolife,lfp,18,99,True,0.0,0.024,0.024,0.0,7.9499,True,False,0.2517
geolife,lfp,19,14,False,0.0,0.096,0.096,0.0,6.7427,False,False,0.7378
geolife,lfp,19,77,False,1.0,0.0,0.0,0.0,6.7693,False,False,1.4091
geolife,lfp,19,31,False,0.0,0.17,0.17,0.0,4.9704,False,False,0.5449
geolife,lfp,19,1,False,0.0,0.348,0.348,0.0,5.058,False,False,1.2423
geolife,lfp,19,33,False,1.0,0.0,0.0,0.0,3.5547,False,False,0.0766
geolife,lfp,19,50,False,1.0,0.0,0.0,0.0,6.6782,False,False,1.3318
geolife,lfp,19,62,False,1.0,0.0,0.0,0.0,4.1755,False,False,0.1154
geolife,lfp,19,35,False,1.0,0.0,0.0,0.0,5.347,False,False,0.9114
geolife,lfp,19,76,False,0.0,0.114,0.114,0.0,5.8091,False,False,0.0459
geolife,lfp,19,24,False,1.0,0.0,0.0,0.0,4.9735,False,False,0.8995
geolife,lfp,19,58,False,1.0,0.0,0.0,0.0,3.3093,False,False,0.5271
geolife,lfp,19,6,False,0.0,0.098,0.098,0.0,4.6198,False,False,1.1825
geolife,lfp,19,37,False,0.0,0.04,0.04,0.0,3.8274,False,False,1.0973
geolife,lfp,19,39,False,1.0,0.0,0.0,0.0,7.3066,False,False,1.6714
geolife,lfp,19,25,False,0.0,0.72,0.72,0.0,6.3272,False,False,1.2435
geolife,lfp,19,29,False,1.0,0.0,0.0,0.0,5.6274,False,False,1.0394
geolife,lfp,19,86,True,0.0,0.196,0.196,0.0,6.9314,False,False,0.0668
geolife,lfp,19,98,True,0.0,0.048,0.048,0.0,7.1798,False,False,0.2075
geolife,lfp,19,96,True,1.0,0.0,0.0,0.0,4.0981,False,False,1.8997
geolife,lfp,19,84,True,0.0,0.232,0.232,0.0,6.8162,False,False,0.4885
geolife,lfp,20,78,False,1.0,0.0,0.0,0.0,5.0669,False,False,0.132
geolife,lfp,20,31,False,0.0,0.174,0.174,0.0,4.4176,False,False,0.3612
geolife,lfp,20,59,False,0.0,0.024,0.024,0.0,3.0436,False,False,0.9187
geolife,lfp,20,74,False,0.0,0.03,0.03,0.0,3.149,False,False,1.1096
geolife,lfp,20,28,False,1.0,0.0,0.0,0.0,8.0327,False,False,1.7157
geolife,lfp,20,49,False,1.0,0.0,0.0,0.0,3.5949,False,False,0.4105
geolife,lfp,20,6,False,0.0,0.106,0.106,0.0,4.0224,False,False,0.8953
geolife,lfp,20,70,False,1.0,0.0,0.0,0.0,3.4004,False,False,1.15
geolife,lfp,20,44,False,0.0,0.066,0.066,0.0,4.6415,False,False,0.036
geolife,lfp,20,43,False,1.0,0.0,0.0,0.0,6.9644,False,False,1.3534
geolife,lfp,20,60,False,1.0,0.0,0.0,0.0,9.6397,False,True,2.3201
geolife,lfp,20,22,False,0.0,0.166,0.166,0.0,2.7827,False,False,0.944
geolife,lfp,20,26,False,0.0,0.18,0.18,0.0,3.4917,False,False,1.0718
geolife,lfp,20,36,False,0.0,0.026,0.026,0.0,5.1338,False,False,0.5653
geolife,lfp,20,25,False,0.0,0.728,0.728,0.0,5.2733,False,False,0.9648
geolife,lfp,20,63,False,0.0,0.154,0.154,0.0,5.5551,False,False,0.2183
geolife,lfp,20,88,True,0.0,0.358,0.358,0.0,7.6617,False,False,0.5882
geolife,lfp,20,91,True,0.0,0.01,0.01,0.0,5.315,False,False,0.5384
geolife,lfp,20,83,True,0.0,0.036,0.036,0.0,8.0843,False,False,1.0817
geolife,lfp,20,94,True,1.0,0.0,0.0,0.0,6.9759,False,False,0.4255
geolife,lfp,21,23,False,0.0,0.098,0.098,0.0,5.0539,True,False,1.7892
geolife,lfp,21,29,False,1.0,0.0,0.0,0.0,4.9705,False,False,0.327
geolife,lfp,21,50,False,1.0,0.0,0.0,0.0,6.7464,False,False,0.6984
geolife,lfp,21,51,False,1.0,0.0,0.0,0.0,5.0694,False,False,0.5047
geolife,lfp,21,43,False,1.0,0.0,0.0,0.0,6.6981,False,False,0.9158
geolife,lfp,21,33,False,1.0,0.0,0.0,0.0,3.5426,False,False,0.4687
geolife,lfp,21,36,False,1.0,0.0,0.0,0.0,4.7152,False,False,0.0556
geolife,lfp,21,47,False,1.0,0.0,0.0,0.0,4.1118,False,False,0.1202
geolife,lfp,21,57,False,1.0,0.0,0.0,0.0,7.1752,False,False,0.99
geolife,lfp,21,65,False,0.0,1.0,1.0,0.0,6.4621,True,True,2.2227
geolife,lfp,21,31,False,0.0,0.144,0.144,0.0,5.7024,True,False,1.0237
geolife,lfp,21,60,False,1.0,0.0,0.0,0.0,7.7493,False,False,1.3057
geolife,lfp,21,28,False,1.0,0.0,0.0,0.0,7.5434,False,False,1.1483
geolife,lfp,21,64,False,0.0,1.0,1.0,0.0,7.7424,True,False,1.6507
geolife,lfp,21,42,False,1.0,0.0,0.0,0.0,5.8443,False,False,0.3686
geolife,lfp,21,27,False,0.0,0.018,0.018,0.0,7.5334,True,False,0.9745
geolife,lfp,21,90,True,1.0,0.0,0.0,0.0,8.8137,False,False,0.6385
geolife,lfp,21,98,True,0.0,0.026,0.026,0.0,7.5431,True,False,0.3378
geolife,lfp,21,88,True,0.0,0.1,0.1,0.0,8.1278,True,False,0.0685
geolife,lfp,21,83,True,0.0,0.02,0.02,0.0,9.2574,True,False,0.7379
geolife,lfp,22,17,False,0.0,0.17,0.17,0.0,5.7311,True,False,0.2742
geolife,lfp,22,47,False,1.0,0.0,0.0,0.0,4.0535,False,False,0.4609
geolife,lfp,22,24,False,1.0,0.0,0.0,0.0,4.908,False,False,0.9955
geolife,lfp,22,62,False,1.0,0.0,0.0,0.0,4.1597,False,False,0.0247
geolife,lfp,22,46,False,0.0,0.144,0.144,0.0,6.219,True,False,0.5718
geolife,lfp,22,52,False,1.0,0.0,0.0,0.0,4.5242,False,False,0.1547
geolife,lfp,22,33,False,1.0,0.0,0.0,0.0,3.5017,False,False,0.0978
geolife,lfp,22,58,False,1.0,0.0,0.0,0.0,3.0548,False,False,0.453
geolife,lfp,22,3,False,1.0,0.0,0.0,0.0,7.1057,False,False,1.795
geolife,lfp,22,5,False,1.0,0.0,0.0,0.0,3.4813,False,False,1.4161
geolife,lfp,22,70,False,0.0,0.412,0.412,0.0,5.6588,True,False,1.4261
geolife,lfp,22,2,False,0.0,0.166,0.166,0.0,3.4101,True,False,1.1887
geolife,lfp,22,22,False,1.0,0.0,0.0,0.0,5.7167,False,False,1.1812
geolife,lfp,22,19,False,0.0,0.098,0.098,0.0,3.9254,True,False,1.2998
geolife,lfp,22,23,False,1.0,0.0,0.0,0.0,7.0534,False,False,1.7619
geolife,lfp,22,28,True,0.0,0.06,0.06,0.0,5.4309,True,False,1.3813
geolife,lfp,22,87,True,0.0,0.486,0.486,0.0,7.1509,True,False,0.1379
geolife,lfp,22,85,True,0.0,0.302,0.302,0.0,7.2294,True,False,0.1421
geolife,lfp,22,99,True,0.0,0.156,0.156,0.0,7.7972,True,False,0.587
geolife,lfp,23,69,False,0.0,0.004,0.004,0.0,5.4997,False,False,0.3219
geolife,lfp,23,64,False,0.0,1.0,1.0,0.0,6.9062,False,False,1.2298
geolife,lfp,23,78,False,1.0,0.0,0.0,0.0,3.9679,False,False,0.0386
geolife,lfp,23,79,False,1.0,0.0,0.0,0.0,2.8389,False,False,1.0527
geolife,lfp,23,70,False,1.0,0.0,0.0,0.0,3.0844,False,False,1.5164
geolife,lfp,23,57,False,1.0,0.0,0.0,0.0,6.7363,False,False,1.7234
geolife,lfp,23,14,False,0.0,0.16,0.16,0.0,7.6161,False,False,0.9147
geolife,lfp,23,47,False,1.0,0.0,0.0,0.0,3.6404,False,False,0.1302
geolife,lfp,23,50,False,1.0,0.0,0.0,0.0,6.094,False,False,1.2875
geolife,lfp,23,73,False,0.0,1.0,1.0,0.0,6.7109,False,False,1.3427
geolife,lfp,23,43,False,1.0,0.0,0.0,0.0,6.8702,False,False,1.3769
geolife,lfp,23,67,False,1.0,0.0,0.0,0.0,3.6182,False,False,0.3741
geolife,lfp,23,49,False,1.0,0.0,0.0,0.0,2.9714,False,False,0.4748
geolife,lfp,23,59,False,0.0,0.044,0.044,0.0,3.1767,False,False,1.2476
geolife,lfp,23,39,False,1.0,0.0,0.0,0.0,6.6928,False,False,1.6945
geolife,lfp,23,17,False,0.0,0.176,0.176,0.0,5.7471,False,False,0.3643
geolife,lfp,23,98,True,0.0,0.058,0.058,0.0,7.6238,False,False,0.2798
geolife,lfp,23,99,True,0.0,0.232,0.232,0.0,7.5356,False,False,0.1126
geolife,lfp,23,97,True,0.0,0.002,0.002,0.0,5.5456,False,False,0.7156
geolife,lfp,23,94,True,0.0,0.08,0.08,0.0,7.6344,False,False,0.5154
geolife,lfp,24,45,False,1.0,0.0,0.0,0.0,5.9008,False,False,1.3503
geolife,lfp,24,66,False,0.0,0.004,0.004,0.0,7.5096,False,False,1.3048
geolife,lfp,24,15,False,1.0,0.0,0.0,0.0,6.2242,False,False,1.6002
geolife,lfp,24,78,False,1.0,0.0,0.0,0.0,3.3525,False,False,0.0105
geolife,lfp,24,41,False,1.0,0.0,0.0,0.0,3.9199,False,False,1.764
geolife,lfp,24,69,False,0.0,0.002,0.002,0.0,5.3357,False,False,0.3092
geolife,lfp,24,33,False,1.0,0.0,0.0,0.0,3.8365,False,False,0.0866
geolife,lfp,24,49,False,1.0,0.0,0.0,0.0,3.0567,False,False,0.3279
geolife,lfp,24,26,False,0.0,0.18,0.18,0.0,4.5911,False,False,1.1605
geolife,lfp,24,71,False,1.0,0.0,0.0,0.0,5.7524,False,False,1.2812
geolife,lfp,24,3,False,1.0,0.0,0.0,0.0,2.418,False,False,0.836
geolife,lfp,24,79,False,0.0,0.15,0.15,0.0,5.1212,False,False,1.0918
geolife,lfp,24,72,False,0.0,0.024,0.024,0.0,3.9068,False,False,0.9226
geolife,lfp,24,8,False,0.0,0.01,0.01,0.0,5.5387,False,False,0.5784
geolife,lfp,24,36,False,1.0,0.0,0.0,0.0,2.8603,False,False,1.2493
geolife,lfp,24,70,True,0.0,0.382,0.382,0.0,6.2125,False,False,0.3733
geolife,lfp,24,93,True,0.0,0.006,0.006,0.0,6.4077,False,False,0.0011
geolife,lfp,24,80,True,0.0,0.106,0.106,0.0,6.5124,False,False,0.1407
geolife,lfp,24,84,True,0.0,0.018,0.018,0.0,9.8325,False,False,1.3439
geolife,lfp,25,0,False,1.0,0.0,0.0,0.0,5.284,False,False,0.8546
geolife,lfp,25,20,False,1.0,0.0,0.0,0.0,4.5384,False,False,0.6077
geolife,lfp,25,21,False,1.0,0.0,0.0,0.0,3.7687,False,False,0.1149
geolife,lfp,25,65,False,0.0,1.0,1.0,0.0,5.4739,False,False,1.4977
geolife,lfp,25,4,False,1.0,0.0,0.0,0.0,6.3471,False,False,1.5415
geolife,lfp,25,10,False,0.0,0.182,0.182,0.0,4.7018,False,False,0.9923
geolife,lfp,25,11,False,1.0,0.0,0.0,0.0,3.9309,False,False,0.1734
geolife,lfp,25,29,False,1.0,0.0,0.0,0.0,6.2011,False,False,1.1114
geolife,lfp,25,38,False,1.0,0.0,0.0,0.0,2.6115,False,False,0.7871
geolife,lfp,25,56,False,0.0,0.186,0.186,0.0,4.3429,False,False,0.862
geolife,lfp,25,17,False,0.0,0.182,0.182,0.0,5.6861,False,False,0.2744
geolife,lfp,25,2,False,0.0,0.376,0.376,0.0,5.5856,False,False,1.1792
geolife,lfp,25,15,False,1.0,0.0,0.0,0.0,6.546,False,False,1.6225
geolife,lfp,25,77,False,1.0,0.0,0.0,0.0,6.1043,False,False,1.4003
geolife,lfp,25,44,False,0.0,0.076,0.076,0.0,5.1026,False,False,0.0618
geolife,lfp,25,40,False,0.0,0.026,0.026,0.0,3.5159,False,False,1.0972
geolife,lfp,25,86,True,0.0,0.07,0.07,0.0,7.6503,False,False,0.1569
geolife,lfp,25,83,True,0.0,0.044,0.044,0.0,9.2612,False,False,1.1657
geolife,lfp,25,89,True,0.0,0.032,0.032,0.0,4.5286,False,False,1.0704
geolife,lfp,25,87,True,0.0,0.058,0.058,0.0,4.8057,False,False,0.9268
geolife,lfp,26,40,False,0.0,0.024,0.024,0.0,3.6853,True,False,1.3653
geolife,lfp,26,25,False,0.0,0.778,0.778,0.0,6.1968,True,False,1.2505
geolife,lfp,26,76,False,0.0,0.136,0.136,0.0,5.5047,True,False,0.1497
geolife,lfp,26,6,False,0.0,0.102,0.102,0.0,4.5882,True,False,1.2118
geolife,lfp,26,77,False,1.0,0.0,0.0,0.0,6.6959,False,False,1.3556
geolife,lfp,26,42,False,1.0,0.0,0.0,0.0,6.692,False,False,1.021
geolife,lfp,26,67,False,1.0,0.0,0.0,0.0,3.6904,False,False,0.5098
geolife,lfp,26,5,False,1.0,0.0,0.0,0.0,6.8728,False,False,1.5112
geolife,lfp,26,22,False,0.0,0.166,0.166,0.0,3.6543,True,False,1.2487
geolife,lfp,26,34,False,1.0,0.0,0.0,0.0,5.8721,False,False,0.9108
geolife,lfp,26,33,False,1.0,0.0,0.0,0.0,3.5662,False,False,0.3654
geolife,lfp,26,3,False,1.0,0.0,0.0,0.0,4.178,False,False,0.1398
geolife,lfp,26,78,False,1.0,0.0,0.0,0.0,6.3311,False,False,1.151
geolife,lfp,26,50,False,0.0,0.008,0.008,0.0,7.1205,True,False,0.9325
geolife,lfp,26,18,False,0.0,0.2,0.2,0.0,5.8057,True,False,0.3315
geolife,lfp,26,17,True,0.0,0.002,0.002,0.0,9.8376,True,False,1.4627
geolife,lfp,26,90,True,1.0,0.0,0.0,0.0,5.0823,False,False,1.2049
geolife,lfp,26,87,True,1.0,0.0,0.0,0.0,6.16,False,False,0.4558
geolife,lfp,26,97,True,0.0,0.34,0.34,0.0,7.67,True,False,0.1115
geolife,lfp,27,78,False,1.0,0.0,0.0,0.0,3.4804,False,False,0.0333
geolife,lfp,27,10,False,0.0,0.186,0.186,0.0,5.0238,False,False,1.046
geolife,lfp,27,28,False,1.0,0.0,0.0,0.0,6.1606,False,False,1.4315
geolife,lfp,27,25,False,0.0,0.788,0.788,0.0,6.5542,False,False,1.059
geolife,lfp,27,66,False,0.0,0.004,0.004,0.0,8.3539,False,False,1.4887
geolife,lfp,27,58,False,1.0,0.0,0.0,0.0,3.2412,False,False,0.6036
geolife,lfp,27,70,False,1.0,0.0,0.0,0.0,2.9716,False,False,1.2812
geolife,lfp,27,15,False,1.0,0.0,0.0,0.0,6.2076,False,False,1.4235
geolife,lfp,27,1,False,0.0,0.342,0.342,0.0,5.2413,False,False,1.0653
geolife,lfp,27,50,False,1.0,0.0,0.0,0.0,5.287,False,False,1.0094
geolife,lfp,27,63,False,0.0,0.136,0.136,0.0,6.4858,False,False,0.0763
geolife,lfp,27,45,False,1.0,0.0,0.0,0.0,5.5527,False,False,1.0842
geolife,lfp,27,31,False,0.0,0.14,0.14,0.0,5.5981,False,False,0.4168
geolife,lfp,27,33,False,1.0,0.0,0.0,0.0,3.8531,False,False,0.0722
geolife,lfp,27,4,False,1.0,0.0,0.0,0.0,6.0507,False,False,1.357
geolife,lfp,27,46,False,0.0,0.046,0.046,0.0,6.3416,False,False,0.3818
geolife,lfp,27,94,True,0.0,0.192,0.192,0.0,7.9713,False,False,0.3769
geolife,lfp,27,82,True,0.0,0.176,0.176,0.0,5.1109,False,False,1.0112
geolife,lfp,27,96,True,1.0,0.0,0.0,0.0,3.5552,False,False,1.6277
geolife,lfp,27,97,True,0.0,0.05,0.05,0.0,6.3286,False,False,0.4129
geolife,lfp,28,9,False,1.0,0.0,0.0,0.0,8.2649,False,False,1.9575
geolife,lfp,28,67,False,1.0,0.0,0.0,0.0,4.3792,False,False,0.0313
geolife,lfp,28,76,False,0.0,0.13,0.13,0.0,5.5237,False,False,0.4484
geolife,lfp,28,70,False,1.0,0.0,0.0,0.0,3.1837,False,False,1.0387
geolife,lfp,28,2,False,0.0,0.366,0.366,0.0,4.4217,False,False,0.9914
geolife,lfp,28,3,False,0.0,0.166,0.166,0.0,2.7997,False,False,0.8079
geolife,lfp,28,22,False,0.0,0.316,0.316,0.0,4.5385,False,False,0.8963
geolife,lfp,28,75,False,1.0,0.0,0.0,0.0,3.5005,False,False,0.2878
geolife,lfp,28,49,False,0.0,0.024,0.024,0.0,3.0074,False,False,0.8828
geolife,lfp,28,40,False,1.0,0.0,0.0,0.0,7.6549,False,False,1.7556
geolife,lfp,28,7,False,1.0,0.0,0.0,0.0,4.2752,False,False,0.2565
geolife,lfp,28,33,False,0.0,0.004,0.004,0.0,7.455,False,False,1.4634
geolife,lfp,28,18,False,0.0,0.044,0.044,0.0,2.9437,False,False,0.6504
geolife,lfp,28,37,False,1.0,0.0,0.0,0.0,5.1335,False,False,0.3386
geolife,lfp,28,51,False,0.0,1.0,1.0,0.0,5.8091,False,False,0.7262
geolife,lfp,28,64,True,0.0,0.052,0.052,0.0,4.0997,False,False,1.0839
geolife,lfp,28,87,True,0.0,0.092,0.092,0.0,7.1422,False,False,0.4571
geolife,lfp,28,80,True,0.0,0.006,0.006,0.0,8.6993,False,False,1.4757
geolife,lfp,28,95,True,0.0,0.276,0.276,0.0,4.5251,False,False,0.8186
geolife,lfp,29,65,False,0.0,1.0,1.0,0.0,5.6566,True,False,1.5401
geolife,lfp,29,79,False,1.0,0.0,0.0,0.0,2.7211,False,False,0.8252
geolife,lfp,29,66,False,0.0,0.004,0.004,0.0,7.5787,True,False,1.3975
geolife,lfp,29,49,False,1.0,0.0,0.0,0.0,2.7896,False,False,0.3479
geolife,lfp,29,54,False,1.0,0.0,0.0,0.0,3.9879,False,False,0.2065
geolife,lfp,29,4,False,1.0,0.0,0.0,0.0,6.3079,False,False,1.5465
geolife,lfp,29,58,False,1.0,0.0,0.0,0.0,2.9016,False,False,0.3771
geolife,lfp,29,78,False,1.0,0.0,0.0,0.0,3.852,False,False,0.0694
geolife,lfp,29,41,False,1.0,0.0,0.0,0.0,3.8938,False,False,1.7565
geolife,lfp,29,69,False,1.0,0.0,0.0,0.0,5.4348,False,False,0.4287
geolife,lfp,29,67,False,0.0,0.01,0.01,0.0,3.4862,True,False,0.2692
geolife,lfp,29,36,False,1.0,0.0,0.0,0.0,5.0221,False,False,0.5411
geolife,lfp,29,28,False,1.0,0.0,0.0,0.0,6.681,False,False,1.7097
geolife,lfp,29,73,False,0.0,1.0,1.0,0.0,6.8111,True,False,1.0562
geolife,lfp,29,61,False,1.0,0.0,0.0,0.0,6.469,False,False,1.5773
geolife,lfp,29,59,False,0.0,0.024,0.024,0.0,3.2756,True,False,0.9875
geolife,lfp,29,89,True,0.0,0.044,0.044,0.0,5.0954,True,False,0.9487
geolife,lfp,29,80,True,0.0,0.094,0.094,0.0,7.2399,True,False,0.2128
geolife,lfp,29,99,True,0.0,0.246,0.246,0.0,8.4841,True,False,0.4572
geolife,lfp,29,85,True,0.0,0.232,0.232,0.0,7.4568,True,False,0.0382
geolife,ooa,0,30,False,-0.2883,0.424,0.2,0.624,6.9905,True,False,0.7122
geolife,ooa,0,0,False,0.0,0.624,0.0,0.624,4.9175,False,False,0.5542
geolife,ooa,0,22,False,-0.2756,0.466,0.158,0.624,4.7523,True,False,1.3618
geolife,ooa,0,31,False,-0.1187,0.566,0.058,0.624,5.4614,True,False,0.8757
geolife,ooa,0,18,False,0.0,0.624,0.0,0.624,6.239,False,False,0.4516
geolife,ooa,0,28,False,0.0,0.624,0.0,0.624,7.0568,False,False,1.4164
geolife,ooa,0,10,False,-0.3045,0.42,0.204,0.624,5.5626,True,False,1.4805
geolife,ooa,0,70,False,0.0,0.624,0.0,0.624,4.4483,False,False,1.6007
geolife,ooa,0,4,False,0.0,0.624,0.0,0.624,6.6765,False,False,1.3059
geolife,ooa,0,12,False,0.0,0.624,0.0,0.624,6.7087,False,False,1.3296
geolife,ooa,0,49,False,0.0,0.624,0.0,0.624,2.9531,False,False,0.639
geolife,ooa,0,33,False,0.0,0.624,0.0,0.624,3.3202,False,False,0.0822
geolife,ooa,0,67,False,0.0,0.624,0.0,0.624,3.106,False,False,0.6647
geolife,ooa,0,35,False,0.0,0.624,0.0,0.624,5.3329,False,False,0.6697
geolife,ooa,0,68,False,-0.2715,0.48,0.144,0.624,5.9053,True,False,0.5292
geolife,ooa,0,45,False,0.0,0.624,0.0,0.624,6.2056,False,False,1.0717
geolife,ooa,0,81,False,-0.4029,0.39,0.234,0.624,5.1994,True,False,1.286
geolife,ooa,0,84,False,0.0,0.624,0.0,0.624,5.0682,False,False,0.4344
geolife,ooa,0,85,False,-0.3534,0.396,0.228,0.624,7.3125,True,False,0.2743
geolife,ooa,0,83,False,-0.0048,0.612,0.012,0.624,8.4783,True,False,1.2145
geolife,ooa,1,23,False,-0.2101,0.25,0.114,0.364,5.0392,True,False,1.0126
geolife,ooa,1,39,False,0.0,0.364,0.0,0.364,6.6178,False,False,1.2737
geolife,ooa,1,69,False,0.0139,0.36,0.004,0.364,5.1367,False,False,0.1559
geolife,ooa,1,74,False,-0.0701,0.328,0.036,0.364,4.5089,True,False,1.0217
geolife,ooa,1,0,False,0.0,0.364,0.0,0.364,5.4674,False,False,0.7112
geolife,ooa,1,1,False,-0.3867,0.196,0.56,0.364,5.9157,True,False,0.9791
geolife,ooa,1,38,False,0.0,0.364,0.0,0.364,2.5431,False,False,0.7771
geolife,ooa,1,45,False,0.0,0.364,0.0,0.364,6.1629,False,False,1.0859
geolife,ooa,1,72,False,-0.3231,0.174,0.19,0.364,5.2979,True,False,0.9848
geolife,ooa,1,63,False,-0.1759,0.264,0.1,0.364,6.4644,True,False,0.0102
geolife,ooa,1,8,False,-0.0433,0.342,0.022,0.364,3.7922,True,False,0.8188
geolife,ooa,1,13,False,0.0,0.364,0.0,0.364,6.934,False,False,1.3568
geolife,ooa,1,15,False,0.0,0.364,0.0,0.364,6.7745,False,False,1.3191
geolife,ooa,1,41,False,0.0,0.364,0.0,0.364,4.6195,False,False,1.4241
geolife,ooa,1,54,False,0.0,0.364,0.0,0.364,3.965,False,False,0.217
geolife,ooa,1,5,False,0.0,0.364,0.0,0.364,6.7491,False,False,1.2974
geolife,ooa,1,94,False,0.0,0.364,0.0,0.364,5.2608,False,False,0.6664
geolife,ooa,1,82,False,0.0,0.364,0.0,0.364,2.5259,False,False,0.7507
geolife,ooa,1,95,False,-0.008,0.36,0.004,0.364,7.6773,True,False,1.0616
geolife,ooa,1,96,False,0.0,0.364,0.0,0.364,4.4822,False,False,1.3864
geolife,ooa,2,49,False,0.0,0.07,0.0,0.07,3.1171,False,False,0.5969
geolife,ooa,2,43,False,0.0,0.07,0.0,0.07,6.1449,False,False,0.7894
geolife,ooa,2,38,False,0.0,0.07,0.0,0.07,3.1368,False,False,1.2492
geolife,ooa,2,46,False,-0.0983,0.054,0.124,0.07,6.925,True,False,0.5413
geolife,ooa,2,79,False,0.0,0.07,0.0,0.07,3.2081,False,False,1.2061
geolife,ooa,2,24,False,0.0,0.07,0.0,0.07,4.9523,False,False,0.6908
geolife,ooa,2,19,False,0.0,0.07,0.0,0.07,5.2133,False,False,0.8
geolife,ooa,2,62,False,-0.0039,0.068,0.002,0.07,4.2031,True,False,0.1008
geolife,ooa,2,56,False,-0.1105,0.102,0.172,0.07,4.8945,True,False,1.358
geolife,ooa,2,73,False,0.0,0.93,1.0,0.07,8.1787,False,False,1.5354
geolife,ooa,2,32,False,0.0415,0.346,0.416,0.07,7.4583,False,False,1.1209
geolife,ooa,2,77,False,0.0,0.07,0.0,0.07,6.2497,False,False,1.1952
geolife,ooa,2,39,False,0.0,0.07,0.0,0.07,6.6521,False,False,1.4081
geolife,ooa,2,7,False,0.0,0.07,0.0,0.07,6.7091,False,False,1.4277
geolife,ooa,2,63,False,-0.097,0.05,0.12,0.07,6.6707,True,False,0.3599
geolife,ooa,2,42,False,0.0,0.07,0.0,0.07,7.2731,False,False,1.056
geolife,ooa,2,91,False,0.0,0.07,0.0,0.07,4.021,False,False,0.1224
geolife,ooa,2,80,False,0.0,0.07,0.0,0.07,4.9221,False,False,0.2626
geolife,ooa,2,87,False,-0.0394,0.044,0.026,0.07,3.9962,True,False,1.3126
geolife,ooa,2,88,False,-0.0938,0.108,0.178,0.07,8.5194,True,False,0.7912
geolife,ooa,3,55,False,0.0,0.018,0.0,0.018,5.7964,False,False,0.8594
geolife,ooa,3,25,False,0.0,0.982,1.0,0.018,7.8786,False,False,1.3622
geolife,ooa,3,10,False,-0.034,0.17,0.188,0.018,5.4511,True,False,1.3735
geolife,ooa,3,19,False,0.0,0.018,0.0,0.018,4.8754,False,False,0.7268
geolife,ooa,3,45,False,0.0,0.018,0.0,0.018,6.667,False,False,1.1548
geolife,ooa,3,1,False,-0.036,0.49,0.508,0.018,6.3523,True,False,1.3627
geolife,ooa,3,73,False,0.0,0.982,1.0,0.018,8.3266,False,False,1.3913
geolife,ooa,3,21,False,0.0,0.018,0.0,0.018,4.421,False,False,0.142
geolife,ooa,3,54,False,0.0,0.018,0.0,0.018,3.5011,False,False,0.0498
geolife,ooa,3,2,False,0.0298,0.53,0.548,0.018,7.1158,False,False,1.5403
geolife,ooa,3,20,False,0.0,0.018,0.0,0.018,4.6169,False,False,0.6242
geolife,ooa,3,33,False,0.0,0.018,0.0,0.018,3.4282,False,False,0.1406
geolife,ooa,3,29,False,0.0,0.018,0.0,0.018,5.2375,False,False,0.7653
geolife,ooa,3,62,False,0.0,0.018,0.0,0.018,4.3577,False,False,0.0373
geolife,ooa,3,7,False,0.0,0.018,0.0,0.018,7.0598,False,False,1.3637
geolife,ooa,3,77,False,0.0,0.018,0.0,0.018,6.7019,False,False,1.1988
geolife,ooa,3,80,False,-0.0066,0.014,0.004,0.018,4.7243,True,False,0.0944
geolife,ooa,3,81,False,-0.0345,0.212,0.23,0.018,5.0752,True,False,1.1858
geolife,ooa,3,88,False,-0.0146,0.176,0.194,0.018,7.6094,True,False,0.4898
geolife,ooa,3,95,False,-0.016,0.004,0.014,0.018,7.7466,True,False,1.2336
geolife,ooa,4,47,False,0.0,0.004,0.0,0.004,3.5117,False,False,0.0379
geolife,ooa,4,78,False,0.0,0.004,0.0,0.004,2.6965,False,False,0.3073
geolife,ooa,4,36,False,-0.0027,0.002,0.002,0.004,5.4452,True,False,0.3905
geolife,ooa,4,51,False,0.0,0.004,0.0,0.004,2.9634,False,False,0.1753
geolife,ooa,4,44,False,-0.0074,0.044,0.048,0.004,5.6622,True,False,0.6042
geolife,ooa,4,13,False,0.0,0.004,0.0,0.004,5.4771,False,False,1.5382
geolife,ooa,4,10,False,-0.0079,0.184,0.188,0.004,6.2991,True,False,1.6543
geolife,ooa,4,75,False,0.0015,0.416,0.42,0.004,7.6754,False,False,1.6779
geolife,ooa,4,11,False,0.0,0.004,0.0,0.004,2.8523,False,False,0.2189
geolife,ooa,4,24,False,0.0,0.004,0.0,0.004,4.7353,False,False,0.6313
geolife,ooa,4,72,False,-0.0079,0.192,0.196,0.004,6.6256,True,False,1.6682
geolife,ooa,4,34,False,0.0,0.004,0.0,0.004,4.3575,False,False,0.9347
geolife,ooa,4,33,False,0.0,0.004,0.0,0.004,3.8908,False,False,0.1543
geolife,ooa,4,45,False,0.0,0.004,0.0,0.004,4.7654,False,False,1.1567
geolife,ooa,4,21,False,0.0,0.004,0.0,0.004,3.0267,False,False,0.2832
geolife,ooa,4,66,False,-0.004,0.0,0.004,0.004,8.0238,True,False,1.1325
geolife,ooa,4,80,False,0.0,0.004,0.0,0.004,5.4575,False,False,0.1719
geolife,ooa,4,82,False,0.0,0.004,0.0,0.004,2.9524,False,False,1.3189
geolife,ooa,4,90,False,0.0,0.004,0.0,0.004,5.6273,False,False,1.6263
geolife,ooa,4,84,False,0.0,0.004,0.0,0.004,3.4707,False,False,0.4426
geolife,ooa,5,70,False,1.0,0.0,0.0,0.0,3.572,False,False,1.2959
geolife,ooa,5,25,False,0.0,1.0,1.0,0.0,6.4224,False,False,1.1339
geolife,ooa,5,14,False,0.0,0.054,0.054,0.0,6.6912,False,False,0.4913
geolife,ooa,5,40,False,0.0,0.022,0.022,0.0,3.5791,False,False,1.195
geolife,ooa,5,73,False,0.0,1.0,1.0,0.0,6.836,False,False,1.1688
geolife,ooa,5,64,False,0.0,1.0,1.0,0.0,6.8499,False,False,1.1031
geolife,ooa,5,42,False,0.0,0.006,0.006,0.0,6.8558,False,False,0.8291
geolife,ooa,5,38,False,1.0,0.0,0.0,0.0,3.2346,False,False,0.9063
geolife,ooa,5,77,False,1.0,0.0,0.0,0.0,7.2863,False,False,1.1891
geolife,ooa,5,18,False,0.0,0.008,0.008,0.0,6.5806,False,False,0.6589
geolife,ooa,5,29,False,1.0,0.0,0.0,0.0,6.2681,False,False,0.859
geolife,ooa,5,36,False,1.0,0.0,0.0,0.0,5.2119,False,False,0.3496
geolife,ooa,5,75,False,0.0,0.428,0.428,0.0,5.4576,False,False,1.1681
geolife,ooa,5,69,False,0.0,0.004,0.004,0.0,5.0254,False,False,0.1155
geolife,ooa,5,5,False,1.0,0.0,0.0,0.0,7.8646,False,False,1.4277
geolife,ooa,5,74,False,0.0,0.034,0.034,0.0,3.9805,False,False,1.1566
geolife,ooa,5,84,True,1.0,0.0,0.0,0.0,5.7929,False,False,0.5478
geolife,ooa,5,92,True,1.0,0.0,0.0,0.0,7.9101,False,False,1.4199
geolife,ooa,5,83,True,0.0,0.006,0.006,0.0,8.3037,False,False,1.2228
geolife,ooa,5,85,True,0.0,0.22,0.22,0.0,6.5863,False,False,0.017
geolife,ooa,6,9,False,1.0,0.0,0.0,0.0,5.631,False,False,0.7359
geolife,ooa,6,40,False,0.0,0.022,0.022,0.0,4.4861,True,False,1.373
geolife,ooa,6,60,False,1.0,0.0,0.0,0.0,8.0134,False,False,1.4725
geolife,ooa,6,59,False,0.0,0.042,0.042,0.0,4.2322,True,False,1.2348
geolife,ooa,6,38,False,1.0,0.0,0.0,0.0,3.1104,False,False,1.0726
geolife,ooa,6,8,False,0.0,0.022,0.022,0.0,4.1222,True,False,1.0777
geolife,ooa,6,77,False,1.0,0.0,0.0,0.0,6.0856,False,False,1.1572
geolife,ooa,6,4,False,1.0,0.0,0.0,0.0,6.5638,False,False,1.3741
geolife,ooa,6,52,False,1.0,0.0,0.0,0.0,3.8007,False,False,0.0505
geolife,ooa,6,56,False,0.0,0.178,0.178,0.0,4.8255,True,False,1.1483
geolife,ooa,6,5,False,1.0,0.0,0.0,0.0,6.6283,False,False,1.3815
geolife,ooa,6,20,False,1.0,0.0,0.0,0.0,4.4196,False,False,0.6348
geolife,ooa,6,69,False,1.0,0.0,0.0,0.0,4.6325,False,False,0.0168
geolife,ooa,6,35,False,1.0,0.0,0.0,0.0,5.2964,False,False,0.6829
geolife,ooa,6,10,False,0.0,0.186,0.186,0.0,5.3158,True,False,1.3008
geolife,ooa,6,23,False,0.0,0.106,0.106,0.0,5.1855,True,False,1.3349
geolife,ooa,6,85,True,0.0,0.202,0.202,0.0,6.7859,True,False,0.1548
geolife,ooa,6,86,True,0.0,0.016,0.016,0.0,4.8094,True,False,0.0864
geolife,ooa,6,88,True,0.0,0.198,0.198,0.0,7.7461,True,False,0.6719
geolife,ooa,6,98,True,1.0,0.0,0.0,0.0,4.8442,False,False,0.5333
geolife,ooa,7,21,False,1.0,0.0,0.0,0.0,4.0043,False,False,0.1007
geolife,ooa,7,29,False,1.0,0.0,0.0,0.0,5.9311,False,False,0.9648
geolife,ooa,7,0,False,1.0,0.0,0.0,0.0,5.1483,False,False,0.7716
geolife,ooa,7,23,False,0.0,0.104,0.104,0.0,4.4039,True,False,1.2244
geolife,ooa,7,11,False,1.0,0.0,0.0,0.0,3.9257,False,False,0.1214
geolife,ooa,7,62,False,1.0,0.0,0.0,0.0,4.1382,False,False,0.1055
geolife,ooa,7,19,False,1.0,0.0,0.0,0.0,5.5226,False,False,0.9234
geolife,ooa,7,52,False,1.0,0.0,0.0,0.0,3.9777,False,False,0.1672
geolife,ooa,7,41,False,1.0,0.0,0.0,0.0,4.5734,False,False,1.8105
geolife,ooa,7,63,False,0.0,0.114,0.114,0.0,6.2311,True,False,0.0134
geolife,ooa,7,1,False,0.0,0.48,0.48,0.0,5.4476,True,False,1.1643
geolife,ooa,7,72,False,0.0,0.184,0.184,0.0,4.9843,True,False,1.1953
geolife,ooa,7,56,False,0.0,0.18,0.18,0.0,4.1671,True,False,1.0208
geolife,ooa,7,22,False,0.0,0.152,0.152,0.0,3.7923,True,False,1.1124
geolife,ooa,7,38,False,1.0,0.0,0.0,0.0,2.7254,False,False,0.9368
geolife,ooa,7,46,False,0.0,0.044,0.044,0.0,6.9574,True,False,0.5051
geolife,ooa,7,83,True,0.0,0.008,0.008,0.0,8.9383,True,False,1.6032
geolife,ooa,7,92,True,1.0,0.0,0.0,0.0,6.9903,False,False,1.6856
geolife,ooa,7,88,True,0.0,0.188,0.188,0.0,7.5633,True,False,0.7279
geolife,ooa,7,84,True,1.0,0.0,0.0,0.0,5.199,False,False,0.8014
geolife,ooa,8,79,False,1.0,0.0,0.0,0.0,3.6003,False,False,0.7458
geolife,ooa,8,17,False,0.0,0.198,0.198,0.0,4.5313,False,False,0.3487
geolife,ooa,8,66,False,1.0,0.0,0.0,0.0,7.7644,False,False,1.3267
geolife,ooa,8,45,False,1.0,0.0,0.0,0.0,7.6495,False,False,1.4448
geolife,ooa,8,16,False,0.0,0.508,0.508,0.0,5.0986,False,False,1.0486
geolife,ooa,8,44,False,0.0,0.116,0.116,0.0,4.1959,False,False,0.1676
geolife,ooa,8,64,False,0.0,1.0,1.0,0.0,6.3118,False,False,1.0086
geolife,ooa,8,8,False,0.0,0.022,0.022,0.0,3.2129,False,False,0.7874
geolife,ooa,8,36,False,0.0,0.054,0.054,0.0,5.72,False,False,0.725
geolife,ooa,8,18,False,1.0,0.0,0.0,0.0,6.566,False,False,0.9358
geolife,ooa,8,58,False,1.0,0.0,0.0,0.0,3.7761,False,False,0.3189
geolife,ooa,8,55,False,1.0,0.0,0.0,0.0,7.3038,False,False,1.2941
geolife,ooa,8,46,False,0.0,0.11,0.11,0.0,6.0536,False,False,0.6893
geolife,ooa,8,23,False,0.0,0.104,0.104,0.0,3.6043,False,False,1.0608
geolife,ooa,8,34,False,1.0,0.0,0.0,0.0,7.2495,False,False,1.26
geolife,ooa,8,72,False,0.0,0.18,0.18,0.0,4.2739,False,False,1.0208
geolife,ooa,8,96,True,1.0,0.0,0.0,0.0,3.5467,False,False,1.5029
geolife,ooa,8,81,True,0.0,0.222,0.222,0.0,3.4124,False,False,0.8615
geolife,ooa,8,93,True,0.0,0.182,0.182,0.0,5.8813,False,False,0.2925
geolife,ooa,8,95,True,0.0,0.01,0.01,0.0,8.1099,False,False,1.4884
geolife,ooa,9,72,False,0.0,0.18,0.18,0.0,5.4481,False,False,1.3302
geolife,ooa,9,77,False,1.0,0.0,0.0,0.0,5.9163,False,False,1.0517
geolife,ooa,9,15,False,1.0,0.0,0.0,0.0,6.4904,False,False,1.2744
geolife,ooa,9,0,False,1.0,0.0,0.0,0.0,5.0222,False,False,0.4825
geolife,ooa,9,12,False,1.0,0.0,0.0,0.0,6.4752,False,False,1.2641
geolife,ooa,9,64,False,0.0,1.0,1.0,0.0,7.9876,False,False,1.3225
geolife,ooa,9,29,False,1.0,0.0,0.0,0.0,5.6949,False,False,0.696
geolife,ooa,9,26,False,0.0,0.236,0.236,0.0,5.2826,False,False,1.4806
geolife,ooa,9,31,False,0.0,0.18,0.18,0.0,5.0726,False,False,0.7461
geolife,ooa,9,63,False,0.0,0.078,0.078,0.0,6.4049,False,False,0.2196
geolife,ooa,9,79,False,1.0,0.0,0.0,0.0,3.2888,False,False,1.0678
geolife,ooa,9,4,False,1.0,0.0,0.0,0.0,6.2144,False,False,1.1599
geolife,ooa,9,61,False,1.0,0.0,0.0,0.0,6.9164,False,False,1.4545
geolife,ooa,9,51,False,1.0,0.0,0.0,0.0,3.8287,False,False,0.1205
geolife,ooa,9,44,False,0.0,0.076,0.076,0.0,4.8512,False,False,0.5694
geolife,ooa,9,75,False,0.0,0.436,0.436,0.0,6.3828,False,False,1.3956
geolife,ooa,9,83,True,0.0,0.008,0.008,0.0,8.5356,False,False,1.1328
geolife,ooa,9,99,True,0.0,0.262,0.262,0.0,7.4596,False,False,0.0682
geolife,ooa,9,97,True,1.0,0.0,0.0,0.0,4.3275,False,False,0.2858
geolife,ooa,9,93,True,0.0,0.238,0.238,0.0,7.2342,False,False,0.6176
geolife,ooa,10,8,False,0.0,0.024,0.024,0.0,3.7768,True,False,0.8477
geolife,ooa,10,2,False,0.0,0.454,0.454,0.0,6.2052,True,False,1.2059
geolife,ooa,10,4,False,1.0,0.0,0.0,0.0,6.3629,False,False,1.2449
geolife,ooa,10,64,False,0.0,1.0,1.0,0.0,7.5329,True,False,1.049
geolife,ooa,10,27,False,0.0,0.006,0.006,0.0,8.3658,True,False,1.3039
geolife,ooa,10,47,False,1.0,0.0,0.0,0.0,3.6419,False,False,0.1976
geolife,ooa,10,73,False,0.0,1.0,1.0,0.0,7.3679,True,False,1.1234
geolife,ooa,10,56,False,0.0,0.18,0.18,0.0,4.4033,True,False,0.9089
geolife,ooa,10,68,False,0.0,0.114,0.114,0.0,6.2032,True,False,0.7665
geolife,ooa,10,38,False,1.0,0.0,0.0,0.0,2.6078,False,False,0.8408
geolife,ooa,10,49,False,1.0,0.0,0.0,0.0,2.9538,False,False,0.3911
geolife,ooa,10,3,False,1.0,0.0,0.0,0.0,5.3695,False,False,0.7766
geolife,ooa,10,19,False,1.0,0.0,0.0,0.0,3.9263,False,False,0.1113
geolife,ooa,10,52,False,1.0,0.0,0.0,0.0,4.4416,False,False,1.5847
geolife,ooa,10,41,False,1.0,0.0,0.0,0.0,6.1242,False,False,1.0776
geolife,ooa,10,50,False,0.0,0.016,0.016,0.0,7.8925,True,False,1.1598
geolife,ooa,10,95,False,1.0,0.0,0.0,0.0,7.2437,False,False,1.5229
geolife,ooa,10,90,False,1.0,0.0,0.0,0.0,2.6982,False,False,0.7858
geolife,ooa,10,82,False,0.0,0.204,0.204,0.0,7.5467,True,False,0.5763
geolife,ooa,11,20,False,1.0,0.0,0.0,0.0,4.4168,False,False,0.5807
geolife,ooa,11,49,False,1.0,0.0,0.0,0.0,2.8435,False,False,0.4362
geolife,ooa,11,30,False,0.0,0.208,0.208,0.0,6.6851,True,False,0.4865
geolife,ooa,11,17,False,0.0,0.21,0.21,0.0,5.9655,True,False,0.5369
geolife,ooa,11,73,False,0.0,1.0,1.0,0.0,8.0476,True,False,1.2029
geolife,ooa,11,43,False,1.0,0.0,0.0,0.0,6.932,False,False,1.1581
geolife,ooa,11,0,False,1.0,0.0,0.0,0.0,4.6616,False,False,0.5763
geolife,ooa,11,7,False,1.0,0.0,0.0,0.0,6.8756,False,False,1.3479
geolife,ooa,11,53,False,1.0,0.0,0.0,0.0,5.8487,False,False,0.8561
geolife,ooa,11,10,False,0.0,0.182,0.182,0.0,5.2096,True,False,1.151
geolife,ooa,11,54,False,1.0,0.0,0.0,0.0,3.9037,False,False,0.1863
geolife,ooa,11,46,False,0.0,0.144,0.144,0.0,6.2394,True,False,0.3601
geolife,ooa,11,41,False,1.0,0.0,0.0,0.0,5.342,False,False,1.6585
geolife,ooa,11,4,False,1.0,0.0,0.0,0.0,6.6678,False,False,1.2823
geolife,ooa,11,76,False,0.0,0.128,0.128,0.0,5.7532,True,False,0.1645
geolife,ooa,11,65,False,0.0,1.0,1.0,0.0,6.9295,True,False,1.5718
geolife,ooa,11,96,False,1.0,0.0,0.0,0.0,4.829,False,False,1.5642
geolife,ooa,11,84,False,1.0,0.0,0.0,0.0,5.303,False,False,0.5624
geolife,ooa,11,92,False,1.0,0.0,0.0,0.0,6.9406,False,False,1.3775
geolife,ooa,11,98,False,1.0,0.0,0.0,0.0,4.6529,False,False,0.4848
geolife,ooa,12,45,False,1.0,0.0,0.0,0.0,6.72,False,False,1.3504
geolife,ooa,12,72,False,0.0,0.184,0.184,0.0,4.9905,False,False,1.2388
geolife,ooa,12,47,False,1.0,0.0,0.0,0.0,4.067,False,False,0.3164
geolife,ooa,12,53,False,1.0,0.0,0.0,0.0,6.2114,False,False,1.0885
geolife,ooa,12,40,False,0.0,0.018,0.018,0.0,3.8105,False,False,1.26
geolife,ooa,12,29,False,1.0,0.0,0.0,0.0,5.3713,False,False,0.8295
geolife,ooa,12,70,False,1.0,0.0,0.0,0.0,3.6707,False,False,1.4023
geolife,ooa,12,37,False,0.0,0.042,0.042,0.0,3.6993,False,False,0.9981
geolife,ooa,12,10,False,0.0,0.188,0.188,0.0,4.5951,False,False,1.1959
geolife,ooa,12,28,False,1.0,0.0,0.0,0.0,7.3681,False,False,1.7
geolife,ooa,12,0,False,1.0,0.0,0.0,0.0,5.1629,False,False,0.8106
geolife,ooa,12,66,False,0.0,0.004,0.004,0.0,7.1265,False,False,1.0282
geolife,ooa,12,22,False,0.0,0.156,0.156,0.0,3.8553,False,False,1.1181
geolife,ooa,12,63,False,0.0,0.084,0.084,0.0,5.8921,False,False,0.0341
geolife,ooa,12,46,False,0.0,0.124,0.124,0.0,6.5798,False,False,0.6784
geolife,ooa,12,75,False,0.0,0.424,0.424,0.0,5.8432,False,False,1.2588
geolife,ooa,12,93,False,0.0,0.196,0.196,0.0,6.8298,False,False,0.4209
geolife,ooa,12,91,False,1.0,0.0,0.0,0.0,4.4877,False,False,0.1371
geolife,ooa,12,94,False,1.0,0.0,0.0,0.0,5.1698,False,False,0.7223
geolife,ooa,12,86,False,0.0,0.016,0.016,0.0,5.027,False,False,0.2654
geolife,ooa,13,6,False,0.0,0.098,0.098,0.0,5.9134,True,False,1.4954
geolife,ooa,13,17,False,0.0,0.228,0.228,0.0,6.7477,True,False,0.8386
geolife,ooa,13,69,False,1.0,0.0,0.0,0.0,5.2753,False,False,0.1139
geolife,ooa,13,66,False,0.0,0.004,0.004,0.0,8.0971,True,False,0.7354
geolife,ooa,13,15,False,1.0,0.0,0.0,0.0,6.2795,False,False,1.1587
geolife,ooa,13,9,False,1.0,0.0,0.0,0.0,6.0431,False,False,0.6518
geolife,ooa,13,60,False,1.0,0.0,0.0,0.0,8.7611,False,False,1.4404
geolife,ooa,13,36,False,1.0,0.0,0.0,0.0,5.0763,False,False,0.0383
geolife,ooa,13,4,False,1.0,0.0,0.0,0.0,6.0334,False,False,1.0299
geolife,ooa,13,5,False,1.0,0.0,0.0,0.0,6.3935,False,False,1.1932
geolife,ooa,13,59,False,0.0,0.052,0.052,0.0,4.576,True,False,1.4527
geolife,ooa,13,47,False,1.0,0.0,0.0,0.0,3.4165,False,False,0.0295
geolife,ooa,13,20,False,1.0,0.0,0.0,0.0,4.3618,False,False,0.3817
geolife,ooa,13,25,False,0.0,0.994,0.994,0.0,8.0555,True,False,1.5408
geolife,ooa,13,64,False,0.0,1.0,1.0,0.0,8.72,True,False,1.5215
geolife,ooa,13,11,False,1.0,0.0,0.0,0.0,3.8043,False,False,0.3156
geolife,ooa,13,98,False,1.0,0.0,0.0,0.0,4.7735,False,False,0.2923
geolife,ooa,13,82,False,1.0,0.0,0.0,0.0,3.4293,False,False,1.2211
geolife,ooa,13,88,False,0.0,0.15,0.15,0.0,8.1967,True,False,0.4402
geolife,ooa,13,92,False,1.0,0.0,0.0,0.0,6.3114,False,False,1.1671
geolife,ooa,14,4,False,1.0,0.0,0.0,0.0,6.056,False,False,1.2006
geolife,ooa,14,61,False,1.0,0.0,0.0,0.0,6.5463,False,False,1.3409
geolife,ooa,14,71,False,1.0,0.0,0.0,0.0,5.7721,False,False,1.0532
geolife,ooa,14,48,False,0.0,0.002,0.002,0.0,7.905,False,False,1.1428
geolife,ooa,14,56,False,0.0,0.188,0.188,0.0,4.3717,False,False,0.7472
geolife,ooa,14,59,False,0.0,0.052,0.052,0.0,3.3875,False,False,0.8387
geolife,ooa,14,39,False,1.0,0.0,0.0,0.0,6.3255,False,False,1.255
geolife,ooa,14,7,False,1.0,0.0,0.0,0.0,6.4173,False,False,1.3071
geolife,ooa,14,75,False,0.0,0.41,0.41,0.0,5.9525,False,False,0.9328
geolife,ooa,14,26,False,0.0,0.22,0.22,0.0,4.6882,False,False,1.0042
geolife,ooa,14,40,False,0.0,0.02,0.02,0.0,3.5871,False,False,0.9127
geolife,ooa,14,23,False,0.0,0.1,0.1,0.0,4.3915,False,False,0.9018
geolife,ooa,14,6,False,0.0,0.096,0.096,0.0,4.8381,False,False,0.8564
geolife,ooa,14,50,False,1.0,0.0,0.0,0.0,5.5783,False,False,1.0232
geolife,ooa,14,35,False,1.0,0.0,0.0,0.0,5.5102,False,False,0.6024
geolife,ooa,14,65,False,0.0,1.0,1.0,0.0,6.0758,False,False,1.2995
geolife,ooa,14,97,False,1.0,0.0,0.0,0.0,4.2162,False,False,0.4762
geolife,ooa,14,81,False,0.0,0.226,0.226,0.0,4.3131,False,False,0.7501
geolife,ooa,14,91,False,1.0,0.0,0.0,0.0,3.3552,False,False,0.1221
geolife,ooa,14,96,False,1.0,0.0,0.0,0.0,3.782,False,False,1.2802
geolife,ooa,15,73,False,0.0,1.0,1.0,0.0,8.6679,True,False,1.784
geolife,ooa,15,62,False,1.0,0.0,0.0,0.0,4.332,False,False,0.2318
geolife,ooa,15,17,False,0.0,0.198,0.198,0.0,6.8113,True,False,0.9466
geolife,ooa,15,51,False,1.0,0.0,0.0,0.0,3.7463,False,False,0.3659
geolife,ooa,15,68,False,0.0,0.128,0.128,0.0,6.1076,True,False,0.0238
geolife,ooa,15,47,False,1.0,0.0,0.0,0.0,3.2178,False,False,0.2887
geolife,ooa,15,41,False,1.0,0.0,0.0,0.0,5.804,False,True,2.3286
geolife,ooa,15,8,False,0.0,0.02,0.02,0.0,4.5789,True,False,1.48
geolife,ooa,15,53,False,1.0,0.0,0.0,0.0,6.8978,False,False,0.847
geolife,ooa,15,57,False,1.0,0.0,0.0,0.0,6.0055,False,False,1.1798
geolife,ooa,15,3,False,1.0,0.0,0.0,0.0,5.5026,False,False,0.8325
geolife,ooa,15,71,False,1.0,0.0,0.0,0.0,6.0512,False,False,1.1393
geolife,ooa,15,7,False,1.0,0.0,0.0,0.0,6.3186,False,False,0.5379
geolife,ooa,15,43,False,1.0,0.0,0.0,0.0,5.2633,False,False,0.7103
geolife,ooa,15,34,False,0.0,0.032,0.032,0.0,5.0971,True,False,0.0174
geolife,ooa,15,36,True,1.0,0.0,0.0,0.0,5.0928,False,False,0.0254
geolife,ooa,15,80,True,1.0,0.0,0.0,0.0,4.2982,False,False,0.1397
geolife,ooa,15,97,True,1.0,0.0,0.0,0.0,7.9162,False,False,0.9799
geolife,ooa,15,95,True,0.0,0.018,0.018,0.0,8.4296,True,False,1.078
geolife,ooa,16,20,False,1.0,0.0,0.0,0.0,4.4695,False,False,0.5978
geolife,ooa,16,56,False,0.0,0.184,0.184,0.0,4.4737,True,False,0.9064
geolife,ooa,16,36,False,0.0,0.018,0.018,0.0,5.0547,True,False,0.3952
geolife,ooa,16,55,False,1.0,0.0,0.0,0.0,6.6266,False,False,1.0474
geolife,ooa,16,16,False,0.0,0.472,0.472,0.0,6.4315,True,False,1.0895
geolife,ooa,16,28,False,1.0,0.0,0.0,0.0,6.9429,False,False,1.5415
geolife,ooa,16,31,False,0.0,0.148,0.148,0.0,5.4666,True,False,0.4996
geolife,ooa,16,10,False,0.0,0.182,0.182,0.0,4.6727,True,False,1.0654
geolife,ooa,16,15,False,1.0,0.0,0.0,0.0,6.7143,False,False,1.4737
geolife,ooa,16,41,False,1.0,0.0,0.0,0.0,4.874,False,False,1.6365
geolife,ooa,16,75,False,0.0,0.418,0.418,0.0,6.1425,True,False,1.1223
geolife,ooa,16,54,False,1.0,0.0,0.0,0.0,3.9539,False,False,0.2518
geolife,ooa,16,6,False,0.0,0.08,0.08,0.0,4.9506,True,False,1.0645
geolife,ooa,16,58,False,1.0,0.0,0.0,0.0,2.8764,False,False,0.4836
geolife,ooa,16,17,False,0.0,0.184,0.184,0.0,5.8892,True,False,0.3814
geolife,ooa,16,7,False,1.0,0.0,0.0,0.0,6.506,False,False,1.3695
geolife,ooa,16,97,True,1.0,0.0,0.0,0.0,4.4536,False,False,0.4103
geolife,ooa,16,92,True,1.0,0.0,0.0,0.0,6.5854,False,False,1.4105
geolife,ooa,16,98,True,1.0,0.0,0.0,0.0,4.7403,False,False,0.5354
geolife,ooa,16,82,True,1.0,0.0,0.0,0.0,3.0782,False,False,0.7839
geolife,ooa,17,27,False,0.0,0.01,0.01,0.0,7.2524,True,False,1.2548
geolife,ooa,17,36,False,0.0,0.02,0.02,0.0,5.0987,True,False,0.4481
geolife,ooa,17,43,False,1.0,0.0,0.0,0.0,6.4443,False,False,1.0038
geolife,ooa,17,38,False,1.0,0.0,0.0,0.0,3.6366,False,False,1.0125
geolife,ooa,17,52,False,1.0,0.0,0.0,0.0,4.9943,False,False,0.1426
geolife,ooa,17,18,False,1.0,0.0,0.0,0.0,5.9607,False,False,0.8224
geolife,ooa,17,46,False,0.0,0.144,0.144,0.0,5.9756,True,False,0.4195
geolife,ooa,17,16,False,0.0,0.478,0.478,0.0,5.8179,True,False,1.313
geolife,ooa,17,24,False,1.0,0.0,0.0,0.0,5.0322,False,False,0.7941
geolife,ooa,17,58,False,1.0,0.0,0.0,0.0,3.1455,False,False,0.5658
geolife,ooa,17,73,False,0.0,1.0,1.0,0.0,6.9429,True,False,1.3803
geolife,ooa,17,65,False,0.0,1.0,1.0,0.0,5.7844,True,False,1.8603
geolife,ooa,17,1,False,0.0,0.414,0.414,0.0,5.2207,True,False,1.2432
geolife,ooa,17,19,False,1.0,0.0,0.0,0.0,5.245,False,False,0.8574
geolife,ooa,17,30,False,0.0,0.214,0.214,0.0,5.5849,True,False,0.5706
geolife,ooa,17,15,False,1.0,0.0,0.0,0.0,7.5596,False,False,1.6247
geolife,ooa,17,89,True,1.0,0.0,0.0,0.0,3.7274,False,False,0.9816
geolife,ooa,17,84,True,1.0,0.0,0.0,0.0,5.9413,False,False,0.7286
geolife,ooa,17,94,True,1.0,0.0,0.0,0.0,4.9842,False,False,0.726
geolife,ooa,17,85,True,0.0,0.246,0.246,0.0,6.4194,True,False,0.1053
geolife,ooa,18,13,False,1.0,0.0,0.0,0.0,6.2746,False,False,1.1965
geolife,ooa,18,48,False,1.0,0.0,0.0,0.0,8.3972,False,False,1.2255
geolife,ooa,18,64,False,0.0,1.0,1.0,0.0,8.5205,True,False,1.5121
geolife,ooa,18,12,False,1.0,0.0,0.0,0.0,5.9784,False,False,1.0857
geolife,ooa,18,52,False,1.0,0.0,0.0,0.0,3.933,False,False,0.2424
geolife,ooa,18,3,False,0.0,0.026,0.026,0.0,5.0904,True,False,1.5474
geolife,ooa,18,74,False,0.0,0.1,0.1,0.0,5.3164,True,False,1.5391
geolife,ooa,18,23,False,1.0,0.0,0.0,0.0,6.3558,False,False,1.2612
geolife,ooa,18,28,False,1.0,0.0,0.0,0.0,5.487,False,False,0.8427
geolife,ooa,18,71,False,0.0,0.004,0.004,0.0,5.3867,True,False,0.363
geolife,ooa,18,69,False,1.0,0.0,0.0,0.0,4.7015,False,False,0.2665
geolife,ooa,18,0,False,0.0,0.038,0.038,0.0,6.6371,True,False,0.1384
geolife,ooa,18,46,False,1.0,0.0,0.0,0.0,3.8144,False,False,0.8891
geolife,ooa,18,67,False,0.0,0.192,0.192,0.0,5.1591,True,False,1.3409
geolife,ooa,18,56,False,1.0,0.0,0.0,0.0,5.8596,False,False,1.0555
geolife,ooa,18,4,True,0.0,0.214,0.214,0.0,7.3779,True,False,0.4118
geolife,ooa,18,85,True,0.0,0.014,0.014,0.0,5.2314,True,False,0.0288
geolife,ooa,18,80,True,0.0,0.258,0.258,0.0,8.0533,True,False,0.0934
geolife,ooa,18,99,True,1.0,0.0,0.0,0.0,6.0918,False,False,1.1725
geolife,ooa,19,14,False,0.0,0.168,0.168,0.0,7.2879,True,False,0.569
geolife,ooa,19,77,False,1.0,0.0,0.0,0.0,6.5391,False,False,1.4109
geolife,ooa,19,31,False,0.0,0.178,0.178,0.0,5.3802,True,False,0.5916
geolife,ooa,19,1,False,0.0,0.396,0.396,0.0,5.7621,True,False,1.2816
geolife,ooa,19,33,False,1.0,0.0,0.0,0.0,3.2781,False,False,0.1734
geolife,ooa,19,50,False,1.0,0.0,0.0,0.0,6.3286,False,False,1.2789
geolife,ooa,19,62,False,1.0,0.0,0.0,0.0,4.0202,False,False,0.0119
geolife,ooa,19,35,False,1.0,0.0,0.0,0.0,5.1383,False,False,0.8002
geolife,ooa,19,76,False,0.0,0.104,0.104,0.0,6.1131,True,False,0.0923
geolife,ooa,19,24,False,1.0,0.0,0.0,0.0,4.5174,False,False,0.6992
geolife,ooa,19,58,False,1.0,0.0,0.0,0.0,3.2009,False,False,0.7406
geolife,ooa,19,6,False,0.0,0.078,0.078,0.0,5.0597,True,False,1.3155
geolife,ooa,19,37,False,0.0,0.042,0.042,0.0,4.1796,True,False,1.1014
geolife,ooa,19,39,False,1.0,0.0,0.0,0.0,7.027,False,False,1.5852
geolife,ooa,19,25,False,0.0,0.95,0.95,0.0,7.2136,True,False,1.3558
geolife,ooa,19,29,False,1.0,0.0,0.0,0.0,5.1597,False,False,0.7601
geolife,ooa,19,86,True,0.0,0.056,0.056,0.0,5.621,True,False,0.1428
geolife,ooa,19,98,True,1.0,0.0,0.0,0.0,4.7274,False,False,0.5885
geolife,ooa,19,96,True,1.0,0.0,0.0,0.0,4.589,False,False,1.8989
geolife,ooa,19,84,True,1.0,0.0,0.0,0.0,5.3801,False,False,0.7044
geolife,ooa,20,78,False,1.0,0.0,0.0,0.0,4.653,False,False,0.1384
geolife,ooa,20,31,False,0.0,0.218,0.218,0.0,4.4998,False,False,0.4523
geolife,ooa,20,59,False,0.0,0.038,0.038,0.0,3.21,False,False,0.9583
geolife,ooa,20,74,False,0.0,0.028,0.028,0.0,3.5358,False,False,1.055
geolife,ooa,20,28,False,1.0,0.0,0.0,0.0,7.7011,False,False,1.6714
geolife,ooa,20,49,False,1.0,0.0,0.0,0.0,3.2058,False,False,0.4631
geolife,ooa,20,6,False,0.0,0.08,0.08,0.0,4.0809,False,False,1.0105
geolife,ooa,20,70,False,1.0,0.0,0.0,0.0,3.1956,False,False,1.2623
geolife,ooa,20,44,False,0.0,0.106,0.106,0.0,4.2216,False,False,0.2497
geolife,ooa,20,43,False,0.0,0.006,0.006,0.0,7.0401,False,False,1.0879
geolife,ooa,20,60,False,1.0,0.0,0.0,0.0,8.4621,False,False,1.8013
geolife,ooa,20,22,False,0.0,0.152,0.152,0.0,2.8882,False,False,0.9868
geolife,ooa,20,26,False,0.0,0.198,0.198,0.0,3.8293,False,False,1.1692
geolife,ooa,20,36,False,0.0,0.02,0.02,0.0,5.0683,False,False,0.5078
geolife,ooa,20,25,False,0.0,0.918,0.918,0.0,5.8222,False,False,1.0631
geolife,ooa,20,63,False,0.0,0.09,0.09,0.0,5.7378,False,False,0.16
geolife,ooa,20,88,False,0.0,0.174,0.174,0.0,6.7385,False,False,0.8544
geolife,ooa,20,91,False,1.0,0.0,0.0,0.0,4.871,False,False,0.2245
geolife,ooa,20,83,False,0.0,0.034,0.034,0.0,8.8911,False,False,1.6702
geolife,ooa,20,94,False,1.0,0.0,0.0,0.0,5.1057,False,False,0.5543
geolife,ooa,21,23,False,0.0,0.102,0.102,0.0,5.3786,True,False,1.7257
geolife,ooa,21,29,False,1.0,0.0,0.0,0.0,5.8375,False,False,0.3046
geolife,ooa,21,50,False,1.0,0.0,0.0,0.0,6.2546,False,False,0.6376
geolife,ooa,21,51,False,1.0,0.0,0.0,0.0,4.6816,False,False,0.4592
geolife,ooa,21,43,False,1.0,0.0,0.0,0.0,6.1434,False,False,0.3821
geolife,ooa,21,33,False,1.0,0.0,0.0,0.0,3.244,False,False,0.6391
geolife,ooa,21,36,False,0.0,0.034,0.034,0.0,5.1448,True,False,0.2929
geolife,ooa,21,47,False,1.0,0.0,0.0,0.0,3.4607,False,False,0.2146
geolife,ooa,21,57,False,1.0,0.0,0.0,0.0,7.123,False,False,1.0804
geolife,ooa,21,65,False,0.0,1.0,1.0,0.0,7.0207,True,True,2.2085
geolife,ooa,21,31,False,0.0,0.098,0.098,0.0,5.9449,True,False,1.0284
geolife,ooa,21,60,False,1.0,0.0,0.0,0.0,7.5267,False,False,1.0192
geolife,ooa,21,28,False,1.0,0.0,0.0,0.0,7.1406,False,False,1.0927
geolife,ooa,21,64,False,0.0,1.0,1.0,0.0,8.4032,True,False,1.6676
geolife,ooa,21,42,False,0.0,0.002,0.002,0.0,6.1289,True,False,0.2778
geolife,ooa,21,27,False,0.0,0.004,0.004,0.0,8.4722,True,False,1.167
geolife,ooa,21,90,False,1.0,0.0,0.0,0.0,7.1676,False,False,1.0731
geolife,ooa,21,98,False,1.0,0.0,0.0,0.0,4.4786,False,False,0.0307
geolife,ooa,21,88,False,0.0,0.194,0.194,0.0,8.0586,True,False,0.3341
geolife,ooa,21,83,False,0.0,0.008,0.008,0.0,8.1785,True,False,0.898
geolife,ooa,22,17,False,0.0,0.21,0.21,0.0,5.7899,True,False,0.3826
geolife,ooa,22,47,False,1.0,0.0,0.0,0.0,3.5586,False,False,0.2388
geolife,ooa,22,24,False,1.0,0.0,0.0,0.0,4.5421,False,False,0.7994
geolife,ooa,22,62,False,0.0,0.036,0.036,0.0,4.1515,True,False,0.1534
geolife,ooa,22,46,False,0.0,0.126,0.126,0.0,6.4521,True,False,0.5419
geolife,ooa,22,52,False,1.0,0.0,0.0,0.0,4.3814,False,False,0.185
geolife,ooa,22,33,False,1.0,0.0,0.0,0.0,3.1295,False,False,0.2408
geolife,ooa,22,58,False,1.0,0.0,0.0,0.0,3.322,False,False,0.5692
geolife,ooa,22,3,False,1.0,0.0,0.0,0.0,6.8556,False,False,1.8087
geolife,ooa,22,5,False,1.0,0.0,0.0,0.0,3.7263,False,False,1.5542
geolife,ooa,22,70,False,0.0,0.45,0.45,0.0,6.1002,True,False,1.5165
geolife,ooa,22,2,False,0.0,0.15,0.15,0.0,3.7193,True,False,1.2457
geolife,ooa,22,22,False,1.0,0.0,0.0,0.0,4.8714,False,False,0.844
geolife,ooa,22,19,False,0.0,0.104,0.104,0.0,4.2973,True,False,1.3167
geolife,ooa,22,23,False,1.0,0.0,0.0,0.0,6.9926,False,False,1.8449
geolife,ooa,22,28,False,0.0,0.02,0.02,0.0,3.5215,True,False,1.0717
geolife,ooa,22,87,False,0.0,0.26,0.26,0.0,6.6639,True,False,0.2106
geolife,ooa,22,85,False,0.0,0.27,0.27,0.0,7.4783,True,False,0.5009
geolife,ooa,22,99,False,1.0,0.0,0.0,0.0,4.6952,False,False,0.7698
geolife,ooa,23,69,False,1.0,0.0,0.0,0.0,5.1789,False,False,0.0925
geolife,ooa,23,64,False,0.0,1.0,1.0,0.0,7.6747,True,False,1.3267
geolife,ooa,23,78,False,1.0,0.0,0.0,0.0,3.8551,False,False,0.018
geolife,ooa,23,79,False,1.0,0.0,0.0,0.0,3.129,False,False,1.0298
geolife,ooa,23,70,False,1.0,0.0,0.0,0.0,3.7542,False,False,1.615
geolife,ooa,23,57,False,1.0,0.0,0.0,0.0,6.6988,False,False,1.7351
geolife,ooa,23,14,False,0.0,0.104,0.104,0.0,7.0634,True,False,0.5017
geolife,ooa,23,47,False,1.0,0.0,0.0,0.0,3.2098,False,False,0.147
geolife,ooa,23,50,False,1.0,0.0,0.0,0.0,5.9116,False,False,1.2855
geolife,ooa,23,73,False,0.0,1.0,1.0,0.0,7.3704,True,False,1.4365
geolife,ooa,23,43,False,1.0,0.0,0.0,0.0,6.9081,False,False,1.1328
geolife,ooa,23,67,False,1.0,0.0,0.0,0.0,3.3292,False,False,0.6496
geolife,ooa,23,49,False,1.0,0.0,0.0,0.0,2.7929,False,False,0.6668
geolife,ooa,23,59,False,0.0,0.038,0.038,0.0,3.7595,True,False,1.2692
geolife,ooa,23,39,False,1.0,0.0,0.0,0.0,6.3989,False,False,1.6057
geolife,ooa,23,17,False,0.0,0.248,0.248,0.0,6.0461,True,False,0.4654
geolife,ooa,23,98,False,1.0,0.0,0.0,0.0,4.8905,False,False,0.6073
geolife,ooa,23,99,False,0.0,0.254,0.254,0.0,7.7886,True,False,0.3993
geolife,ooa,23,97,False,1.0,0.0,0.0,0.0,4.432,False,False,0.4204
geolife,ooa,23,94,False,1.0,0.0,0.0,0.0,4.6127,False,False,0.5497
geolife,ooa,24,45,False,1.0,0.0,0.0,0.0,5.5272,False,False,1.1829
geolife,ooa,24,66,False,0.0,0.004,0.004,0.0,8.0077,True,False,1.3423
geolife,ooa,24,15,False,1.0,0.0,0.0,0.0,6.2243,False,False,1.5231
geolife,ooa,24,78,False,1.0,0.0,0.0,0.0,3.3536,False,False,0.0334
geolife,ooa,24,41,False,1.0,0.0,0.0,0.0,4.4163,False,False,1.7313
geolife,ooa,24,69,False,0.0,0.002,0.002,0.0,5.3257,True,False,0.2861
geolife,ooa,24,33,False,1.0,0.0,0.0,0.0,3.2603,False,False,0.0856
geolife,ooa,24,49,False,1.0,0.0,0.0,0.0,3.087,False,False,0.6055
geolife,ooa,24,26,False,0.0,0.198,0.198,0.0,4.8493,True,False,1.2061
geolife,ooa,24,71,False,1.0,0.0,0.0,0.0,5.7008,False,False,1.2153
geolife,ooa,24,3,False,1.0,0.0,0.0,0.0,2.7331,False,False,0.8317
geolife,ooa,24,79,False,0.0,0.156,0.156,0.0,5.288,True,False,1.1271
geolife,ooa,24,72,False,0.0,0.022,0.022,0.0,3.8295,True,False,0.9146
geolife,ooa,24,8,False,0.0,0.004,0.004,0.0,5.4064,True,False,0.2897
geolife,ooa,24,36,False,1.0,0.0,0.0,0.0,3.4129,False,False,1.3376
geolife,ooa,24,70,False,0.0,0.226,0.226,0.0,7.3226,True,False,0.2771
geolife,ooa,24,93,False,0.0,0.004,0.004,0.0,5.1082,True,False,0.2216
geolife,ooa,24,80,False,1.0,0.0,0.0,0.0,4.5185,False,False,0.6571
geolife,ooa,24,84,False,0.0,0.014,0.014,0.0,8.0088,True,False,1.3653
geolife,ooa,25,0,False,1.0,0.0,0.0,0.0,5.0407,False,False,0.5427
geolife,ooa,25,20,False,1.0,0.0,0.0,0.0,5.215,False,False,0.7381
geolife,ooa,25,21,False,1.0,0.0,0.0,0.0,4.0067,False,False,0.1544
geolife,ooa,25,65,False,0.0,1.0,1.0,0.0,5.5511,False,False,1.5746
geolife,ooa,25,4,False,1.0,0.0,0.0,0.0,6.5275,False,False,1.5148
geolife,ooa,25,10,False,0.0,0.182,0.182,0.0,4.4353,False,False,1.043
geolife,ooa,25,11,False,1.0,0.0,0.0,0.0,3.9892,False,False,0.1462
geolife,ooa,25,29,False,1.0,0.0,0.0,0.0,5.8915,False,False,0.7972
geolife,ooa,25,38,False,1.0,0.0,0.0,0.0,2.7264,False,False,0.8314
geolife,ooa,25,56,False,0.0,0.202,0.202,0.0,4.0735,False,False,0.8766
geolife,ooa,25,17,False,0.0,0.2,0.2,0.0,5.469,False,False,0.2424
geolife,ooa,25,2,False,0.0,0.428,0.428,0.0,5.6519,False,False,1.219
geolife,ooa,25,15,False,1.0,0.0,0.0,0.0,6.6243,False,False,1.5582
geolife,ooa,25,77,False,1.0,0.0,0.0,0.0,6.3013,False,False,1.405
geolife,ooa,25,44,False,0.0,0.062,0.062,0.0,4.7883,False,False,0.2504
geolife,ooa,25,40,False,0.0,0.024,0.024,0.0,3.3291,False,False,1.0419
geolife,ooa,25,86,True,0.0,0.02,0.02,0.0,5.4306,False,False,0.3003
geolife,ooa,25,83,True,0.0,0.008,0.008,0.0,9.0074,False,False,1.6009
geolife,ooa,25,89,True,1.0,0.0,0.0,0.0,2.7445,False,False,0.8104
geolife,ooa,25,87,True,0.0,0.02,0.02,0.0,2.8881,False,False,0.8679
geolife,ooa,26,40,False,0.0,0.024,0.024,0.0,4.2111,True,False,1.3142
geolife,ooa,26,25,False,0.0,0.844,0.844,0.0,7.278,True,False,1.3532
geolife,ooa,26,76,False,0.0,0.114,0.114,0.0,5.8812,True,False,0.2689
geolife,ooa,26,6,False,0.0,0.06,0.06,0.0,5.2461,True,False,1.276
geolife,ooa,26,77,False,1.0,0.0,0.0,0.0,5.5588,False,False,1.2822
geolife,ooa,26,42,False,0.0,0.004,0.004,0.0,7.2263,True,False,1.0349
geolife,ooa,26,67,False,1.0,0.0,0.0,0.0,3.7995,False,False,0.7934
geolife,ooa,26,5,False,1.0,0.0,0.0,0.0,5.9291,False,False,1.4391
geolife,ooa,26,22,False,0.0,0.146,0.146,0.0,4.0646,True,False,1.2975
geolife,ooa,26,34,False,1.0,0.0,0.0,0.0,4.9091,False,False,0.9175
geolife,ooa,26,33,False,1.0,0.0,0.0,0.0,3.4209,False,False,0.2856
geolife,ooa,26,3,False,1.0,0.0,0.0,0.0,3.2246,False,False,0.1236
geolife,ooa,26,78,False,1.0,0.0,0.0,0.0,5.1224,False,False,1.0424
geolife,ooa,26,50,False,1.0,0.0,0.0,0.0,7.0599,False,False,0.7332
geolife,ooa,26,18,False,0.0,0.214,0.214,0.0,6.2324,True,False,0.4683
geolife,ooa,26,17,True,1.0,0.0,0.0,0.0,6.0652,False,False,1.5547
geolife,ooa,26,90,True,0.0,0.02,0.02,0.0,3.7629,True,False,1.1367
geolife,ooa,26,87,True,1.0,0.0,0.0,0.0,3.9668,False,False,0.3824
geolife,ooa,26,97,True,0.0,0.262,0.262,0.0,7.2306,True,False,0.0689
geolife,ooa,27,78,False,1.0,0.0,0.0,0.0,3.1484,False,False,0.0519
geolife,ooa,27,10,False,0.0,0.18,0.18,0.0,5.1839,True,False,1.1185
geolife,ooa,27,28,False,1.0,0.0,0.0,0.0,5.9746,False,False,1.4072
geolife,ooa,27,25,False,0.0,0.836,0.836,0.0,7.1027,True,False,1.1427
geolife,ooa,27,66,False,0.0,0.004,0.004,0.0,8.7644,True,False,1.3962
geolife,ooa,27,58,False,1.0,0.0,0.0,0.0,3.5102,False,False,0.6011
geolife,ooa,27,70,False,1.0,0.0,0.0,0.0,3.5798,False,False,1.3604
geolife,ooa,27,15,False,1.0,0.0,0.0,0.0,6.0914,False,False,1.4142
geolife,ooa,27,1,False,0.0,0.364,0.364,0.0,5.6521,True,False,1.1088
geolife,ooa,27,50,False,1.0,0.0,0.0,0.0,5.0462,False,False,0.9952
geolife,ooa,27,63,False,0.0,0.098,0.098,0.0,6.6589,True,False,0.098
geolife,ooa,27,45,False,1.0,0.0,0.0,0.0,5.2203,False,False,1.0458
geolife,ooa,27,31,False,0.0,0.124,0.124,0.0,5.809,True,False,0.5554
geolife,ooa,27,33,False,1.0,0.0,0.0,0.0,3.6607,False,False,0.2749
geolife,ooa,27,4,False,1.0,0.0,0.0,0.0,5.668,False,False,1.2611
geolife,ooa,27,46,False,0.0,0.118,0.118,0.0,6.8114,True,False,0.3125
geolife,ooa,27,94,True,1.0,0.0,0.0,0.0,4.9623,False,False,0.4966
geolife,ooa,27,82,True,1.0,0.0,0.0,0.0,2.5078,False,False,0.8817
geolife,ooa,27,96,True,1.0,0.0,0.0,0.0,3.9911,False,False,1.6248
geolife,ooa,27,97,True,1.0,0.0,0.0,0.0,4.093,False,False,0.4894
geolife,ooa,28,9,False,1.0,0.0,0.0,0.0,5.8104,False,False,1.2118
geolife,ooa,28,67,False,1.0,0.0,0.0,0.0,3.899,False,False,0.0303
geolife,ooa,28,76,False,0.0,0.18,0.18,0.0,5.3591,False,False,0.3416
geolife,ooa,28,70,False,1.0,0.0,0.0,0.0,2.9336,False,False,1.2111
geolife,ooa,28,2,False,0.0,0.41,0.41,0.0,5.096,False,False,1.1025
geolife,ooa,28,3,False,0.0,0.146,0.146,0.0,3.0054,False,False,0.8896
geolife,ooa,28,22,False,0.0,0.446,0.446,0.0,5.1875,False,False,0.9428
geolife,ooa,28,75,False,1.0,0.0,0.0,0.0,2.9842,False,False,0.2405
geolife,ooa,28,49,False,0.0,0.024,0.024,0.0,3.1622,False,False,0.8663
geolife,ooa,28,40,False,1.0,0.0,0.0,0.0,7.2069,False,True,2.109
geolife,ooa,28,7,False,1.0,0.0,0.0,0.0,3.4562,False,False,0.1472
geolife,ooa,28,33,False,0.0,0.002,0.002,0.0,7.1554,False,False,1.3514
geolife,ooa,28,18,False,0.0,0.044,0.044,0.0,3.114,False,False,0.6763
geolife,ooa,28,37,False,1.0,0.0,0.0,0.0,4.4505,False,False,0.4401
geolife,ooa,28,51,False,0.0,1.0,1.0,0.0,6.5146,False,False,0.8582
geolife,ooa,28,64,True,0.0,0.02,0.02,0.0,2.9457,False,False,0.6898
geolife,ooa,28,87,True,1.0,0.0,0.0,0.0,5.1248,False,False,0.6204
geolife,ooa,28,80,True,0.0,0.014,0.014,0.0,7.8007,False,False,1.8267
geolife,ooa,28,95,True,1.0,0.0,0.0,0.0,3.0809,False,False,0.6016
geolife,ooa,29,65,False,0.0,1.0,1.0,0.0,5.6546,True,False,1.5881
geolife,ooa,29,79,False,1.0,0.0,0.0,0.0,2.8343,False,False,0.781
geolife,ooa,29,66,False,1.0,0.0,0.0,0.0,7.8958,False,False,1.3846
geolife,ooa,29,49,False,1.0,0.0,0.0,0.0,2.8797,False,False,0.4977
geolife,ooa,29,54,False,1.0,0.0,0.0,0.0,3.7011,False,False,0.1728
geolife,ooa,29,4,False,1.0,0.0,0.0,0.0,6.4002,False,False,1.5314
geolife,ooa,29,58,False,1.0,0.0,0.0,0.0,3.1153,False,False,0.3667
geolife,ooa,29,78,False,1.0,0.0,0.0,0.0,3.8741,False,False,0.1389
geolife,ooa,29,41,False,1.0,0.0,0.0,0.0,4.1581,False,False,1.7063
geolife,ooa,29,69,False,0.0,0.004,0.004,0.0,5.0684,True,False,0.2215
geolife,ooa,29,67,False,1.0,0.0,0.0,0.0,3.1853,False,False,0.4735
geolife,ooa,29,36,False,0.0,0.018,0.018,0.0,5.0082,True,False,0.3887
geolife,ooa,29,28,False,1.0,0.0,0.0,0.0,6.649,False,False,1.6723
geolife,ooa,29,73,False,0.0,1.0,1.0,0.0,6.8449,True,False,1.1235
geolife,ooa,29,61,False,1.0,0.0,0.0,0.0,6.6747,False,False,1.6645
geolife,ooa,29,59,False,0.0,0.026,0.026,0.0,3.5421,True,False,0.9472
geolife,ooa,29,89,True,1.0,0.0,0.0,0.0,2.7971,False,False,0.8041
geolife,ooa,29,80,True,0.0,0.002,0.002,0.0,4.9457,True,False,0.3569
geolife,ooa,29,99,True,0.0,0.246,0.246,0.0,7.9333,True,False,0.5396
geolife,ooa,29,85,True,0.0,0.268,0.268,0.0,6.7935,True,False,0.2169
